file_path,image_url,country,activity,sub_activity,prompt_language,prompt_text,english_prompt,clipscore
images/BRAZIL/celebration/Carnival/translated/1.jpg,https://s2.static.brasilescola.uol.com.br/be/2020/01/sambodromo.jpg,BRAZIL,celebration,Carnival,translated,pessoas participando do Carnaval no Brasil,people participating in Carnival in Brazil,0.8571
images/BRAZIL/celebration/Carnival/translated/4.jpg,https://imagens.ebc.com.br/yLrHAjBnisfd7e0X4UJ8eF9wIe8=/1170x700/smart/https://agenciabrasil.ebc.com.br/sites/default/files/atoms/image/1104037-ffrazao_edit_07011807045.jpg?itok=1JAgjXc1,BRAZIL,celebration,Carnival,translated,pessoas participando do Carnaval no Brasil,people participating in Carnival in Brazil,0.8492
images/BRAZIL/celebration/Carnival/english/1.jpg,https://dims.apnews.com/dims4/default/b00d926/2147483647/strip/true/crop/3000x2067+0+0/resize/599x413!/quality/90/?url=https%3A%2F%2Fstorage.googleapis.com%2Fafs-prod%2Fmedia%2F36a492291a2a428885cc0eebc13dbd69%2F3000.jpeg,BRAZIL,celebration,Carnival,english,people participating in Carnival in Brazil,people participating in Carnival in Brazil,0.8168
images/BRAZIL/celebration/Carnival/translated/10.jpg,https://static.itdg.com.br/images/640-auto/1d10e174bfdeb15fca5010ddfed0e1c9/primeiro-dia-de-desfiles-credito-rogerio-santana.jpg,BRAZIL,celebration,Carnival,translated,pessoas participando do Carnaval no Brasil,people participating in Carnival in Brazil,0.8151
images/BRAZIL/celebration/Carnival/translated/6.jpg,https://blog.123milhas.com/wp-content/uploads/2023/01/conheca-os-principais-carnavais-do-Brasil-bonecos-gigantes-de-olinda-conexao123.jpg,BRAZIL,celebration,Carnival,translated,pessoas participando do Carnaval no Brasil,people participating in Carnival in Brazil,0.8093
images/BRAZIL/celebration/Festa Junina/translated/9.jpg,https://s3.static.brasilescola.uol.com.br/be/2024/05/quadrilha-vestimenta.jpg,BRAZIL,celebration,Festa Junina,translated,pessoas participando da Festa Junina no Brasil,people participating in Festa Junina in Brazil,0.843
images/BRAZIL/celebration/Festa Junina/translated/4.jpg,https://colegioprigule.com.br/blog/wp-content/uploads/2024/06/11.06-Festa-Junina-930-1024x683.jpg,BRAZIL,celebration,Festa Junina,translated,pessoas participando da Festa Junina no Brasil,people participating in Festa Junina in Brazil,0.7917
images/BRAZIL/celebration/Festa Junina/english/7.jpg,https://thelanguagegarage.com/wp-content/uploads/2025/05/festas-juninas-Sao_Joao_no_Pelourinho_2.jpg,BRAZIL,celebration,Festa Junina,english,people participating in Festa Junina in Brazil,people participating in Festa Junina in Brazil,0.7869
images/BRAZIL/celebration/Festa Junina/translated/1.jpg,https://pastoraldacrianca.org.br/images/temas/1290-prevencao-de-acidentes/1290-festa-junina-entrevista.jpg,BRAZIL,celebration,Festa Junina,translated,pessoas participando da Festa Junina no Brasil,people participating in Festa Junina in Brazil,0.7745
images/BRAZIL/celebration/Festa Junina/english/4.jpg,https://visitbrasil.com/wp-content/uploads/2024/02/festas-juninas-12.jpg,BRAZIL,celebration,Festa Junina,english,people participating in Festa Junina in Brazil,people participating in Festa Junina in Brazil,0.7689
images/BRAZIL/celebration/Independence Day/english/8.jpg,https://www.qgazette.com/wp-content/uploads/images/2003-09-03/001p1_xlg.jpg,BRAZIL,celebration,Independence Day,english,people participating in Independence Day in Brazil,people participating in Independence Day in Brazil,0.8227
images/BRAZIL/celebration/Independence Day/translated/8.jpg,https://vozolimpiense.com.br/wp-content/uploads/2019/09/Desfile-da-Independencia-9.jpg,BRAZIL,celebration,Independence Day,translated,pessoas participando do Dia da Independência no Brasil,people participating in Independence Day in Brazil,0.7932
images/BRAZIL/celebration/Independence Day/english/4.jpg,https://static.independent.co.uk/2021/09/07/15/PRI198411135.jpg,BRAZIL,celebration,Independence Day,english,people participating in Independence Day in Brazil,people participating in Independence Day in Brazil,0.793
images/BRAZIL/celebration/Independence Day/english/3.jpg,https://worldkings.org/Userfiles/Upload/images/Brazil4.jpg,BRAZIL,celebration,Independence Day,english,people participating in Independence Day in Brazil,people participating in Independence Day in Brazil,0.7925
images/BRAZIL/celebration/Independence Day/english/6.jpg,https://idsb.tmgrup.com.tr/ly/uploads/images/2021/09/08/142874.jpg,BRAZIL,celebration,Independence Day,english,people participating in Independence Day in Brazil,people participating in Independence Day in Brazil,0.7889
images/BRAZIL/celebration/New Year Réveillon/translated/9.jpg,https://uploads.metroimg.com/wp-content/uploads/2022/01/01002234/9c177331-273e-4f7f-8e34-7eb11db4033f.jpg,BRAZIL,celebration,New Year (Réveillon),translated,pessoas participando do Réveillon no Brasil,people participating in New Year (Réveillon) in Brazil,0.9227
images/BRAZIL/celebration/New Year Réveillon/translated/7.jpg,https://www.blogvambora.com.br/wp-content/uploads/2010/12/4234161798_4f5ab1ce6c_z.jpg,BRAZIL,celebration,New Year (Réveillon),translated,pessoas participando do Réveillon no Brasil,people participating in New Year (Réveillon) in Brazil,0.8685
images/BRAZIL/celebration/New Year Réveillon/english/7.jpg,https://cdn.guardian.ng/wp-content/uploads/2020/07/000_1VR6TC.jpg,BRAZIL,celebration,New Year (Réveillon),english,people participating in New Year (Réveillon) in Brazil,people participating in New Year (Réveillon) in Brazil,0.8481
images/BRAZIL/celebration/New Year Réveillon/english/5.jpg,https://caminhoslanguages.com/wp-content/uploads/2020/12/New-Years-Eve-in-Brazil.jpg,BRAZIL,celebration,New Year (Réveillon),english,people participating in New Year (Réveillon) in Brazil,people participating in New Year (Réveillon) in Brazil,0.8335
images/BRAZIL/celebration/New Year Réveillon/english/2.jpg,https://aldianews.com/sites/default/files/articles/13710729.jpg,BRAZIL,celebration,New Year (Réveillon),english,people participating in New Year (Réveillon) in Brazil,people participating in New Year (Réveillon) in Brazil,0.8269
images/BRAZIL/celebration/Parintins Folklore Festival/english/1.jpg,https://www.aluxurytravelblog.com/wp-content/uploads/2015/09/Parintins.jpg,BRAZIL,celebration,Parintins Folklore Festival,english,people participating in Parintins Folklore Festival in Brazil,people participating in Parintins Folklore Festival in Brazil,0.7571
images/BRAZIL/celebration/Parintins Folklore Festival/translated/4.jpg,https://territorios.com.br/wp-content/uploads/2013/08/parintins-amazonas-IMG_5275-690x460.jpg,BRAZIL,celebration,Parintins Folklore Festival,translated,pessoas participando do Festival Folclórico de Parintins no Brasil,people participating in Parintins Folklore Festival in Brazil,0.7567
images/BRAZIL/celebration/Parintins Folklore Festival/english/8.jpg,https://blogger.googleusercontent.com/img/b/R29vZ2xl/AVvXsEj-Y-FAlvKjYsq8MzsK7DDqzGFK-zFYt0oJfIUr5Fp_2zfFGOItsElfIzyMl32FWZnStNKZdR_pojnPc2cIcBmgzaGRuPjmCnICyntl1gQTvPuBWrAHHMkIF_tO9pXq3ExbrdojYfCjTM4/s1600/boi-bumba.jpg,BRAZIL,celebration,Parintins Folklore Festival,english,people participating in Parintins Folklore Festival in Brazil,people participating in Parintins Folklore Festival in Brazil,0.7559
images/BRAZIL/celebration/Parintins Folklore Festival/translated/10.jpg,https://www.blogvambora.com.br/wp-content/uploads/2013/11/BoiGarantido_FestivaldeParintins.jpg,BRAZIL,celebration,Parintins Folklore Festival,translated,pessoas participando do Festival Folclórico de Parintins no Brasil,people participating in Parintins Folklore Festival in Brazil,0.7292
images/BRAZIL/celebration/Parintins Folklore Festival/english/5.jpg,https://www.theinsidecabin.com/wp-content/uploads/2024/01/finale.jpg,BRAZIL,celebration,Parintins Folklore Festival,english,people participating in Parintins Folklore Festival in Brazil,people participating in Parintins Folklore Festival in Brazil,0.7268
images/BRAZIL/celebration/celebration/translated/10.jpg,"https://static.wixstatic.com/media/954288_91978a31c1e7412db9a4d393891943d8~mv2.jpg/v1/fill/w_776,h_344,al_c,q_80,usm_0.66_1.00_0.01,enc_auto/954288_91978a31c1e7412db9a4d393891943d8~mv2.jpg",BRAZIL,celebration,celebration,translated,pessoas participando de um festival ou celebração tradicional no Brasil,people participating in a traditional festival or observance in Brazil,0.8439
images/BRAZIL/celebration/celebration/english/2.jpg,https://caminhoslanguages.com/wp-content/uploads/2020/06/main-festivals-in-brazil-1.jpg,BRAZIL,celebration,celebration,english,people participating in a traditional festival or observance in Brazil,people participating in a traditional festival or observance in Brazil,0.7972
images/BRAZIL/celebration/celebration/translated/4.jpeg,https://s2-redeglobo.glbimg.com/taioHnBKO6YYTB6gNuJypbFbRQ4=/1200x/smart/filters:cover():strip_icc()/i.s3.glbimg.com/v1/AUTH_e84042ef78cb4708aeebdf1c68c6cbd6/internal_photos/bs/2019/j/O/gDBROrSl2Qncnk4YyZ6w/whatsapp-image-2019-09-13-at-17.31.46.jpeg,BRAZIL,celebration,celebration,translated,pessoas participando de um festival ou celebração tradicional no Brasil,people participating in a traditional festival or observance in Brazil,0.7912
images/BRAZIL/celebration/celebration/english/10.jpg,https://oxfordre.com/latinamericanhistory/doc/10.1093/acrefore/9780199366439.001.0001/acrefore-9780199366439-e-1049-graphic-010-full.jpg,BRAZIL,celebration,celebration,english,people participating in a traditional festival or observance in Brazil,people participating in a traditional festival or observance in Brazil,0.7834
images/BRAZIL/celebration/celebration/translated/3.jpg,https://visitbrasil.com/wp-content/uploads/2024/02/festas-juninas-12.jpg,BRAZIL,celebration,celebration,translated,pessoas participando de um festival ou celebração tradicional no Brasil,people participating in a traditional festival or observance in Brazil,0.7648
images/BRAZIL/concert/concert/english/1.jpg,https://pyxis.nymag.com/v1/imgs/d45/c3c/10b00881a5353d8f094ec045633aefead3-gaga-rio.1x.rsquare.w1400.jpg,BRAZIL,concert,concert,english,concert in Brazil,concert in Brazil,0.779
images/BRAZIL/concert/concert/translated/9.jpg,https://cultura.uol.com.br/upload/tvcultura/entretenimento/20241008214701_28a3b07b0ed37886b38b5577866e280e75f34d926c93b2b9f1a3cdbc77cbe6fc-1-.jpg,BRAZIL,concert,concert,translated,concerto no Brasil,concert in Brazil,0.7605
images/BRAZIL/concert/concert/english/8.jpg,https://www.brazilreports.com/wp-content/uploads/2024/05/show-madonna.jpg,BRAZIL,concert,concert,english,concert in Brazil,concert in Brazil,0.7584
images/BRAZIL/concert/concert/translated/6.jpg,http://onthelist.com.br/uploads/2016/03/2011.jpg,BRAZIL,concert,concert,translated,concerto no Brasil,concert in Brazil,0.7526
images/BRAZIL/concert/concert/translated/5.jpg,https://i.ytimg.com/vi/x020idQCNgI/hq720.jpg?sqp=-oaymwEhCK4FEIIDSFryq4qpAxMIARUAAAAAGAElAADIQj0AgKJD&amp;rs=AOn4CLDzAAoaNiWMnk3OLZDAFYp2HXH1uA,BRAZIL,concert,concert,translated,concerto no Brasil,concert in Brazil,0.7437
images/BRAZIL/concert/indoor/english/7.jpg,https://offloadmedia.feverup.com/saopaulosecreto.com/wp-content/uploads/2021/09/16043956/Sala_Sao_Paulo_16627058179-1024x757.jpg,BRAZIL,concert,indoor,english,indoor concert in Brazil,indoor concert in Brazil,0.7067
images/BRAZIL/concert/indoor/english/4.jpg,https://theviolinchannel.com/wp-content/uploads/2024/12/CCR-Arts-Station.jpg,BRAZIL,concert,indoor,english,indoor concert in Brazil,indoor concert in Brazil,0.6913
images/BRAZIL/concert/indoor/english/8.jpg,https://www.riotimesonline.com/wp-content/uploads/2013/07/OSB-no-Municipal_cr%C3%A9dito-Rog%C3%A9rio-Resende_reduzido_0.jpg,BRAZIL,concert,indoor,english,indoor concert in Brazil,indoor concert in Brazil,0.6895
images/BRAZIL/concert/indoor/english/6.jpg,http://thebrazilbusiness.com/www/images/media/700_394/1041563429039.jpg,BRAZIL,concert,indoor,english,indoor concert in Brazil,indoor concert in Brazil,0.6876
images/BRAZIL/concert/indoor/english/2.jpeg,https://eventflare.ams3.digitaloceanspaces.com/eventflare.io/44398f6ea7acac82b6cbe993fb774f83.jpeg,BRAZIL,concert,indoor,english,indoor concert in Brazil,indoor concert in Brazil,0.6845
images/BRAZIL/concert/outdoor/english/6.jpg,https://metro.co.uk/wp-content/uploads/2024/05/SEC_202733209-254b.jpg?quality=90&amp;strip=all&amp;w=646,BRAZIL,concert,outdoor,english,outdoor concert in Brazil,outdoor concert in Brazil,0.7206
images/BRAZIL/concert/outdoor/translated/6.jpg,https://i.ytimg.com/vi/TinHRdB7C_c/maxresdefault.jpg,BRAZIL,concert,outdoor,translated,concerto ao ar livre no Brasil,outdoor concert in Brazil,0.7194
images/BRAZIL/concert/outdoor/translated/3.jpg,https://www.parana.pr.gov.br/sites/default/arquivos_restritos/files/imagem/2025-07/orquestra_mon_foto_rdziura-0694.jpg,BRAZIL,concert,outdoor,translated,concerto ao ar livre no Brasil,outdoor concert in Brazil,0.7193
images/BRAZIL/concert/outdoor/english/4.jpg,https://gdb.voanews.com/01000000-0aff-0242-e794-08dc6de46221_w408_r0_s.jpg,BRAZIL,concert,outdoor,english,outdoor concert in Brazil,outdoor concert in Brazil,0.6982
images/BRAZIL/concert/outdoor/translated/5.jpg,http://cidadedasartes.rio.rj.gov.br/uploads/eventos/960x495_09fae49f1c6ef2b991855da8c9a1d906.jpg,BRAZIL,concert,outdoor,translated,concerto ao ar livre no Brasil,outdoor concert in Brazil,0.6933
images/BRAZIL/dancing/Brazilian Zouk/translated/8.jpg,https://cdn.shopify.com/s/files/1/1500/0910/files/2_480x480.jpg?v=1620731565,BRAZIL,dancing,Brazilian Zouk,translated,casal dançando zouk brasileiro no Brasil,couple dancing Brazilian Zouk in Brazil,0.7954
images/BRAZIL/dancing/Brazilian Zouk/translated/1.jpg,https://i.ytimg.com/vi/bC8GeVQKl3I/maxresdefault.jpg,BRAZIL,dancing,Brazilian Zouk,translated,casal dançando zouk brasileiro no Brasil,couple dancing Brazilian Zouk in Brazil,0.7948
images/BRAZIL/dancing/Brazilian Zouk/english/3.jpg,https://images.squarespace-cdn.com/content/v1/6084c18908bee1790f9ff4af/1619316365585-IECZTX7G6JPBXQ2AJJYC/Brazilian-zouk-sunset-beach-1024x683.jpg,BRAZIL,dancing,Brazilian Zouk,english,couple dancing Brazilian Zouk in Brazil,couple dancing Brazilian Zouk in Brazil,0.7764
images/BRAZIL/dancing/Brazilian Zouk/english/8.jpg,https://beta.wikidancesport.com/wp-content/uploads/2025/07/Zouk-3.jpg,BRAZIL,dancing,Brazilian Zouk,english,couple dancing Brazilian Zouk in Brazil,couple dancing Brazilian Zouk in Brazil,0.7639
images/BRAZIL/dancing/Brazilian Zouk/translated/3.jpg,https://cdn.shopify.com/s/files/1/1500/0910/files/Banner_89876a02-c6df-44a4-815d-6f35d8983bc1.jpg?v=1620731048,BRAZIL,dancing,Brazilian Zouk,translated,casal dançando zouk brasileiro no Brasil,couple dancing Brazilian Zouk in Brazil,0.7491
images/BRAZIL/dancing/Carimbó/translated/7.jpg,https://i.ytimg.com/vi/ViAUEnRUydE/hq720.jpg?sqp=-oaymwEhCK4FEIIDSFryq4qpAxMIARUAAAAAGAElAADIQj0AgKJD&amp;rs=AOn4CLCvZ-LhhWZAjzqzwsw0XEc4xcwv-g,BRAZIL,dancing,Carimbó,translated,pessoas dançando carimbó no Brasil,people dancing Carimbó in Brazil,0.8639
images/BRAZIL/dancing/Carimbó/translated/9.jpg,https://vault.pulsarimagens.com.br/file/preview/32RC615.jpg,BRAZIL,dancing,Carimbó,translated,pessoas dançando carimbó no Brasil,people dancing Carimbó in Brazil,0.8386
images/BRAZIL/dancing/Carimbó/translated/1.jpg,https://assets.brasildefato.com.br/2024/09/image_processing20200201-29235-qme80e.jpg,BRAZIL,dancing,Carimbó,translated,pessoas dançando carimbó no Brasil,people dancing Carimbó in Brazil,0.8169
images/BRAZIL/dancing/Carimbó/english/4.jpg,"https://static.wixstatic.com/media/43334b_b4c612e068ae48a8b863f14e98df8e3b~mv2.jpg/v1/fill/w_640,h_700,al_c,q_85,usm_0.66_1.00_0.01,enc_avif,quality_auto/43334b_b4c612e068ae48a8b863f14e98df8e3b~mv2.jpg",BRAZIL,dancing,Carimbó,english,people dancing Carimbó in Brazil,people dancing Carimbó in Brazil,0.8144
images/BRAZIL/dancing/Carimbó/translated/6.png,https://sme.goiania.go.gov.br/conexaoescola/wp-content/uploads/2022/06/Capa-ok-3-1-e1713188225464.png,BRAZIL,dancing,Carimbó,translated,pessoas dançando carimbó no Brasil,people dancing Carimbó in Brazil,0.806
images/BRAZIL/dancing/Forró/translated/2.jpg,https://i.ytimg.com/vi/B_RMN4qS_IE/hq720.jpg?sqp=-oaymwEhCK4FEIIDSFryq4qpAxMIARUAAAAAGAElAADIQj0AgKJD&amp;rs=AOn4CLBFc-5pkkQXVtvJ_PPDzEoKdXqLyg,BRAZIL,dancing,Forró,translated,pessoas dançando forró no Brasil,people dancing Forró in Brazil,0.8907
images/BRAZIL/dancing/Forró/english/1.jpg,https://i.ytimg.com/vi/t7eej0eHuio/maxresdefault.jpg,BRAZIL,dancing,Forró,english,people dancing Forró in Brazil,people dancing Forró in Brazil,0.8409
images/BRAZIL/dancing/Forró/translated/9.jpg,https://i.ytimg.com/vi/mMJCKvKU43E/hq720.jpg?sqp=-oaymwEhCK4FEIIDSFryq4qpAxMIARUAAAAAGAElAADIQj0AgKJD&amp;rs=AOn4CLDmeYFg4f6UDt4Whfd5cQEw69fwsA,BRAZIL,dancing,Forró,translated,pessoas dançando forró no Brasil,people dancing Forró in Brazil,0.8191
images/BRAZIL/dancing/Forró/translated/3.png,https://www.gov.br/turismo/pt-br/assuntos/noticias/forro-um-ritmo-que-embala-historias-pelo-brasil/MTur.png/@@images/fa2b085a-276d-403f-b838-098479866843.png,BRAZIL,dancing,Forró,translated,pessoas dançando forró no Brasil,people dancing Forró in Brazil,0.8044
images/BRAZIL/dancing/Forró/english/5.jpg,https://bailandojourney.com/wp-content/uploads/2017/04/IMG_1336.jpg,BRAZIL,dancing,Forró,english,people dancing Forró in Brazil,people dancing Forró in Brazil,0.7716
images/BRAZIL/dancing/Frevo/english/4.jpg,https://i.ytimg.com/vi/o-D-20j-WHo/sddefault.jpg,BRAZIL,dancing,Frevo,english,people dancing Frevo in Brazil,people dancing Frevo in Brazil,0.8424
images/BRAZIL/dancing/Frevo/english/5.jpg,https://i.ytimg.com/vi/GIErtA0MTTs/hq720.jpg?sqp=-oaymwEhCK4FEIIDSFryq4qpAxMIARUAAAAAGAElAADIQj0AgKJD&amp;rs=AOn4CLDhcVN-hg7XLjnWMb-HKUkMDoyX2A,BRAZIL,dancing,Frevo,english,people dancing Frevo in Brazil,people dancing Frevo in Brazil,0.8371
images/BRAZIL/dancing/Frevo/translated/3.jpg,https://i.ytimg.com/vi/d0hweRxDZrY/hqdefault.jpg?sqp=-oaymwEmCOADEOgC8quKqQMa8AEB-AHUBoAC4AOKAgwIABABGGUgXChSMA8=&amp;rs=AOn4CLCGlPsta5dQmSQ5WkWCMctcjf5IEQ,BRAZIL,dancing,Frevo,translated,pessoas dançando frevo no Brasil,people dancing Frevo in Brazil,0.8263
images/BRAZIL/dancing/Frevo/translated/5.jpg,https://www.salgueiro.pe.gov.br/20250210-01/foto-02.jpg,BRAZIL,dancing,Frevo,translated,pessoas dançando frevo no Brasil,people dancing Frevo in Brazil,0.8057
images/BRAZIL/dancing/Frevo/english/9.jpg,https://i.ytimg.com/vi/rFRif0yCoS8/hqdefault.jpg,BRAZIL,dancing,Frevo,english,people dancing Frevo in Brazil,people dancing Frevo in Brazil,0.7909
images/BRAZIL/dancing/Lambada/english/1.jpg,https://bailandojourney.com/wp-content/uploads/2017/04/IMG_8743-1.jpg,BRAZIL,dancing,Lambada,english,couple dancing Lambada in Brazil,couple dancing Lambada in Brazil,0.8865
images/BRAZIL/dancing/Lambada/english/3.jpg,https://www.researchgate.net/publication/374879508/figure/fig2/AS:11431281200413482@1697891681734/Carimbo-left-and-Lambada-right-Source-BZDC-2021.jpg,BRAZIL,dancing,Lambada,english,couple dancing Lambada in Brazil,couple dancing Lambada in Brazil,0.8358
images/BRAZIL/dancing/Lambada/english/10.jpg,https://bailandojourney.com/wp-content/uploads/2017/04/IMG_1336.jpg,BRAZIL,dancing,Lambada,english,couple dancing Lambada in Brazil,couple dancing Lambada in Brazil,0.8163
images/BRAZIL/dancing/Lambada/translated/1.jpg,https://i.ytimg.com/vi/eN7tVJT_EE8/maxresdefault.jpg,BRAZIL,dancing,Lambada,translated,casal dançando lambada no Brasil,couple dancing Lambada in Brazil,0.8026
images/BRAZIL/dancing/Lambada/english/5.jpg,https://images.squarespace-cdn.com/content/v1/6084c18908bee1790f9ff4af/1619316365585-IECZTX7G6JPBXQ2AJJYC/Brazilian-zouk-sunset-beach-1024x683.jpg,BRAZIL,dancing,Lambada,english,couple dancing Lambada in Brazil,couple dancing Lambada in Brazil,0.7846
images/BRAZIL/dancing/Samba/english/3.jpg,https://i.ytimg.com/vi/HiAG-52hAiA/hq720.jpg?sqp=-oaymwEhCK4FEIIDSFryq4qpAxMIARUAAAAAGAElAADIQj0AgKJD&amp;rs=AOn4CLBssipl49jZshutLcwER-xc2bTD3g,BRAZIL,dancing,Samba,english,people dancing Samba in Brazil,people dancing Samba in Brazil,0.8368
images/BRAZIL/dancing/Samba/translated/4.jpg,https://m.vitoria.es.gov.br/recursos/imagens/banco/2013/01/23/30989/normal@2x.jpg,BRAZIL,dancing,Samba,translated,pessoas dançando samba no Brasil,people dancing Samba in Brazil,0.8363
images/BRAZIL/dancing/Samba/english/8.jpg,https://thehoya.com/wp-content/uploads/2014/07/samba-classes-rio-by-ascom-riotur.jpg,BRAZIL,dancing,Samba,english,people dancing Samba in Brazil,people dancing Samba in Brazil,0.8134
images/BRAZIL/dancing/Samba/translated/10.jpg,https://s1.static.brasilescola.uol.com.br/be/2020/11/tamborim.jpg,BRAZIL,dancing,Samba,translated,pessoas dançando samba no Brasil,people dancing Samba in Brazil,0.8102
images/BRAZIL/dancing/Samba/english/10.jpg,https://media.tacdn.com/media/attractions-splice-spp-360x240/14/ca/58/d5.jpg,BRAZIL,dancing,Samba,english,people dancing Samba in Brazil,people dancing Samba in Brazil,0.8073
images/BRAZIL/dancing/dancing/translated/7.jpg,https://vault.pulsarimagens.com.br/file/preview/32RC615.jpg,BRAZIL,dancing,dancing,translated,pessoas dançando no Brasil,people dancing in Brazil,0.7853
images/BRAZIL/dancing/dancing/english/7.jpg,https://thehoya.com/wp-content/uploads/2014/07/samba-classes-rio-by-ascom-riotur.jpg,BRAZIL,dancing,dancing,english,people dancing in Brazil,people dancing in Brazil,0.7696
images/BRAZIL/dancing/dancing/english/10.jpg,http://www.dance-enthusiast.com/images/features_large/Brazil.jpg,BRAZIL,dancing,dancing,english,people dancing in Brazil,people dancing in Brazil,0.7567
images/BRAZIL/dancing/dancing/english/2.jpg,"https://img.redbull.com/images/q_auto,f_auto/redbullcom/2014/07/01/1331662508337_2/ginga-%E2%80%93-the-brazilian-lifestyle.jpg",BRAZIL,dancing,dancing,english,people dancing in Brazil,people dancing in Brazil,0.7379
images/BRAZIL/dancing/dancing/english/9.jpg,"https://static.wixstatic.com/media/252749_74744192e1604ad5a6af40745723b2fb~mv2.jpg/v1/fill/w_640,h_360,fp_0.50_0.50,lg_1,q_80,enc_auto/252749_74744192e1604ad5a6af40745723b2fb~mv2.jpg",BRAZIL,dancing,dancing,english,people dancing in Brazil,people dancing in Brazil,0.7375
images/BRAZIL/eating/eating/translated/1.jpg,https://i.ytimg.com/vi/5yY4vQbrW1Q/maxresdefault.jpg,BRAZIL,eating,eating,translated,pessoas comendo comida no Brasil,people eating food in Brazil,0.7667
images/BRAZIL/eating/eating/english/7.jpg,http://www.maria-brazil.org/newimages/eatingwithforkandknife.jpg,BRAZIL,eating,eating,english,people eating food in Brazil,people eating food in Brazil,0.7632
images/BRAZIL/eating/eating/english/4.jpeg,"https://substackcdn.com/image/fetch/$s_!Tb1L!,f_auto,q_auto:good,fl_progressive:steep/https%3A%2F%2Fsubstack-post-media.s3.amazonaws.com%2Fpublic%2Fimages%2Fc7d9d432-d41c-4f19-8b57-cd72b0d7b5f8_1320x896.jpeg",BRAZIL,eating,eating,english,people eating food in Brazil,people eating food in Brazil,0.7615
images/BRAZIL/eating/eating/translated/2.jpeg,https://www.gov.br/mds/pt-br/noticias-e-conteudos/desenvolvimento-social/noticias-desenvolvimento-social/inseguranca-alimentar-no-brasil-cai-30-e-13-milhoes-de-pessoas-deixaram-de-passar-fome-no-brasil/53561783933_cc839022b3_k.jpg/@@images/6cf4a03b-f1d3-4b4e-8598-005fec3c0d1d.jpeg,BRAZIL,eating,eating,translated,pessoas comendo comida no Brasil,people eating food in Brazil,0.7542
images/BRAZIL/eating/eating/english/3.jpg,https://www.globalgiving.org/pfil/32688/pict_large.jpg,BRAZIL,eating,eating,english,people eating food in Brazil,people eating food in Brazil,0.7533
images/BRAZIL/eating/home/english/6.jpg,https://i.natgeofe.com/n/596d9087-54bf-469e-8f9d-432ee59917ee/covid-19-favela-domestic-workers-eating-breakfast.jpg,BRAZIL,eating,home,english,people eating food at home in Brazil,people eating food at home in Brazil,0.8151
images/BRAZIL/eating/home/english/9.jpg,http://www.maria-brazil.org/newimages/eatingwithforkandknife.jpg,BRAZIL,eating,home,english,people eating food at home in Brazil,people eating food at home in Brazil,0.7451
images/BRAZIL/eating/home/translated/2.jpg,https://i.ytimg.com/vi/DBTv_HCVzso/hq720.jpg?sqp=-oaymwEhCK4FEIIDSFryq4qpAxMIARUAAAAAGAElAADIQj0AgKJD&amp;rs=AOn4CLBsJO0bq1dYFFanPqiZG3L84eS79A,BRAZIL,eating,home,translated,pessoas comendo comida em casa no Brasil,people eating food at home in Brazil,0.7206
images/BRAZIL/eating/home/translated/6.jpg,http://img.socioambiental.org/d/331882-2/000025.jpg,BRAZIL,eating,home,translated,pessoas comendo comida em casa no Brasil,people eating food at home in Brazil,0.6927
images/BRAZIL/eating/home/translated/9.jpg,https://i.ytimg.com/vi/x0cCQaX5Mvs/maxresdefault.jpg,BRAZIL,eating,home,translated,pessoas comendo comida em casa no Brasil,people eating food at home in Brazil,0.6793
images/BRAZIL/eating/restaurant/translated/7.jpg,https://media-cdn.tripadvisor.com/media/photo-s/12/39/65/a6/viemos-comer-em-8-pessoas.jpg,BRAZIL,eating,restaurant,translated,pessoas comendo comida no restaurante no Brasil,people eating food in restaurant in Brazil,0.8201
images/BRAZIL/eating/restaurant/english/3.jpg,https://i.ytimg.com/vi/K2vipmsdKPw/maxresdefault.jpg,BRAZIL,eating,restaurant,english,people eating food in restaurant in Brazil,people eating food in restaurant in Brazil,0.7999
images/BRAZIL/eating/restaurant/english/6.jpg,https://i.natgeofe.com/n/8effe457-b4b1-4b65-b25d-1b13f8b939ed/91874.jpg,BRAZIL,eating,restaurant,english,people eating food in restaurant in Brazil,people eating food in restaurant in Brazil,0.7698
images/BRAZIL/eating/restaurant/translated/4.jpg,https://i.ytimg.com/vi/bFRSJPFdIMc/maxresdefault.jpg,BRAZIL,eating,restaurant,translated,pessoas comendo comida no restaurante no Brasil,people eating food in restaurant in Brazil,0.753
images/BRAZIL/eating/restaurant/english/5.jpg,http://www.maria-brazil.org/newimages/eatingwithforkandknife.jpg,BRAZIL,eating,restaurant,english,people eating food in restaurant in Brazil,people eating food in restaurant in Brazil,0.7098
images/BRAZIL/funeral/funeral/english/2.jpeg,https://assets.brasildefato.com.br/2024/09/image_processing20210412-10498-p3eyh6.jpeg,BRAZIL,funeral,funeral,english,people attending a funeral ceremony in Brazil,people attending a funeral ceremony in Brazil,0.8025
images/BRAZIL/funeral/funeral/english/3.jpg,https://ichef.bbci.co.uk/ace/standard/976/cpsprodpb/598F/production/_94272922_10b9add6-ed24-42eb-9c26-c0cf674e0962.jpg,BRAZIL,funeral,funeral,english,people attending a funeral ceremony in Brazil,people attending a funeral ceremony in Brazil,0.7749
images/BRAZIL/funeral/funeral/translated/9.jpg,https://www.opovo.com.br/_midias/jpg/2025/07/25/velorio_preta_gil_foto_tomaz_silva_agencia_brasil_2-35906412.jpg,BRAZIL,funeral,funeral,translated,pessoas participando de um funeral no Brasil,people attending a funeral ceremony in Brazil,0.7604
images/BRAZIL/funeral/funeral/english/6.jpg,https://ca-times.brightspotcdn.com/dims4/default/a33d904/2147483647/strip/true/crop/5272x3948+0+0/resize/1200x899!/quality/75/?url=https%3A%2F%2Fcalifornia-times-brightspot.s3.amazonaws.com%2F55%2Ffb%2F813053544b838a02cb3ae7db4d25%2Fbrazil-pele-76525.jpg,BRAZIL,funeral,funeral,english,people attending a funeral ceremony in Brazil,people attending a funeral ceremony in Brazil,0.7428
images/BRAZIL/funeral/funeral/translated/10.jpg,https://f.i.uol.com.br/fotografia/2025/05/15/17473169786825f0f2a9f64_1747316978_3x2_md.jpg,BRAZIL,funeral,funeral,translated,pessoas participando de um funeral no Brasil,people attending a funeral ceremony in Brazil,0.7239
images/BRAZIL/game/Betes/english/5.jpg,https://i.ytimg.com/vi/UNoyQfocjdg/default.jpg,BRAZIL,game,Betes,english,people playing Betes in Brazil,people playing Betes in Brazil,0.6989
images/BRAZIL/game/Betes/translated/1.jpg,https://blogger.googleusercontent.com/img/b/R29vZ2xl/AVvXsEhUlq4OTB8qyMEhrF7LQY1uTXdyJqw5V4Q0-ZXv-MO9A95_aAvM6hmCrMeeeSgFuydZmtHJyXhr2ecXAxkmjjNAXZ9k8nHDzH0MqD1hZ0FfPhyd8w7JyMU9lEpagyBHXYC66Vcw9AEw8jQ/s1600/taco+2.jpg,BRAZIL,game,Betes,translated,pessoas jogando betes no Brasil,people playing Betes in Brazil,0.6699
images/BRAZIL/game/Betes/translated/10.jpg,https://www.imparcial.com.br//assets/images/galeria/1686593008.jpg,BRAZIL,game,Betes,translated,pessoas jogando betes no Brasil,people playing Betes in Brazil,0.6684
images/BRAZIL/game/Betes/translated/9.png,https://sme.goiania.go.gov.br/conexaoescola/wp-content/uploads/2024/10/image-22.png,BRAZIL,game,Betes,translated,pessoas jogando betes no Brasil,people playing Betes in Brazil,0.6536
images/BRAZIL/game/Betes/translated/7.jpg,https://pbs.twimg.com/media/Gzn049AWEAARzXq.jpg,BRAZIL,game,Betes,translated,pessoas jogando betes no Brasil,people playing Betes in Brazil,0.6436
images/BRAZIL/game/Bola de gude/translated/1.jpg,https://i.ytimg.com/vi/po2eytXOfkk/hq720.jpg?sqp=-oaymwEhCK4FEIIDSFryq4qpAxMIARUAAAAAGAElAADIQj0AgKJD&amp;rs=AOn4CLAbStLd-pMaNSxlsEOkKYAept5AxA,BRAZIL,game,Bola de gude,translated,pessoas jogando bola de gude no Brasil,people playing Bola de gude in Brazil,0.8247
images/BRAZIL/game/Bola de gude/translated/6.jpg,https://i.pinimg.com/736x/2c/ff/53/2cff53fbde3699d90683bba1014480dc.jpg,BRAZIL,game,Bola de gude,translated,pessoas jogando bola de gude no Brasil,people playing Bola de gude in Brazil,0.8179
images/BRAZIL/game/Bola de gude/english/9.jpg,https://afnoticias.com.br/static/cache/2025/f6ba2f4b76e252f2cdd8128b31b85e59.jpg,BRAZIL,game,Bola de gude,english,people playing Bola de gude in Brazil,people playing Bola de gude in Brazil,0.8178
images/BRAZIL/game/Bola de gude/translated/8.jpg,https://i.ytimg.com/vi/Cw1w2Cevxzw/maxresdefault.jpg,BRAZIL,game,Bola de gude,translated,pessoas jogando bola de gude no Brasil,people playing Bola de gude in Brazil,0.7795
images/BRAZIL/game/Bola de gude/translated/9.jpg,https://blogger.googleusercontent.com/img/b/R29vZ2xl/AVvXsEjA1mz_dUkdLrxjZW8raV0c0cMibkQNbNCMY1gxc1i4jcv8NL_9fp8lZq5wGJi1Uv__oqVeY9VQ4b0vIGvdEAiuWHSrJQS7lAy-uTJKLSNwmv4FCZifGuhabREdWLkJrzDAuuY2-rzaOUE/s400/bolinha_de_gude.jpg,BRAZIL,game,Bola de gude,translated,pessoas jogando bola de gude no Brasil,people playing Bola de gude in Brazil,0.7569
images/BRAZIL/game/Cinco Marias/english/6.jpg,https://npr.brightspotcdn.com/dims4/default/cd3fe77/2147483647/strip/true/crop/1280x800+0+0/resize/880x550!/quality/90/?url=http%3A%2F%2Fnpr-brightspot.s3.amazonaws.com%2F16%2F95%2F0f07c9874c27811b67052422857d%2F2025-05-12-miamiblocoband.jpg,BRAZIL,game,Cinco Marias,english,people playing Cinco Marias in Brazil,people playing Cinco Marias in Brazil,0.7829
images/BRAZIL/game/Cinco Marias/translated/7.jpg,https://anglo.g12.br/uploads/eventos/1219/p1c5bdsim91ucjd19lf214l1toq8.jpg,BRAZIL,game,Cinco Marias,translated,pessoas jogando cinco marias no Brasil,people playing Cinco Marias in Brazil,0.7514
images/BRAZIL/game/Cinco Marias/translated/4.jpg,https://i.ytimg.com/vi/K2SECbSnmpw/sddefault.jpg,BRAZIL,game,Cinco Marias,translated,pessoas jogando cinco marias no Brasil,people playing Cinco Marias in Brazil,0.7471
images/BRAZIL/game/Cinco Marias/translated/5.jpg,https://anglo.g12.br/uploads/eventos/1219/p1c5bdsima1fu1o2g5jg1nr91sp39.jpg,BRAZIL,game,Cinco Marias,translated,pessoas jogando cinco marias no Brasil,people playing Cinco Marias in Brazil,0.7438
images/BRAZIL/game/Cinco Marias/translated/10.png,https://i0.wp.com/ideiacriativa.org/wp-content/uploads/2020/10/Jogo-Cinco-Marias-educacao-infantil.png?fit=800%2C587&amp;ssl=1,BRAZIL,game,Cinco Marias,translated,pessoas jogando cinco marias no Brasil,people playing Cinco Marias in Brazil,0.6562
images/BRAZIL/game/Futebol/english/9.jpg,https://media.npr.org/assets/img/2014/05/19/brazil-soccer-dreams1_wide-6111047416e4954da0b17ae5e4066ecfc606e65d.jpg,BRAZIL,game,Futebol,english,people playing futebol in Brazil,people playing futebol in Brazil,0.8176
images/BRAZIL/game/Futebol/english/4.jpg,https://images.squarespace-cdn.com/content/v1/620fa2b385fdee7a3f84588d/3aa621fd-3a5c-4b62-b01f-b5b5551ae40a/Brazil-Futebol-Social-web-04.jpg,BRAZIL,game,Futebol,english,people playing futebol in Brazil,people playing futebol in Brazil,0.7895
images/BRAZIL/game/Futebol/translated/7.jpg,https://cdn.atletis.com.br/atletis-website/base/62f/91c/e9b/futevolei.jpg,BRAZIL,game,Futebol,translated,pessoas jogando futebol no Brasil,people playing futebol in Brazil,0.752
images/BRAZIL/game/Futebol/english/5.jpg,https://us.images.westend61.de/0001416855pw/a-young-black-brazilian-playing-football-on-ipanema-beach-with-the-dois-irmaos-mountains-in-the-distance-rio-de-janeiro-brazil-south-america-RHPLF16163.jpg,BRAZIL,game,Futebol,english,people playing futebol in Brazil,people playing futebol in Brazil,0.7489
images/BRAZIL/game/Futebol/english/7.jpeg,https://www.aljazeera.com/wp-content/uploads/2018/03/d0b83ee677ce434793654dc754fd69a1_8.jpeg?fit=1170%2C780&amp;quality=80,BRAZIL,game,Futebol,english,people playing futebol in Brazil,people playing futebol in Brazil,0.7115
images/BRAZIL/game/Luta de galo/english/9.jpg,https://i.ytimg.com/vi/vYj9zScbKvM/hq720.jpg?sqp=-oaymwEhCK4FEIIDSFryq4qpAxMIARUAAAAAGAElAADIQj0AgKJD&amp;rs=AOn4CLDrASyJi0Rug_KTyEtVvyhP-4io9w,BRAZIL,game,Luta de galo,english,people playing Luta de galo in Brazil,people playing Luta de galo in Brazil,0.7801
images/BRAZIL/game/Luta de galo/english/7.jpg,https://ejmas.com/jcs/capoeira/sregional.jpg,BRAZIL,game,Luta de galo,english,people playing Luta de galo in Brazil,people playing Luta de galo in Brazil,0.7628
images/BRAZIL/game/Luta de galo/translated/6.jpg,https://i.ytimg.com/vi/bpmSXFBIYeA/sddefault.jpg?v=622a4d55,BRAZIL,game,Luta de galo,translated,pessoas jogando luta de galo no Brasil,people playing Luta de galo in Brazil,0.7172
images/BRAZIL/game/Luta de galo/translated/1.jpg,https://www.got2globe.com/wp-content/uploads/2014/01/apostas-luta-de-galos-filipinas.jpg,BRAZIL,game,Luta de galo,translated,pessoas jogando luta de galo no Brasil,people playing Luta de galo in Brazil,0.7075
images/BRAZIL/game/Luta de galo/english/10.jpg,https://www.galodamadrugada.com.br/wp-content/uploads/2018/12/anos90.jpg,BRAZIL,game,Luta de galo,english,people playing Luta de galo in Brazil,people playing Luta de galo in Brazil,0.6872
images/BRAZIL/game/Queimada/translated/4.jpg,https://i.ytimg.com/vi/4pksHw2eG1U/mqdefault.jpg,BRAZIL,game,Queimada,translated,pessoas jogando queimada no Brasil,people playing Queimada in Brazil,0.7655
images/BRAZIL/game/Queimada/english/6.jpg,https://i.ytimg.com/vi/x1QRNcMmHQc/oar2.jpg?sqp=-oaymwEYCJUDENAFSFqQAgHyq4qpAwcIARUAAIhC&amp;rs=AOn4CLCyp9NADHbOTaDUBgSrqSfnJRG6jw,BRAZIL,game,Queimada,english,people playing Queimada in Brazil,people playing Queimada in Brazil,0.7275
images/BRAZIL/game/Queimada/english/4.jpg,https://static01.nyt.com/images/2019/02/09/world/09brazil3/09brazil3-videoSixteenByNine3000.jpg?year=2019&amp;h=1688&amp;w=3000&amp;s=a86c2e41c75fd649b947db31f662bd3a1028768a2562f79abcfc010b9e57dd8b&amp;k=ZQJBKqZ0VN&amp;tw=1,BRAZIL,game,Queimada,english,people playing Queimada in Brazil,people playing Queimada in Brazil,0.6969
images/BRAZIL/game/Queimada/translated/5.png,https://www.institutoclaro.org.br/educacao/wp-content/uploads/sites/2/2022/01/queimada2.png,BRAZIL,game,Queimada,translated,pessoas jogando queimada no Brasil,people playing Queimada in Brazil,0.6494
images/BRAZIL/game/Queimada/english/2.jpg,https://i.ytimg.com/vi/ODG5Ngv-xPs/sddefault.jpg,BRAZIL,game,Queimada,english,people playing Queimada in Brazil,people playing Queimada in Brazil,0.6401
images/BRAZIL/game/game/translated/2.jpg,https://universidadedofutebol.com.br/wp-content/uploads/2019/05/48.jpg,BRAZIL,game,game,translated,pessoas jogando no Brasil,people playing game in Brazil,0.7603
images/BRAZIL/game/game/english/3.jpg,https://images.squarespace-cdn.com/content/v1/620fa2b385fdee7a3f84588d/3aa621fd-3a5c-4b62-b01f-b5b5551ae40a/Brazil-Futebol-Social-web-04.jpg,BRAZIL,game,game,english,people playing game in Brazil,people playing game in Brazil,0.7443
images/BRAZIL/game/game/translated/7.jpg,https://tribunademinas.com.br/wp-content/uploads/2018/07/brasil-felipe.jpg,BRAZIL,game,game,translated,pessoas jogando no Brasil,people playing game in Brazil,0.7349
images/BRAZIL/game/game/translated/3.png,https://horacampinas.com.br/wp-content/uploads/2022/12/divulgacao-pmc-887x570.png,BRAZIL,game,game,translated,pessoas jogando no Brasil,people playing game in Brazil,0.7198
images/BRAZIL/game/game/translated/6.jpg,https://www.infomoney.com.br/wp-content/uploads/2022/11/dixit-1.jpg?fit=1280%2C853&amp;quality=50&amp;strip=all,BRAZIL,game,game,translated,pessoas jogando no Brasil,people playing game in Brazil,0.7175
images/BRAZIL/greeting/cheek kissing/english/9.jpg,https://i0.wp.com/adventuresinspanish.co.uk/wp-content/uploads/2024/07/bpbesos.jpg?resize=930%2C620&amp;ssl=1,BRAZIL,greeting,cheek kissing,english,two people greeting with cheek kissing in Brazil,two people greeting with cheek kissing in Brazil,0.7937
images/BRAZIL/greeting/cheek kissing/translated/1.png,https://www.claudiamatarazzo.com.br/wp-content/uploads/2025/05/Blog-2025-Capa-Aperto-de-mao-Beijo-Abraco.png,BRAZIL,greeting,cheek kissing,translated,duas pessoas se cumprimentando com beijo no rosto no Brasil,two people greeting with cheek kissing in Brazil,0.7715
images/BRAZIL/greeting/cheek kissing/english/10.jpg,"https://media.cntraveler.com/photos/5c9e60a5996f2814ed4d8ee2/1:1/w_1464,h_1464,c_limit/CNT_KissingEtiquette_r1_2048_libbyvanderploeg-NLCROP.jpg",BRAZIL,greeting,cheek kissing,english,two people greeting with cheek kissing in Brazil,two people greeting with cheek kissing in Brazil,0.7503
images/BRAZIL/greeting/cheek kissing/english/6.jpg,http://a57.foxnews.com/global.fncstatic.com/static/managed/img/fn2/feeds/Associated%20Press/2014/10/03/876/493/Brazil%20Elections-5.jpg,BRAZIL,greeting,cheek kissing,english,two people greeting with cheek kissing in Brazil,two people greeting with cheek kissing in Brazil,0.7437
images/BRAZIL/greeting/cheek kissing/translated/6.jpg,https://www.viavargas.com.br/wp-content/uploads/2023/09/Beijo-no-rosto-usavel.jpg,BRAZIL,greeting,cheek kissing,translated,duas pessoas se cumprimentando com beijo no rosto no Brasil,two people greeting with cheek kissing in Brazil,0.7209
images/BRAZIL/greeting/greeting/english/2.png,https://portuguesewitheli.com/wp-content/uploads/2021/08/Greeting-like-a-Brazilian.png,BRAZIL,greeting,greeting,english,people greeting in Brazil,people greeting in Brazil,0.8622
images/BRAZIL/greeting/greeting/english/9.jpg,https://as2.ftcdn.net/jpg/04/84/67/65/1000_F_484676584_oMKxjlNLNZCEhWrcqczOmFJg66K4LiWK.jpg,BRAZIL,greeting,greeting,english,people greeting in Brazil,people greeting in Brazil,0.8005
images/BRAZIL/greeting/greeting/english/8.jpg,https://static01.nyt.com/images/2023/01/01/multimedia/01brazil-sea-goddess-promo/01brazil-sea-goddess-jvmk-mediumSquareAt3X.jpg,BRAZIL,greeting,greeting,english,people greeting in Brazil,people greeting in Brazil,0.6406
images/BRAZIL/greeting/greeting/english/5.jpg,https://huunghi.haugiang.gov.vn/uploads/news/2023_10/b14a69d9467e51e644c9a5ba61e3fb6f.jpg,BRAZIL,greeting,greeting,english,people greeting in Brazil,people greeting in Brazil,0.6208
images/BRAZIL/greeting/greeting/translated/3.jpg,https://idiomabrasil.com/wp-content/uploads/2014/08/cumprimentos-texto.jpg,BRAZIL,greeting,greeting,translated,pessoas se cumprimentando no Brasil,people greeting in Brazil,0.6201
images/BRAZIL/greeting/handshake/english/3.jpg,https://as2.ftcdn.net/jpg/04/84/67/65/1000_F_484676584_oMKxjlNLNZCEhWrcqczOmFJg66K4LiWK.jpg,BRAZIL,greeting,handshake,english,two people greeting with handshake in Brazil,two people greeting with handshake in Brazil,0.8596
images/BRAZIL/greeting/handshake/english/7.png,https://braziliangringo.com/wp-content/uploads/2015/11/cumprimentando.png,BRAZIL,greeting,handshake,english,two people greeting with handshake in Brazil,two people greeting with handshake in Brazil,0.8132
images/BRAZIL/greeting/handshake/translated/4.jpg,https://racheljordan.com.br/wp-content/uploads/2022/09/como-apertar-as-ma%CC%83os-scaled.jpg,BRAZIL,greeting,handshake,translated,duas pessoas se cumprimentando com aperto de mão no Brasil,two people greeting with handshake in Brazil,0.7941
images/BRAZIL/greeting/handshake/translated/8.jpeg,https://miro.medium.com/1*YGIBqI2RdbbUKrfm1lBBOw.jpeg,BRAZIL,greeting,handshake,translated,duas pessoas se cumprimentando com aperto de mão no Brasil,two people greeting with handshake in Brazil,0.7844
images/BRAZIL/greeting/handshake/english/6.jpg,https://www.jeccomposites.com/wp-content/uploads/2020/08/closeup-shot-business-handshake-cropped-shot-two-people-wearing-formal-suits-shaking-hands-business-ha.jpg,BRAZIL,greeting,handshake,english,two people greeting with handshake in Brazil,two people greeting with handshake in Brazil,0.772
images/BRAZIL/greeting/hug/english/7.jpg,https://as2.ftcdn.net/jpg/04/84/67/65/1000_F_484676584_oMKxjlNLNZCEhWrcqczOmFJg66K4LiWK.jpg,BRAZIL,greeting,hug,english,two people greeting with hug in Brazil,two people greeting with hug in Brazil,0.8257
images/BRAZIL/greeting/hug/english/8.jpg,http://a57.foxnews.com/global.fncstatic.com/static/managed/img/fn2/feeds/Associated%20Press/2014/10/03/876/493/Brazil%20Elections-5.jpg,BRAZIL,greeting,hug,english,two people greeting with hug in Brazil,two people greeting with hug in Brazil,0.7007
images/BRAZIL/greeting/hug/english/6.jpg,http://info.mybucketlistevents.com/hubfs/13-things-brazil/joy-284528_1920.jpg,BRAZIL,greeting,hug,english,two people greeting with hug in Brazil,two people greeting with hug in Brazil,0.6901
images/BRAZIL/greeting/hug/translated/7.jpeg,https://miro.medium.com/1*YGIBqI2RdbbUKrfm1lBBOw.jpeg,BRAZIL,greeting,hug,translated,duas pessoas se cumprimentando com abraço no Brasil,two people greeting with hug in Brazil,0.6816
images/BRAZIL/greeting/hug/english/5.jpg,"https://lp-cms-production.imgix.net/2024-08/Two-women-cheek-kiss.jpg?auto=format,compress&amp;q=72&amp;fit=crop",BRAZIL,greeting,hug,english,two people greeting with hug in Brazil,two people greeting with hug in Brazil,0.6738
images/BRAZIL/religious/Candomblé ceremony in white clothing/translated/10.jpg,https://vault.pulsarimagens.com.br/file/preview/03RT483.jpg,BRAZIL,religious,Candomblé ceremony in white clothing,translated,cerimônia de Candomblé com roupas brancas no Brasil,Candomblé ceremony in white clothing in Brazil,0.853
images/BRAZIL/religious/Candomblé ceremony in white clothing/english/1.jpg,https://d.ibtimes.co.uk/en/full/1588422/iemanja-brazil-candomble-umbanda-yoruba.jpg,BRAZIL,religious,Candomblé ceremony in white clothing,english,Candomblé ceremony in white clothing in Brazil,Candomblé ceremony in white clothing in Brazil,0.832
images/BRAZIL/religious/Candomblé ceremony in white clothing/english/5.jpg,http://images8.webydo.com/92/9257456/3958/AC620A90-A397-2E38-94C1-73BC138C27C3.jpg,BRAZIL,religious,Candomblé ceremony in white clothing,english,Candomblé ceremony in white clothing in Brazil,Candomblé ceremony in white clothing in Brazil,0.8278
images/BRAZIL/religious/Candomblé ceremony in white clothing/translated/7.jpg,https://blogger.googleusercontent.com/img/b/R29vZ2xl/AVvXsEg57BUrZtu_ThSoKGVmq8ez9qCe9xrfThPfI_uT-96Z6DmaO-ZpfX1ZWi-21uV7AfwIlVQpzxx3anAG5smaoyUjDIgxjwPH02YXJMCQDOIsAb_ZclrxUB6JrVdImDfJgjn36SLkb6d3jSRT/s1600/tulca.jpg,BRAZIL,religious,Candomblé ceremony in white clothing,translated,cerimônia de Candomblé com roupas brancas no Brasil,Candomblé ceremony in white clothing in Brazil,0.8053
images/BRAZIL/religious/Candomblé ceremony in white clothing/translated/3.jpeg,https://assets.brasildefato.com.br/2024/09/image_processing20211213-17965-1tobl9n.jpeg,BRAZIL,religious,Candomblé ceremony in white clothing,translated,cerimônia de Candomblé com roupas brancas no Brasil,Candomblé ceremony in white clothing in Brazil,0.8044
images/BRAZIL/religious/Catholic church procession/translated/8.jpg,https://s2.glbimg.com/VR1t8MyR6o84m_1SkO8QRBZpgB8O_R2jRqwIyc1Sw0FIoz-HdGixxa_8qOZvMp3w/s.glbimg.com/og/rg/f/original/2012/12/21/foto_procissao_291_218.jpg,BRAZIL,religious,Catholic church procession,translated,procissão católica no Brasil,Catholic church procession in Brazil,0.8184
images/BRAZIL/religious/Catholic church procession/english/2.jpg,https://blogger.googleusercontent.com/img/b/R29vZ2xl/AVvXsEhy7w-d8rMZhLcS7D5PJoVS3zzK8KLFNzitr8-Xb24d4cNLDvk7yWACSSUv49yAFj8gQSOgVwCDPwaZyjmY9z6WiZk3vupgsTTAwY97YxQ3xb5BxbcHZiotvbYSevHc-WlcNujt8HNz2Fnq/s1600/ciro.jpg,BRAZIL,religious,Catholic church procession,english,Catholic church procession in Brazil,Catholic church procession in Brazil,0.8043
images/BRAZIL/religious/Catholic church procession/translated/5.jpg,https://imagens.ebc.com.br/_CBFpiD9e26k_dD3aLRbcnz1nEQ=/1024x768/https://agenciabrasil.ebc.com.br/sites/default/files/atoms/image/932663-prociss%C3%A3o%20do%20cirio%20de%20nazare_belem_-1-19.jpg?itok=nCQe5shK?download,BRAZIL,religious,Catholic church procession,translated,procissão católica no Brasil,Catholic church procession in Brazil,0.7889
images/BRAZIL/religious/Catholic church procession/translated/3.jpg,https://www.diariodocentrodomundo.com.br/wp-content/uploads/2021/05/afasp16-182089827-221099499350806-564162874323948719-n-e1619995933445-600x450.jpg,BRAZIL,religious,Catholic church procession,translated,procissão católica no Brasil,Catholic church procession in Brazil,0.7814
images/BRAZIL/religious/Catholic church procession/translated/7.jpg,https://cdn.prod.website-files.com/60ff690cd7b0537edb99a29a/66589b01c288d9db36bc8cb5_T%C3%A3o%20sublime%20Sacramento%20%20%20%201920x1080.jpg,BRAZIL,religious,Catholic church procession,translated,procissão católica no Brasil,Catholic church procession in Brazil,0.7524
images/BRAZIL/religious/praying/translated/9.jpg,https://midias.diariodepernambuco.com.br/static/app/noticia_127983242361/2018/12/30/772488/20181230143256808035e.jpg,BRAZIL,religious,praying,translated,pessoas rezando no Brasil,people praying in Brazil,0.8038
images/BRAZIL/religious/praying/english/5.jpg,https://images.theconversation.com/files/192732/original/file-20171031-18693-1n3ynca.jpg?ixlib=rb-4.1.0&amp;q=20&amp;auto=format&amp;w=320&amp;fit=clip&amp;dpr=2&amp;usm=12&amp;cs=strip,BRAZIL,religious,praying,english,people praying in Brazil,people praying in Brazil,0.7643
images/BRAZIL/religious/praying/translated/8.jpg,https://vault.pulsarimagens.com.br/file/preview/43JPR685.jpg,BRAZIL,religious,praying,translated,pessoas rezando no Brasil,people praying in Brazil,0.7636
images/BRAZIL/religious/praying/translated/10.jpg,https://goodprime.co/wp-content/uploads/2020/04/assembleianos-clamam-pelo-brasil-nas-ruas.jpg,BRAZIL,religious,praying,translated,pessoas rezando no Brasil,people praying in Brazil,0.7504
images/BRAZIL/religious/praying/english/1.jpg,https://newsroom.churchofjesuschrist.org/media/640x480/manaus-brazil-church-meeting.jpg,BRAZIL,religious,praying,english,people praying in Brazil,people praying in Brazil,0.7349
images/BRAZIL/religious/religious/english/4.jpg,https://lirp.cdn-website.com/a7874445/dms3rep/multi/opt/10-Come%C3%A7ando_a_subida_da_Presidente_Vargas_by+Emerson+Pardo%284024003722%29-web-640w.jpg,BRAZIL,religious,religious,english,people participating in a traditional religious event in Brazil,people participating in a traditional religious event in Brazil,0.8565
images/BRAZIL/religious/religious/english/7.jpg,https://dims.apnews.com/dims4/default/cfabc7e/2147483647/strip/false/crop/3000x2000+0+0/resize/1486x991!/quality/90/?url=https%3A%2F%2Fstorage.googleapis.com%2Fafs-prod%2Fmedia%2Fcd46d23af572445b809b55d94fca6dd4%2F3000.jpeg,BRAZIL,religious,religious,english,people participating in a traditional religious event in Brazil,people participating in a traditional religious event in Brazil,0.8539
images/BRAZIL/religious/religious/english/10.jpg,https://lirp.cdn-website.com/a7874445/dms3rep/multi/opt/02-lavagem-do-bonfim-2018-fototatiana-azeviche_39609389472_o-web-640w.jpg,BRAZIL,religious,religious,english,people participating in a traditional religious event in Brazil,people participating in a traditional religious event in Brazil,0.8182
images/BRAZIL/religious/religious/translated/5.jpg,http://gerais.info/wp-content/uploads/2017/01/festa-popular.jpg,BRAZIL,religious,religious,translated,pessoas participando de um evento religioso tradicional no Brasil,people participating in a traditional religious event in Brazil,0.8062
images/BRAZIL/religious/religious/english/2.jpg,https://caminhoslanguages.com/wp-content/uploads/2020/06/main-festivals-in-brazil-1.jpg,BRAZIL,religious,religious,english,people participating in a traditional religious event in Brazil,people participating in a traditional religious event in Brazil,0.7971
images/BRAZIL/wedding/wedding/english/6.jpg,https://wpja.s3.us-east-2.amazonaws.com/s3fs-public/we-photos/story-2582335/elopement-image-1018516.jpg,BRAZIL,wedding,wedding,english,wedding celebration in Brazil,wedding celebration in Brazil,0.8061
images/BRAZIL/wedding/wedding/english/9.jpg,https://m.wsj.net/video/20220520/1cc6a3a1-3484-4844-b92a-d11647f1e049/1/cover-image--_640x360.jpg,BRAZIL,wedding,wedding,english,wedding celebration in Brazil,wedding celebration in Brazil,0.746
images/BRAZIL/wedding/wedding/english/5.jpg,https://ladyhattan.com//wp-content/uploads/2016/08/DSC01906-1024x680.jpg,BRAZIL,wedding,wedding,english,wedding celebration in Brazil,wedding celebration in Brazil,0.7285
images/BRAZIL/wedding/wedding/english/1.jpg,"https://static.wixstatic.com/media/977ec6_e14bd449e5f74dca94dbfc005b20fc25~mv2.jpg/v1/fill/w_980,h_621,al_c,q_85,usm_0.66_1.00_0.01,enc_avif,quality_auto/977ec6_e14bd449e5f74dca94dbfc005b20fc25~mv2.jpg",BRAZIL,wedding,wedding,english,wedding celebration in Brazil,wedding celebration in Brazil,0.7233
images/BRAZIL/wedding/wedding/english/7.jpeg,https://www.aondecasar.com.br/wp-content/uploads/2021/04/f196ca63ebb0ee87615e9b28fa019bf7-669x446.jpeg,BRAZIL,wedding,wedding,english,wedding celebration in Brazil,wedding celebration in Brazil,0.723
images/CHINA/celebration/Chinese New Year/translated/2.jpg,http://old.hwjyw.com/resource/content/2012/01/17/U123P26T1D23287F33DT20120117144504.jpg,CHINA,celebration,Chinese New Year,translated,人们参加春节，在中国,people participating in Chūnjié in China,0.8135
images/CHINA/celebration/Chinese New Year/translated/6.jpg,https://epaper.guilinlife.com/glrbh5/glrb/20241205/06_06_3731.jpg,CHINA,celebration,Chinese New Year,translated,人们参加春节，在中国,people participating in Chūnjié in China,0.7652
images/CHINA/celebration/Chinese New Year/english/9.jpeg,https://www.globaltimes.cn/Portals/0/attachment/2022/2022-07-28/1e60efc1-bb7c-4039-9b6e-98cd13de12a6.jpeg,CHINA,celebration,Chinese New Year,english,people participating in Chūnjié in China,people participating in Chūnjié in China,0.7403
images/CHINA/celebration/Chinese New Year/translated/3.jpg,https://k-static.appmobile.cn/uploads2/allimg/2501/29/1R1014250-1.jpg,CHINA,celebration,Chinese New Year,translated,人们参加春节，在中国,people participating in Chūnjié in China,0.7256
images/CHINA/celebration/Chinese New Year/english/3.jpg,https://hilo.hawaii.edu/chancellor/stories/wp-content/uploads/2024/02/Tabling1.jpg,CHINA,celebration,Chinese New Year,english,people participating in Chūnjié in China,people participating in Chūnjié in China,0.7251
images/CHINA/celebration/Dragon Boat Festival/english/1.jpg,http://www.enghunan.gov.cn/hneng/AboutHunan/HistoryCulture/CulturalHeritage/202306/29376017/images/caaae7862dce4d16a2964ad436edf827.jpg,CHINA,celebration,Dragon Boat Festival,english,people participating in Dragon Boat Festival in China,people participating in Dragon Boat Festival in China,0.9178
images/CHINA/celebration/Dragon Boat Festival/english/8.jpg,https://www.hindustantimes.com/ht-img/img/2023/06/26/1600x900/CHINA-SPORT-CULTURE-TRADITION-12_1687754499259_1687754540556.jpg,CHINA,celebration,Dragon Boat Festival,english,people participating in Dragon Boat Festival in China,people participating in Dragon Boat Festival in China,0.8911
images/CHINA/celebration/Dragon Boat Festival/english/9.jpeg,https://www.summercampschina.com/wp-content/uploads/2016/06/blog-dragon-boat-festival-in-china-1.jpeg,CHINA,celebration,Dragon Boat Festival,english,people participating in Dragon Boat Festival in China,people participating in Dragon Boat Festival in China,0.8611
images/CHINA/celebration/Dragon Boat Festival/english/5.jpeg,https://img2.chinadaily.com.cn/images/202106/15/60c81540a31024adbdce148e.jpeg,CHINA,celebration,Dragon Boat Festival,english,people participating in Dragon Boat Festival in China,people participating in Dragon Boat Festival in China,0.8496
images/CHINA/celebration/Dragon Boat Festival/english/4.jpeg,https://img-cdn-china-admissions.imgix.net/wp-content/uploads/2022/05/dragon-boat.jpeg?auto\u003dformat%2Cenhance%2Ccompress,CHINA,celebration,Dragon Boat Festival,english,people participating in Dragon Boat Festival in China,people participating in Dragon Boat Festival in China,0.8276
images/CHINA/celebration/Lantern Festival/english/10.png,https://news.cgtn.com/news/2025-02-12/China-marks-Lantern-Festival-with-glowing-lights-and-sweet-traditions-1AVXL3wTMKQ/img/b01fa32d70a34ee3a04d8f58050daa0a/b01fa32d70a34ee3a04d8f58050daa0a-750.png,CHINA,celebration,Lantern Festival,english,people participating in Lantern Festival in China,people participating in Lantern Festival in China,0.8676
images/CHINA/celebration/Lantern Festival/english/3.jpg,http://english.news.cn/20220211/ea365ec5a2244ec8b28be62cd8850b21/20220211ea365ec5a2244ec8b28be62cd8850b21_QHYDTRztPeHg9nLc.jpg,CHINA,celebration,Lantern Festival,english,people participating in Lantern Festival in China,people participating in Lantern Festival in China,0.8142
images/CHINA/celebration/Lantern Festival/english/2.jpg,http://www.xinhuanet.com/english/2018-02/27/137003858_15197347868261n.jpg,CHINA,celebration,Lantern Festival,english,people participating in Lantern Festival in China,people participating in Lantern Festival in China,0.7983
images/CHINA/celebration/Lantern Festival/translated/4.jpg,http://www.news.cn/photo/20250212/c5a6701f8a42460b9d6dc65bd9bc1a10/wnLS0H2apTqgd3YA.jpg,CHINA,celebration,Lantern Festival,translated,人们参加元宵节，在中国,people participating in Lantern Festival in China,0.7799
images/CHINA/celebration/Lantern Festival/translated/7.jpeg,https://p6.itc.cn/q_70/images03/20230206/d65c3aeca0204de0bf13ba03705d2121.jpeg,CHINA,celebration,Lantern Festival,translated,人们参加元宵节，在中国,people participating in Lantern Festival in China,0.7757
images/CHINA/celebration/Mid-Autumn Festival/english/3.jpg,http://english.cctv.com/program/newshour/20091003/images/1254579088568_1254579088568_r.jpg,CHINA,celebration,Mid-Autumn Festival,english,people participating in Mid-Autumn Festival in China,people participating in Mid-Autumn Festival in China,0.8267
images/CHINA/celebration/Mid-Autumn Festival/english/10.jpg,https://blogs.deakin.edu.au/deakinlife/wp-content/uploads/sites/63/2022/08/Mid-Autumn-Festival-blog-banner.jpg?w\u003d640,CHINA,celebration,Mid-Autumn Festival,english,people participating in Mid-Autumn Festival in China,people participating in Mid-Autumn Festival in China,0.7916
images/CHINA/celebration/Mid-Autumn Festival/translated/10.jpg,http://www.br-cn.com/image/2023-09-26/1156286098290278400.jpg,CHINA,celebration,Mid-Autumn Festival,translated,人们参加中秋节，在中国,people participating in Mid-Autumn Festival in China,0.7741
images/CHINA/celebration/Mid-Autumn Festival/english/2.jpg,https://www.chinadaily.com.cn/china/images/attachement/jpg/site1/20160916/f8bc126e4b231945954814.jpg,CHINA,celebration,Mid-Autumn Festival,english,people participating in Mid-Autumn Festival in China,people participating in Mid-Autumn Festival in China,0.7737
images/CHINA/celebration/Mid-Autumn Festival/english/6.jpg,https://i.ytimg.com/vi/8EdC_0dRaN0/hq720.jpg?sqp\u003d-oaymwEhCK4FEIIDSFryq4qpAxMIARUAAAAAGAElAADIQj0AgKJD\u0026rs\u003dAOn4CLDnA5zprN5u77_Yk1d60Gyeyh9PPg,CHINA,celebration,Mid-Autumn Festival,english,people participating in Mid-Autumn Festival in China,people participating in Mid-Autumn Festival in China,0.7516
images/CHINA/celebration/National Day/english/8.jpg,http://en.people.cn/NMediaFile/2014/1001/FOREIGN201410011445000447064074288.jpg,CHINA,celebration,National Day,english,people participating in National Day in China,people participating in National Day in China,0.8261
images/CHINA/celebration/National Day/english/4.jpeg,http://english.www.gov.cn/images/201910/05/5d97e908c6d0bcf88588ad44.jpeg,CHINA,celebration,National Day,english,people participating in National Day in China,people participating in National Day in China,0.8023
images/CHINA/celebration/National Day/english/5.jpg,https://usa.chinadaily.com.cn/china/attachement/jpg/site1/20121001/d4bed9d4d22011d3ce9c07.jpg,CHINA,celebration,National Day,english,people participating in National Day in China,people participating in National Day in China,0.7885
images/CHINA/celebration/National Day/translated/2.jpg,https://www.usachinanews.com/wp-content/uploads/2024/09/DSC6011.jpg,CHINA,celebration,National Day,translated,人们参加国庆节，在中国,people participating in National Day in China,0.7855
images/CHINA/celebration/National Day/english/9.jpg,https://i.dailymail.co.uk/1/2018/10/01/11/4660566-6226403-image-a-18_1538389033747.jpg,CHINA,celebration,National Day,english,people participating in National Day in China,people participating in National Day in China,0.7805
images/CHINA/celebration/Qingming Festival/translated/9.jpg,http://henan.people.com.cn/NMediaFile/2015/0402/LOCAL201504021657589885994598920.jpg,CHINA,celebration,Qingming Festival,translated,人们参加清明节，在中国,people participating in Qingming Festival in China,0.8181
images/CHINA/celebration/Qingming Festival/english/10.jpg,https://i0.wp.com/mintmochamusings.com/wp-content/uploads/2015/04/Tomb-Sweeping-Day-QingMing-China.jpg?fit\u003d650%2C434\u0026ssl\u003d1,CHINA,celebration,Qingming Festival,english,people participating in Qingming Festival in China,people participating in Qingming Festival in China,0.807
images/CHINA/celebration/Qingming Festival/english/8.jpg,https://www.chinadaily.com.cn/culture/attachement/jpg/site1/20160404/b083fe95621b186c6af043.jpg,CHINA,celebration,Qingming Festival,english,people participating in Qingming Festival in China,people participating in Qingming Festival in China,0.7891
images/CHINA/celebration/Qingming Festival/english/3.jpg,http://www.xinhuanet.com/english/2018-04/04/137088601_15228481355791n.jpg,CHINA,celebration,Qingming Festival,english,people participating in Qingming Festival in China,people participating in Qingming Festival in China,0.7886
images/CHINA/celebration/Qingming Festival/english/5.jpg,http://english.www.gov.cn/r/Pub/GOV/p1/Content/News/Images/2018/04/08/180408-qingming-2-600.jpg,CHINA,celebration,Qingming Festival,english,people participating in Qingming Festival in China,people participating in Qingming Festival in China,0.7773
images/CHINA/celebration/celebration/translated/9.jpg,https://get.pxhere.com/photo/person-people-celebration-carnival-new-year-life-festival-temple-tradition-china-chinese-new-year-seconds-back-change-theory-661043.jpg,CHINA,celebration,celebration,translated,人们参加传统节日或庆典，在中国,people participating in a traditional festival or observance in China,0.8289
images/CHINA/celebration/celebration/english/9.jpg,http://www.xinhuanet.com/english/2018-02/20/136986138_15190824870221n.jpg,CHINA,celebration,celebration,english,people participating in a traditional festival or observance in China,people participating in a traditional festival or observance in China,0.8068
images/CHINA/celebration/celebration/translated/3.jpg,https://img-xhpfm.xinhuaxmt.com/News/202312/XxjinmC007012_20231224_CBMFN0A001.jpg,CHINA,celebration,celebration,translated,人们参加传统节日或庆典，在中国,people participating in a traditional festival or observance in China,0.8032
images/CHINA/celebration/celebration/translated/1.png,http://www.minwang.com.cn/mzwhzyk/663688/685945/685950/633938/2017111413125285884.png,CHINA,celebration,celebration,translated,人们参加传统节日或庆典，在中国,people participating in a traditional festival or observance in China,0.7927
images/CHINA/celebration/celebration/translated/10.jpg,https://www.ihchina.cn/Uploads/Picture/2024/12/11/s67593fa66db49.jpg,CHINA,celebration,celebration,translated,人们参加传统节日或庆典，在中国,people participating in a traditional festival or observance in China,0.7811
images/CHINA/concert/concert/english/2.jpg,https://www.gramophone.co.uk/media/201635/forbiddencity_2018_11_8937new_1.jpg,CHINA,concert,concert,english,concert in China,concert in China,0.8695
images/CHINA/concert/concert/translated/8.jpg,https://www.hlj.gov.cn/hlj/c108552/202506/31853152/images/3.jpg,CHINA,concert,concert,translated,音乐会，在中国,concert in China,0.8507
images/CHINA/concert/concert/translated/1.jpg,http://www.bj.news.cn/20250811/679a091f779e4a50b7badac63580a3c7/20250811679a091f779e4a50b7badac63580a3c7_20250810553e713434454012898169cd4b4fa73b.jpg,CHINA,concert,concert,translated,音乐会，在中国,concert in China,0.8005
images/CHINA/concert/concert/translated/3.jpg,https://www.stdaily.com/web/gdxw/pic/2025-06/29/362420_1ccdaa82-dd91-4865-afd9-471919fb0e96.jpg,CHINA,concert,concert,translated,音乐会，在中国,concert in China,0.7988
images/CHINA/concert/concert/translated/5.jpeg,https://p5.itc.cn/q_70/images03/20231011/b31feb93e9164cf9bf5ac849e0432e6c.jpeg,CHINA,concert,concert,translated,音乐会，在中国,concert in China,0.7934
images/CHINA/concert/indoor/translated/2.jpeg,"https://5b0988e595225.cdn.sohucs.com/q_70,c_zoom,w_640/images/20181016/b2a4322e3e6f47df8bf7257821c75edb.jpeg",CHINA,concert,indoor,translated,室内音乐会，在中国,indoor concert in China,0.8285
images/CHINA/concert/indoor/english/1.jpeg,https://www.globaltimes.cn/Portals/0/attachment/2022/2022-04-10/8ab2362d-6f7a-4707-869b-ff38c0fc4115.jpeg,CHINA,concert,indoor,english,indoor concert in China,indoor concert in China,0.8101
images/CHINA/concert/indoor/translated/4.png,https://res.xinruipiao.com/2025/03-06/08/f8f23cd264f1bedd19de2fa332121ee7.png,CHINA,concert,indoor,translated,室内音乐会，在中国,indoor concert in China,0.7983
images/CHINA/concert/indoor/translated/3.jpg,http://www.tjswl.cn/pic/003/001/723/00300172329_c5e497c1.jpg,CHINA,concert,indoor,translated,室内音乐会，在中国,indoor concert in China,0.781
images/CHINA/concert/indoor/english/8.jpg,https://dynamic-media-cdn.tripadvisor.com/media/photo-o/29/63/19/41/caption.jpg?w\u003d500\u0026h\u003d400\u0026s\u003d1,CHINA,concert,indoor,english,indoor concert in China,indoor concert in China,0.7708
images/CHINA/concert/outdoor/english/10.jpg,http://en.people.cn/NMediaFile/2023/0605/FOREIGN1685926981522AGL88ACTHV.jpg,CHINA,concert,outdoor,english,outdoor concert in China,outdoor concert in China,0.8023
images/CHINA/concert/outdoor/english/5.jpg,https://campus-cdhk.oss-cn-hongkong.aliyuncs.com/attachments/image/2023/09/11/48f3784d-85a4-4f36-b408-f23c58553b99.jpg,CHINA,concert,outdoor,english,outdoor concert in China,outdoor concert in China,0.7971
images/CHINA/concert/outdoor/translated/5.jpg,https://pic.cyol.com/img/20240917/img_9679d7979c66485c2db9329f6452d7c962_c.jpg,CHINA,concert,outdoor,translated,户外音乐会，在中国,outdoor concert in China,0.796
images/CHINA/concert/outdoor/english/2.jpg,https://media.worldnomads.com/explore/china/chinese-music-social.jpg,CHINA,concert,outdoor,english,outdoor concert in China,outdoor concert in China,0.7954
images/CHINA/concert/outdoor/translated/8.jpg,https://imagecloud.thepaper.cn/thepaper/image/301/599/159.jpg,CHINA,concert,outdoor,translated,户外音乐会，在中国,outdoor concert in China,0.7826
images/CHINA/dancing/Ballet/translated/1.jpg,https://www.mct.gov.cn/whzx/zsdw/zyblwt/202203/W020220315348276404206.jpg,CHINA,dancing,Ballet,translated,芭蕾舞表演，在中国,Ballet performance in China,0.9116
images/CHINA/dancing/Ballet/english/9.png,https://www.nbc.cn/_img/ballet/2023/12/24/20231224204557561001.png,CHINA,dancing,Ballet,english,Ballet performance in China,Ballet performance in China,0.8474
images/CHINA/dancing/Ballet/english/5.jpg,https://i.ytimg.com/vi/G5eiVF9llm8/maxresdefault.jpg,CHINA,dancing,Ballet,english,Ballet performance in China,Ballet performance in China,0.8213
images/CHINA/dancing/Ballet/translated/6.jpeg,"https://5b0988e595225.cdn.sohucs.com/q_70,c_zoom,w_640/images/20171215/c98cb8b8c6ab49358135cdb71436374f.jpeg",CHINA,dancing,Ballet,translated,芭蕾舞表演，在中国,Ballet performance in China,0.8198
images/CHINA/dancing/Ballet/english/3.png,http://39.96.12.65/_img/ballet/2021/06/28/20210628144923914001.png,CHINA,dancing,Ballet,english,Ballet performance in China,Ballet performance in China,0.8085
images/CHINA/dancing/Dragon Dance/english/7.jpg,https://www.floridamemory.com/fpc/folklife/FS019863.jpg,CHINA,dancing,Dragon Dance,english,Dragon Dance performance in China,Dragon Dance performance in China,0.8626
images/CHINA/dancing/Dragon Dance/translated/6.jpg,https://blogger.googleusercontent.com/img/b/R29vZ2xl/AVvXsEiWSnLaTgaOqH-hm2osMngCngnzOUvYvGnWtrRb1GIDHSlHPz7srU9Rg3NepGTbaJ1haqg8sULMY2rRTQyORT-1_9cdSnPE8OjGSM2MUOIsxNI_KZqUfdktWlkMDfHUbXaQqgk8ieIRiicN/s1600/a2-1.jpg,CHINA,dancing,Dragon Dance,translated,舞龙表演，在中国,Dragon Dance performance in China,0.8519
images/CHINA/dancing/Dragon Dance/translated/8.jpg,https://www.ourchinastory.com/images/cover/snapshot/2021/02/normal/%E7%95%B6%E4%BB%A3%E4%B8%AD%E5%9C%8B-%E4%B8%AD%E5%9C%8B%E6%97%85%E9%81%8A-%E4%B8%AD%E5%9C%8B%E6%96%87%E5%8C%96-%E5%8C%97%E4%BA%AC-%E5%8F%B0%E7%81%A3-%E8%88%9E%E9%BE%8D-%E6%98%A5%E7%AF%80_x1.jpg,CHINA,dancing,Dragon Dance,translated,舞龙表演，在中国,Dragon Dance performance in China,0.8502
images/CHINA/dancing/Dragon Dance/english/4.jpg,https://i.ytimg.com/vi/3tqgPo5HVts/sddefault.jpg,CHINA,dancing,Dragon Dance,english,Dragon Dance performance in China,Dragon Dance performance in China,0.8475
images/CHINA/dancing/Dragon Dance/english/8.jpg,https://upload.wikimedia.org/wikipedia/commons/a/ac/Singapore_Dragondance-performance-01.jpg,CHINA,dancing,Dragon Dance,english,Dragon Dance performance in China,Dragon Dance performance in China,0.8397
images/CHINA/dancing/Fan Dance/english/3.jpg,https://i.ytimg.com/vi/7ZsZLGf-PFw/maxresdefault.jpg,CHINA,dancing,Fan Dance,english,people performing Fan Dance in China,people performing Fan Dance in China,0.8319
images/CHINA/dancing/Fan Dance/english/5.jpg,https://i.ytimg.com/vi/qwXLpxsj8Mc/mqdefault.jpg,CHINA,dancing,Fan Dance,english,people performing Fan Dance in China,people performing Fan Dance in China,0.7995
images/CHINA/dancing/Fan Dance/translated/4.jpeg,http://www.xinhuanet.com/world/2018-07/25/129920144_15324835038071n.jpeg,CHINA,dancing,Fan Dance,translated,人们在跳扇子舞，在中国,people performing Fan Dance in China,0.7917
images/CHINA/dancing/Fan Dance/translated/7.jpeg,"https://5b0988e595225.cdn.sohucs.com/q_70,c_zoom,w_640/images/20180612/52717b3faf29433dbc6613a39bfcbd53.jpeg",CHINA,dancing,Fan Dance,translated,人们在跳扇子舞，在中国,people performing Fan Dance in China,0.7866
images/CHINA/dancing/Fan Dance/english/6.jpg,https://www.juliacharleseventmanagement.co.uk/wp-content/uploads/2019/04/Chinese-Fan-Dancers-Group.jpg,CHINA,dancing,Fan Dance,english,people performing Fan Dance in China,people performing Fan Dance in China,0.7759
images/CHINA/dancing/Lion Dance/english/2.jpg,https://i.ytimg.com/vi/cnsyhSkUvQo/hqdefault.jpg,CHINA,dancing,Lion Dance,english,Lion Dance performance in China,Lion Dance performance in China,0.9015
images/CHINA/dancing/Lion Dance/english/1.jpg,https://blogger.googleusercontent.com/img/b/R29vZ2xl/AVvXsEisLny1Z2kqK7Q8cVHgQoxSFvyIqsVEWmm3shMjVykYlNPoq8BF2hk75_I526eQ7Ln5sOu2NC9RWE0k6FPjlrNUuzn7gFGR7ovufMMdlHQ80msNnGupcQPXLTT_fYKikt8_Ufs74nCdqsw/s1600/cny121.jpg,CHINA,dancing,Lion Dance,english,Lion Dance performance in China,Lion Dance performance in China,0.8761
images/CHINA/dancing/Lion Dance/english/5.jpg,http://en.chinaculture.org/attachement/jpg/site1/20180621/8cec4b5bd8651c959cae22.jpg,CHINA,dancing,Lion Dance,english,Lion Dance performance in China,Lion Dance performance in China,0.872
images/CHINA/dancing/Lion Dance/english/7.jpg,https://shaolin-yuntai.com/wp-content/uploads/2023/10/lion-dragon-dance-china_learn6.jpg,CHINA,dancing,Lion Dance,english,Lion Dance performance in China,Lion Dance performance in China,0.8665
images/CHINA/dancing/Lion Dance/translated/2.jpg,https://i.ytimg.com/vi/R9W_auyzZtw/sddefault.jpg,CHINA,dancing,Lion Dance,translated,舞狮表演，在中国,Lion Dance performance in China,0.8565
images/CHINA/dancing/Yangge Dance/english/3.jpg,http://www.chinadaily.com.cn/regional/attachement/jpg/site1/20130224/001aa018f80212943f0e01.jpg,CHINA,dancing,Yangge Dance,english,people performing Yangge Dance in China,people performing Yangge Dance in China,0.8462
images/CHINA/dancing/Yangge Dance/english/2.jpg,https://img-rs.huanqiucdn.cn/dp/api/files/imageDir/9998d15453fd6ce50ecb22732a2f9fddu5.jpg,CHINA,dancing,Yangge Dance,english,people performing Yangge Dance in China,people performing Yangge Dance in China,0.846
images/CHINA/dancing/Yangge Dance/english/5.jpg,https://i.ytimg.com/vi/CW2QFdageZk/maxresdefault.jpg,CHINA,dancing,Yangge Dance,english,people performing Yangge Dance in China,people performing Yangge Dance in China,0.8316
images/CHINA/dancing/Yangge Dance/english/8.jpg,https://journals.openedition.org/chinaperspectives/docannexe/image/9947/img-2.jpg,CHINA,dancing,Yangge Dance,english,people performing Yangge Dance in China,people performing Yangge Dance in China,0.8307
images/CHINA/dancing/Yangge Dance/translated/7.jpg,https://mediabluk.cnr.cn/img/cnr/CNRCDP/2024/0625/a1a90a5829674171928243329040855610.jpg?auth\u003dcf9177472af1dabcbeeb741bcd3f716b,CHINA,dancing,Yangge Dance,translated,人们在跳秧歌，在中国,people performing Yangge Dance in China,0.8284
images/CHINA/dancing/dancing/translated/7.jpg,http://s.3233.cn/a/202206/758bece01c33e009.jpg,CHINA,dancing,dancing,translated,人们在跳舞，在中国,people dancing in China,0.8827
images/CHINA/dancing/dancing/translated/6.jpg,https://pic2.ntimg.cn/pic/20241210/35479210_070037076131_4.jpg,CHINA,dancing,dancing,translated,人们在跳舞，在中国,people dancing in China,0.7936
images/CHINA/dancing/dancing/english/1.jpg,https://sites.duke.edu/thewellianmag/files/2021/02/photo-1604942629278-a9dbe21428f6.jpg,CHINA,dancing,dancing,english,people dancing in China,people dancing in China,0.7687
images/CHINA/dancing/dancing/translated/4.jpg,"https://5b0988e595225.cdn.sohucs.com/q_70,c_zoom,w_640/images/20190116/d75c44e3407e4a0fb2ae737ac4e7cf16.jpg",CHINA,dancing,dancing,translated,人们在跳舞，在中国,people dancing in China,0.7643
images/CHINA/dancing/dancing/english/6.jpg,https://english.news.cn/20231225/c56921cb6b9f4b1194426d0c293f6121/4907b92fd405425ea2bec41cb97fae61.jpg,CHINA,dancing,dancing,english,people dancing in China,people dancing in China,0.7598
images/CHINA/eating/eating/english/7.jpg,https://storage.googleapis.com/ft-channels/images/RF_China_Meal_together.width-400.jpg,CHINA,eating,eating,english,people eating food in China,people eating food in China,0.8449
images/CHINA/eating/eating/english/2.jpg,https://images.newscientist.com/wp-content/uploads/2019/07/11113752/rkcy03.jpg,CHINA,eating,eating,english,people eating food in China,people eating food in China,0.8047
images/CHINA/eating/eating/english/1.png,"https://fortune.com/img-assets/wp-content/uploads/2020/01/Hong-Kong-Food-Tour.png?resize\u003d1200,600",CHINA,eating,eating,english,people eating food in China,people eating food in China,0.7834
images/CHINA/eating/eating/english/3.jpg,https://www.chinasage.info/imgs/ChengduLunch.jpg,CHINA,eating,eating,english,people eating food in China,people eating food in China,0.7595
images/CHINA/eating/eating/translated/1.png,https://canadaso.ca/wp-content/uploads/2025/06/image-221.png,CHINA,eating,eating,translated,人们在吃饭，在中国,people eating food in China,0.7413
images/CHINA/eating/home/english/1.jpg,https://i.ytimg.com/vi/Q_aI1z-I2l8/hqdefault.jpg,CHINA,eating,home,english,people eating food at home in China,people eating food at home in China,0.8065
images/CHINA/eating/home/translated/2.jpg,http://k.sinaimg.cn/n/sinacn10110/575/w837h538/20190822/3712-icqznfz5336387.jpg/w700d1q75cms.jpg,CHINA,eating,home,translated,人们在家吃饭，在中国,people eating food at home in China,0.7919
images/CHINA/eating/home/translated/5.png,https://p9.itc.cn/images01/20230705/d38bbf5e2fa34f2f92194bfbae57cd97.png,CHINA,eating,home,translated,人们在家吃饭，在中国,people eating food at home in China,0.7896
images/CHINA/eating/home/english/2.jpg,http://www.xinhuanet.com/english/2019-06/13/138138538_15603825977181n.jpg,CHINA,eating,home,english,people eating food at home in China,people eating food at home in China,0.7667
images/CHINA/eating/home/english/10.jpg,https://i.ytimg.com/vi/GcUmPUa81mA/maxresdefault.jpg,CHINA,eating,home,english,people eating food at home in China,people eating food at home in China,0.7614
images/CHINA/eating/restaurant/english/1.jpg,https://data.nextshark.com/wp-content/uploads/2018/12/2-14.jpg,CHINA,eating,restaurant,english,people eating food in restaurant in China,people eating food in restaurant in China,0.8217
images/CHINA/eating/restaurant/english/2.jpg,https://www.chinasage.info/imgs/ChengduLunch.jpg,CHINA,eating,restaurant,english,people eating food in restaurant in China,people eating food in restaurant in China,0.8006
images/CHINA/eating/restaurant/translated/10.jpeg,http://p0.itc.cn/images01/20200603/6308f3c86f994ddebfc27f75d4666069.jpeg,CHINA,eating,restaurant,translated,人们在餐馆吃饭，在中国,people eating food in restaurant in China,0.782
images/CHINA/eating/restaurant/english/6.jpg,https://i.ytimg.com/vi/PK_vLTNjRCQ/sddefault.jpg,CHINA,eating,restaurant,english,people eating food in restaurant in China,people eating food in restaurant in China,0.7596
images/CHINA/eating/restaurant/translated/1.png,http://www.nanning.china.com.cn/images/2023-05/31/55c2b324-ead4-4b63-afc2-477c75914851.png,CHINA,eating,restaurant,translated,人们在餐馆吃饭，在中国,people eating food in restaurant in China,0.7481
images/CHINA/funeral/funeral/english/3.jpg,https://factsanddetails.com/media/2/20080222-funeral%20xi%20bo%20prepared.jpg,CHINA,funeral,funeral,english,people attending a funeral ceremony in China,people attending a funeral ceremony in China,0.7805
images/CHINA/funeral/funeral/english/1.jpg,https://raider.pressbooks.pub/app/uploads/sites/44/2024/06/w700d1q75cms.jpg,CHINA,funeral,funeral,english,people attending a funeral ceremony in China,people attending a funeral ceremony in China,0.7774
images/CHINA/funeral/funeral/english/5.jpg,https://i.dailymail.co.uk/i/pix/2014/04/06/article-2598397-1CE193A400000578-914_634x430.jpg,CHINA,funeral,funeral,english,people attending a funeral ceremony in China,people attending a funeral ceremony in China,0.7638
images/CHINA/funeral/funeral/english/2.jpg,https://static01.nyt.com/images/2022/12/06/multimedia/06CHINA-JIANG-1-2b74/06CHINA-JIANG-1-2b74-videoSixteenByNine3000.jpg?year\u003d2022\u0026h\u003d1687\u0026w\u003d3000\u0026s\u003d56c4fd7e664ea0c18a162f1308321a7434cd8d41304d725b342e689e747ec4d2\u0026k\u003dZQJBKqZ0VN\u0026tw\u003d1,CHINA,funeral,funeral,english,people attending a funeral ceremony in China,people attending a funeral ceremony in China,0.7595
images/CHINA/funeral/funeral/translated/5.jpg,http://www.chinanews.com.cn/tw/news/2010/04-27/U274P4T8D2249400F107DT20100427133026.jpg,CHINA,funeral,funeral,translated,人们参加葬礼，在中国,people attending a funeral ceremony in China,0.7531
images/CHINA/game/Badminton/english/5.jpg,http://www.people.com.cn/mediafile/pic/BIG/20210726/67/15517251750347673719.jpg,CHINA,game,Badminton,english,people playing Badminton in China,people playing Badminton in China,0.8087
images/CHINA/game/Badminton/translated/7.jpeg,http://img3.chinadaily.com.cn/images/202405/25/665197f9a3109f7844fe62d7.jpeg,CHINA,game,Badminton,translated,人们在打羽毛球，在中国,people playing Badminton in China,0.805
images/CHINA/game/Badminton/translated/10.jpg,http://www.xinhuanet.com/politics/2016-08/17/11991517305231577710_11n.jpg,CHINA,game,Badminton,translated,人们在打羽毛球，在中国,people playing Badminton in China,0.7997
images/CHINA/game/Badminton/english/8.jpg,http://www.people.com.cn/mediafile/pic/GQ/20160820/51/4386712041973011499.jpg,CHINA,game,Badminton,english,people playing Badminton in China,people playing Badminton in China,0.7775
images/CHINA/game/Badminton/english/3.jpeg,https://assets.sutori.com/user-uploads/image/5f48d05e-e334-484b-b23e-27da6931105d/629c844058c3fa2e2b632b45335d72b0.jpeg,CHINA,game,Badminton,english,people playing Badminton in China,people playing Badminton in China,0.7671
images/CHINA/game/Catch the dragons tail/english/4.jpeg,https://news.cgtn.com/news/2024-02-12/Giant-dragon-installation-at-Shichahai-Lake--1r8tseWbcfC/img/1ef026ee059a4317be38445022b007e5/1ef026ee059a4317be38445022b007e5.jpeg,CHINA,game,Catch the dragon's tail,english,people playing Catch the dragon's tail in China,people playing Catch the dragon's tail in China,0.7627
images/CHINA/game/Catch the dragons tail/english/9.jpg,https://i.ytimg.com/vi/82WONFsBUqg/hq720.jpg?sqp\u003d-oaymwEhCK4FEIIDSFryq4qpAxMIARUAAAAAGAElAADIQj0AgKJD\u0026rs\u003dAOn4CLCJpSFu8MoA3F4ukJHXFC5bSHXsPQ,CHINA,game,Catch the dragon's tail,english,people playing Catch the dragon's tail in China,people playing Catch the dragon's tail in China,0.7439
images/CHINA/game/Catch the dragons tail/english/8.jpg,http://citywall.org/wp-content/uploads/2020/03/66011_4702101385945_1561719108_n.jpg,CHINA,game,Catch the dragon's tail,english,people playing Catch the dragon's tail in China,people playing Catch the dragon's tail in China,0.7039
images/CHINA/game/Catch the dragons tail/english/7.jpg,https://i.ytimg.com/vi/KXSbTUE6T6I/maxresdefault.jpg,CHINA,game,Catch the dragon's tail,english,people playing Catch the dragon's tail in China,people playing Catch the dragon's tail in China,0.6644
images/CHINA/game/Catch the dragons tail/translated/2.jpg,https://i.epochtimes.com/assets/uploads/2007/08/708060741211459-320x200.jpg,CHINA,game,Catch the dragon's tail,translated,人们在玩老鹰捉小鸡，在中国,people playing Catch the dragon's tail in China,0.6446
images/CHINA/game/Go Weiqi/translated/8.jpg,https://p4.img.cctvpic.com/fmspic/2025/07/26/eddb576bed8b4f2c902fad997d374f70-55672175-1.jpg,CHINA,game,Go (Weiqi),translated,人们在下围棋，在中国,people playing Go (Weiqi) in China,0.9163
images/CHINA/game/Go Weiqi/english/5.jpg,https://i.redd.it/8k8eb3ldxup71.jpg,CHINA,game,Go (Weiqi),english,people playing Go (Weiqi) in China,people playing Go (Weiqi) in China,0.8783
images/CHINA/game/Go Weiqi/translated/9.png,https://www.ts.cn/xwzx/shxw/202206/W020220617620632660130.png,CHINA,game,Go (Weiqi),translated,人们在下围棋，在中国,people playing Go (Weiqi) in China,0.8781
images/CHINA/game/Go Weiqi/english/6.jpg,http://takahashi-dojo.com/images/GO/image003_1.jpg,CHINA,game,Go (Weiqi),english,people playing Go (Weiqi) in China,people playing Go (Weiqi) in China,0.8759
images/CHINA/game/Go Weiqi/english/4.jpg,http://www.xinhuanet.com/english/2019-07/10/138215166_15627522630201n.jpg,CHINA,game,Go (Weiqi),english,people playing Go (Weiqi) in China,people playing Go (Weiqi) in China,0.8724
images/CHINA/game/Jianzi/english/8.png,https://asiasociety.org/sites/default/files/styles/1200w/public/J/josh.png,CHINA,game,Jianzi,english,people playing Jianzi in China,people playing Jianzi in China,0.8392
images/CHINA/game/Jianzi/translated/8.jpeg,https://www.ts.cn/xwzx/tyxw/202308/W020230808802207689424.jpeg,CHINA,game,Jianzi,translated,人们在踢毽子，在中国,people playing Jianzi in China,0.8052
images/CHINA/game/Jianzi/english/10.jpg,https://herschelian.wordpress.com/wp-content/uploads/2014/06/jianzi-illustration.jpg?w\u003d584,CHINA,game,Jianzi,english,people playing Jianzi in China,people playing Jianzi in China,0.8008
images/CHINA/game/Jianzi/english/7.jpg,https://i.pinimg.com/736x/e2/2a/dc/e22adc417aedac00409c02adbe0c1843.jpg,CHINA,game,Jianzi,english,people playing Jianzi in China,people playing Jianzi in China,0.7942
images/CHINA/game/Jianzi/english/2.jpg,https://ae01.alicdn.com/kf/HTB1Db0nLXXXXXb1XVXXq6xXFXXXk/5X-New-3-12cm-Sport-Kick-Shuttlecock-Chinese-Jianzi-Toy-Play-JIANZI-Game-Kick-Feather-Shuttlecocks.jpg,CHINA,game,Jianzi,english,people playing Jianzi in China,people playing Jianzi in China,0.7043
images/CHINA/game/Mahjong/translated/4.jpg,https://www.popo8.com/host/data/202307/19/16/p1689745216_677type_jpeg_size_1388_139_end.jpg_b.jpg,CHINA,game,Mahjong,translated,人们在打麻将，在中国,people playing Mahjong in China,0.9902
images/CHINA/game/Mahjong/english/10.jpg,https://nfassetoss.southcn.com/__asset/4f509c9f46/45ceb83796.jpg,CHINA,game,Mahjong,english,people playing Mahjong in China,people playing Mahjong in China,0.9639
images/CHINA/game/Mahjong/translated/10.jpeg,http://p0.ifengimg.com/pmop/2017/0516/BD3C31E99987CAC790D9F7229D56536FC0E68D73_size21_w400_h269.jpeg,CHINA,game,Mahjong,translated,人们在打麻将，在中国,people playing Mahjong in China,0.9529
images/CHINA/game/Mahjong/english/9.jpg,http://images.china.cn/attachement/jpg/site1007/20110527/001ec94a1ea10f497cc105.jpg,CHINA,game,Mahjong,english,people playing Mahjong in China,people playing Mahjong in China,0.9233
images/CHINA/game/Mahjong/english/1.jpg,https://images.uncyclomedia.co/uncyclopedia/en/f/fe/Allknowing.jpg,CHINA,game,Mahjong,english,people playing Mahjong in China,people playing Mahjong in China,0.9167
images/CHINA/game/Xiangqi Chinese chess/english/10.jpg,https://upload.wikimedia.org/wikipedia/commons/3/38/People_playing_Xiangqi.jpg,CHINA,game,Xiangqi (Chinese chess),english,people playing Xiangqi in China,people playing Xiangqi in China,0.9715
images/CHINA/game/Xiangqi Chinese chess/english/3.jpg,http://chinadigitaltimes.net/wp-content/uploads/2025/05/Xiangqi-Beijing-20250320-by-Gilbert-Sopakuwa-e1747285382731.jpg,CHINA,game,Xiangqi (Chinese chess),english,people playing Xiangqi in China,people playing Xiangqi in China,0.8789
images/CHINA/game/Xiangqi Chinese chess/english/2.jpg,https://as2.ftcdn.net/jpg/01/58/25/13/1000_F_158251344_8Z5hXvnCvs4jKbaJF2qxgQA8aL3IFQpD.jpg,CHINA,game,Xiangqi (Chinese chess),english,people playing Xiangqi in China,people playing Xiangqi in China,0.8505
images/CHINA/game/Xiangqi Chinese chess/english/5.jpg,https://media.worldnomads.com/stories-images/xiangqi/xiangqi-3.jpg,CHINA,game,Xiangqi (Chinese chess),english,people playing Xiangqi in China,people playing Xiangqi in China,0.85
images/CHINA/game/Xiangqi Chinese chess/english/6.jpg,https://file3.qdnd.vn/data/images/3/2023/11/27/upload_2149/4056750428898504758354797532411527621119267n-17009660102841004654579.jpg?dpi\u003d150\u0026quality\u003d100\u0026w\u003d500,CHINA,game,Xiangqi (Chinese chess),english,people playing Xiangqi in China,people playing Xiangqi in China,0.8217
images/CHINA/game/game/english/7.jpg,https://gomagic.org/files/images/2-china-1200x675.jpg,CHINA,game,game,english,people playing game in China,people playing game in China,0.8283
images/CHINA/game/game/translated/2.jpg,https://gdb.voanews.com/cb8fcd15-b0d1-4c05-b4c9-1792018f9890_w408_r1_s.jpg,CHINA,game,game,translated,人们在玩游戏，在中国,people playing game in China,0.7858
images/CHINA/game/game/translated/9.png,https://p2.img.cctvpic.com/photoworkspace/contentimg/2024/08/22/2024082214143449596.png,CHINA,game,game,translated,人们在玩游戏，在中国,people playing game in China,0.7708
images/CHINA/game/game/translated/6.png,https://i.guancha.cn/bbs/2024/07/17/20240717083119691.png?imageView2/2/w/500/format/png,CHINA,game,game,translated,人们在玩游戏，在中国,people playing game in China,0.7648
images/CHINA/game/game/english/1.jpg,https://as2.ftcdn.net/jpg/01/58/25/13/1000_F_158251344_8Z5hXvnCvs4jKbaJF2qxgQA8aL3IFQpD.jpg,CHINA,game,game,english,people playing game in China,people playing game in China,0.7435
images/CHINA/greeting/greeting/english/10.jpg,http://www.chinatoday.com.cn/english/life/attachement/jpg/site127/20170731/eca86b9755881ae8d09127.jpg,CHINA,greeting,greeting,english,people greeting in China,people greeting in China,0.8365
images/CHINA/greeting/greeting/translated/8.jpg,http://static.jstv.com/gather/hl/20191122/81/1074779560454892017.jpg,CHINA,greeting,greeting,translated,人们在打招呼，在中国,people greeting in China,0.8109
images/CHINA/greeting/greeting/english/1.jpg,https://www.travelchinaguide.com/images/photogallery/2010/greeting.jpg,CHINA,greeting,greeting,english,people greeting in China,people greeting in China,0.7682
images/CHINA/greeting/greeting/translated/9.jpg,http://p1.img.cctvpic.com/photoworkspace/contentimg/2016/11/21/2016112109345564340.jpg,CHINA,greeting,greeting,translated,人们在打招呼，在中国,people greeting in China,0.7038
images/CHINA/greeting/greeting/english/5.jpg,https://images.squarespace-cdn.com/content/v1/61072865e188440329002c4e/5e1fa5c8-4f68-4ca8-ac9e-d0789193b43f/foreign+business+people+in+china.jpg,CHINA,greeting,greeting,english,people greeting in China,people greeting in China,0.6976
images/CHINA/greeting/handshake/english/5.jpg,https://deliciouschinese.wordpress.com/wp-content/uploads/2010/10/employ1.jpg,CHINA,greeting,handshake,english,two people greeting with handshake in China,two people greeting with handshake in China,0.8413
images/CHINA/greeting/handshake/english/3.jpg,https://jacoblund.com/cdn/shop/products/photo-id-2074476740677-business-people-greeting-each-other-with-a-handshake.jpg?v\u003d1563818631,CHINA,greeting,handshake,english,two people greeting with handshake in China,two people greeting with handshake in China,0.7998
images/CHINA/greeting/handshake/english/8.jpg,https://gdb.voanews.com/6819350f-ae5c-4957-a032-fbaae22f9296_w408_r1_s.jpg,CHINA,greeting,handshake,english,two people greeting with handshake in China,two people greeting with handshake in China,0.7802
images/CHINA/greeting/handshake/translated/1.jpg,https://img.redocn.com/sheji/20220104/lianggenanrenzhengzaiwoshou_12001637.jpg,CHINA,greeting,handshake,translated,两个人握手问候，在中国,two people greeting with handshake in China,0.7723
images/CHINA/greeting/handshake/translated/6.jpg,https://gdb.voanews.com/7efec833-7b2a-4eae-9280-66353ddfb45c_w1200_h630.jpg,CHINA,greeting,handshake,translated,两个人握手问候，在中国,two people greeting with handshake in China,0.7713
images/CHINA/greeting/slight bow/translated/2.jpg,https://news.pku.edu.cn/images/2023-11/bd437f967a7441c596f1b82a148624b7.jpg,CHINA,greeting,slight bow,translated,两个人鞠躬问候，在中国,two people greeting with slight bow in China,0.804
images/CHINA/greeting/slight bow/english/2.jpg,https://www.nydailynews.com/wp-content/uploads/migration/2020/04/14/EN4MZNZBNFDA3EV2G7SLLSWDDI.jpg?w\u003d1024\u0026h\u003d670,CHINA,greeting,slight bow,english,two people greeting with slight bow in China,two people greeting with slight bow in China,0.7736
images/CHINA/greeting/slight bow/translated/6.jpg,https://makimono-manners.com/wp-content/uploads/2025/02/image_greeting_a.jpg,CHINA,greeting,slight bow,translated,两个人鞠躬问候，在中国,two people greeting with slight bow in China,0.7552
images/CHINA/greeting/slight bow/english/4.jpeg,https://www.globaltimes.cn/Portals/0/attachment/2016/2016-09-09/445d9846-3ef5-4497-9388-a7fd8eb1d326.jpeg,CHINA,greeting,slight bow,english,two people greeting with slight bow in China,two people greeting with slight bow in China,0.7384
images/CHINA/greeting/slight bow/english/6.jpg,https://upload.wikimedia.org/wikipedia/commons/b/b9/Japan_-_Tokyo_%289980668875%29.jpg,CHINA,greeting,slight bow,english,two people greeting with slight bow in China,two people greeting with slight bow in China,0.7367
images/CHINA/religious/ancestor offering at home altar/translated/7.jpg,https://www.chinafolklore.org/upload/userfiles/715_zss_02.jpg,CHINA,religious,ancestor offering at home altar,translated,在家中祭祖，在中国,ancestor offering at home altar in China,0.8627
images/CHINA/religious/ancestor offering at home altar/english/10.jpg,https://indochinavoyages.wordpress.com/wp-content/uploads/2014/06/bantho.jpg,CHINA,religious,ancestor offering at home altar,english,ancestor offering at home altar in China,ancestor offering at home altar in China,0.8487
images/CHINA/religious/ancestor offering at home altar/english/5.jpg,"https://m.media-amazon.com/images/I/71j8QrQOSmL._UF894,1000_QL80_.jpg",CHINA,religious,ancestor offering at home altar,english,ancestor offering at home altar in China,ancestor offering at home altar in China,0.7712
images/CHINA/religious/ancestor offering at home altar/english/3.jpg,https://www.konfucijus.vu.lt/external/konfucijus/files/249669701_3041790046059557_1638898120053484783_n.jpg,CHINA,religious,ancestor offering at home altar,english,ancestor offering at home altar in China,ancestor offering at home altar in China,0.7707
images/CHINA/religious/ancestor offering at home altar/english/2.jpg,https://gtwhi.com.my/wp-content/uploads/2021/03/KSN95w.jpg,CHINA,religious,ancestor offering at home altar,english,ancestor offering at home altar in China,ancestor offering at home altar in China,0.7511
images/CHINA/religious/praying/english/10.jpg,https://www.chinadaily.com.cn/china/images/attachement/jpg/site1/20160209/d8cb8a3d712f18237d5c06.jpg,CHINA,religious,praying,english,people praying in China,people praying in China,0.758
images/CHINA/religious/praying/translated/10.jpg,https://www.popo8.com/host/data/202301/22/10/ef3a5b6.jpg,CHINA,religious,praying,translated,人们在祈祷，在中国,people praying in China,0.7411
images/CHINA/religious/praying/translated/5.jpg,https://static01.nyt.com/images/2017/12/05/climate/cn-part2-1/cn-part2-1-master1050.jpg,CHINA,religious,praying,translated,人们在祈祷，在中国,people praying in China,0.7238
images/CHINA/religious/praying/translated/6.jpg,https://static01.nyt.com/images/2019/12/22/opinion/sunday/22Johnson/22Johnson-master1050.jpg,CHINA,religious,praying,translated,人们在祈祷，在中国,people praying in China,0.7236
images/CHINA/religious/praying/translated/2.jpg,http://zqb.cyol.com/images/2008-05/20/xin__EWM_580505200735031726919.jpg,CHINA,religious,praying,translated,人们在祈祷，在中国,people praying in China,0.7181
images/CHINA/religious/religious/translated/8.jpg,https://www.asianews.it/files/img/mmexport1741005261309.jpg,CHINA,religious,religious,translated,人们参加传统宗教活动，在中国,people participating in a traditional religious event in China,0.7751
images/CHINA/religious/religious/translated/6.png,https://mzw.sc.gov.cn/scsmzw/mztj/2024/4/29/35ab152ed1534ffeb52fb7269fc9d2ed/images/2.png,CHINA,religious,religious,translated,人们参加传统宗教活动，在中国,people participating in a traditional religious event in China,0.7545
images/CHINA/religious/religious/translated/1.jpg,https://s.rfi.fr/media/display/6d8e0474-0dbf-11ea-9c6b-005056a9aa4d/w:1024/p:16x9/2018-03-31t143628z_1008276988_rc13e9349800_rtrmadp_3_religion-easter-china_0.jpg,CHINA,religious,religious,translated,人们参加传统宗教活动，在中国,people participating in a traditional religious event in China,0.7513
images/CHINA/religious/religious/english/7.jpg,https://english.news.cn/20240411/8a34b297eb58487690f8f4466fb7afc3/84a9161f9b7e4ec9986fd8229e3f93a6.jpg,CHINA,religious,religious,english,people participating in a traditional religious event in China,people participating in a traditional religious event in China,0.7496
images/CHINA/religious/religious/translated/2.jpg,http://p1.ifengimg.com/a/2017_38/53e92d86f7c50e2_size43_w555_h321.jpg,CHINA,religious,religious,translated,人们参加传统宗教活动，在中国,people participating in a traditional religious event in China,0.7485
images/CHINA/religious/temple incense ceremony/english/7.jpg,https://upload.wikimedia.org/wikipedia/commons/1/1d/Changhua_nanyao_2.jpg,CHINA,religious,temple incense ceremony,english,temple incense ceremony in China,temple incense ceremony in China,0.9109
images/CHINA/religious/temple incense ceremony/english/1.jpg,https://us.images.westend61.de/0001416780pw/incense-sticks-burning-guan-di-chinese-taoist-temple-kuala-lumpur-malaysia-southeast-asia-asia-RHPLF16088.jpg,CHINA,religious,temple incense ceremony,english,temple incense ceremony in China,temple incense ceremony in China,0.8665
images/CHINA/religious/temple incense ceremony/english/10.jpg,https://c.stocksy.com/a/35Q800/z9/2006881.jpg,CHINA,religious,temple incense ceremony,english,temple incense ceremony in China,temple incense ceremony in China,0.8615
images/CHINA/religious/temple incense ceremony/translated/1.jpg,http://www.qzwhcy.com/html/news/uploadfiles/151215/201512151703554687.jpg,CHINA,religious,temple incense ceremony,translated,寺庙上香仪式，在中国,temple incense ceremony in China,0.8575
images/CHINA/religious/temple incense ceremony/translated/7.jpg,https://news.66wz.com/pic/003/001/520/00300152066_c3156e43.jpg,CHINA,religious,temple incense ceremony,translated,寺庙上香仪式，在中国,temple incense ceremony in China,0.8527
images/CHINA/wedding/wedding/translated/3.png,http://www.sx.chinanews.com/2023/0912/U989P8DT20230912170326.png,CHINA,wedding,wedding,translated,婚礼庆典，在中国,wedding celebration in China,0.8697
images/CHINA/wedding/wedding/translated/9.jpg,https://www.cntizi.com/wp-content/uploads/2022/11/%E8%91%97%E5%90%8D%E4%B9%A6%E6%B3%95%E5%AE%B6%E6%9D%8E%E5%B0%91%E9%9D%92%E4%B8%BA%E5%A9%9A%E7%A4%BC%E9%A2%98%E8%AF%8D-1.jpg,CHINA,wedding,wedding,translated,婚礼庆典，在中国,wedding celebration in China,0.8021
images/CHINA/wedding/wedding/translated/5.jpg,http://hunli99.com/uploads/20240519/d3aa32ca3298346369187a5791bc0543.jpg,CHINA,wedding,wedding,translated,婚礼庆典，在中国,wedding celebration in China,0.7949
images/CHINA/wedding/wedding/translated/1.jpg,http://union.china.com.cn/zhuanti/images/2018-05/10/8a167cd8-77e2-43ea-8795-db8621ffdc50.jpg,CHINA,wedding,wedding,translated,婚礼庆典，在中国,wedding celebration in China,0.7841
images/CHINA/wedding/wedding/english/9.jpg,https://www.travelchinaguide.com/images/photogallery/2009/1109151804.jpg,CHINA,wedding,wedding,english,wedding celebration in China,wedding celebration in China,0.7795
images/FRANCE/celebration/Bastille Day/english/1.jpg,https://media.phillyvoice.com/media/images/071023_Bastille_Day.2e16d0ba.fill-735x490.jpg,FRANCE,celebration,Bastille Day,english,people participating in Bastille Day in France,people participating in Bastille Day in France,0.8356
images/FRANCE/celebration/Bastille Day/english/4.jpg,https://s.france24.com/media/display/5a505c82-1b43-11ee-8672-005056a90284/w:1280/p:4x3/000_32ED8ND.jpg,FRANCE,celebration,Bastille Day,english,people participating in Bastille Day in France,people participating in Bastille Day in France,0.8026
images/FRANCE/celebration/Bastille Day/translated/3.jpg,http://www.defense.gouv.fr/sites/default/files/terre/Defile-14-juillet.jpg,FRANCE,celebration,Bastille Day,translated,des gens participant à la fête nationale (14 juillet) en France,people participating in Bastille Day in France,0.8017
images/FRANCE/celebration/Bastille Day/english/6.jpg,https://travelsquire.com/ts/wp-content/uploads/2016/01/BAstille-DAy-on-Champs-%C3%89lys%C3%A9es-Reuters-Charles-Platiau.jpg,FRANCE,celebration,Bastille Day,english,people participating in Bastille Day in France,people participating in Bastille Day in France,0.7944
images/FRANCE/celebration/Bastille Day/translated/8.jpg,https://www.cheminsdememoire.gouv.fr/sites/default/files/styles/old_styles/styles/large/public/articles_place_concorde_4.jpg,FRANCE,celebration,Bastille Day,translated,des gens participant à la fête nationale (14 juillet) en France,people participating in Bastille Day in France,0.7887
images/FRANCE/celebration/Christmas/english/6.jpeg,https://www.globaltimes.cn/Portals/0/attachment/2024/2024-12-02/00e1c43e-b168-4ad3-8d3d-70463026d0be.jpeg,FRANCE,celebration,Christmas,english,people participating in Christmas in France,people participating in Christmas in France,0.7761
images/FRANCE/celebration/Christmas/english/4.jpg,https://d3dqioy2sca31t.cloudfront.net/Projects/cms/production/000/024/898/medium/593b23f9b6948fd8ba140ad346cd363c/france-paris-christmas-shop-112118-cl.jpg,FRANCE,celebration,Christmas,english,people participating in Christmas in France,people participating in Christmas in France,0.7716
images/FRANCE/celebration/Christmas/translated/2.jpg,https://www.fizzer.com/fr/wp-content/uploads/sites/3/2020/12/noel-en-france.jpg,FRANCE,celebration,Christmas,translated,des gens participant à Noël en France,people participating in Christmas in France,0.7698
images/FRANCE/celebration/Christmas/english/8.jpg,https://img.lemde.fr/2022/12/05/224/0/2304/1152/1342/671/60/0/956cc13_1670221856763-000-32yg7uc.jpg,FRANCE,celebration,Christmas,english,people participating in Christmas in France,people participating in Christmas in France,0.7352
images/FRANCE/celebration/Christmas/translated/5.png,https://i.postimg.cc/LsJnNMDb/grignan.png,FRANCE,celebration,Christmas,translated,des gens participant à Noël en France,people participating in Christmas in France,0.731
images/FRANCE/celebration/Easter/english/1.jpg,http://www.xinhuanet.com/english/2019-04/23/138001193_15559977741301n.jpg,FRANCE,celebration,Easter,english,people participating in Easter in France,people participating in Easter in France,0.7713
images/FRANCE/celebration/Easter/english/5.png,https://dordognevie.com/wp-content/uploads/2024/02/How-do-people-celebrate-easter-in-france-200x300.png,FRANCE,celebration,Easter,english,people participating in Easter in France,people participating in Easter in France,0.7709
images/FRANCE/celebration/Easter/english/6.jpg,https://frenchmoments.eu/wp-content/uploads/2023/03/Easter-Vigil-in-Chartres-%C2%A9-Laurent-Jerry-licence-CC-BY-SA-4.0-from-Wikimedia-Commons.jpg,FRANCE,celebration,Easter,english,people participating in Easter in France,people participating in Easter in France,0.7659
images/FRANCE/celebration/Easter/english/7.jpg,https://i.ytimg.com/vi/UBPjNO7Defo/hq720.jpg?sqp\u003d-oaymwEhCK4FEIIDSFryq4qpAxMIARUAAAAAGAElAADIQj0AgKJD\u0026rs\u003dAOn4CLBXY9Szms41EmUmV5Yt_fmsHSFgtQ,FRANCE,celebration,Easter,english,people participating in Easter in France,people participating in Easter in France,0.7601
images/FRANCE/celebration/Easter/translated/8.jpg,https://images.ladepeche.fr/api/v1/images/view/6606e612ddd8aa0bec120adb/hd/image.jpg?v\u003d2,FRANCE,celebration,Easter,translated,des gens participant à Pâques en France,people participating in Easter in France,0.7598
images/FRANCE/celebration/Festival of Lights Lyon/translated/3.jpg,https://mesinfos.fr/content/articles/185/A212185/initial-fete-des-lumieres-2024-petit-geant-foule-terreaux.jpg,FRANCE,celebration,Festival of Lights (Lyon),translated,des gens participant à la Fête des Lumières à Lyon en France,people participating in Festival of Lights in Lyon in France,0.9204
images/FRANCE/celebration/Festival of Lights Lyon/english/3.jpg,https://i.ytimg.com/vi/H0pG9U0sqw4/hq720.jpg?sqp\u003d-oaymwEhCK4FEIIDSFryq4qpAxMIARUAAAAAGAElAADIQj0AgKJD\u0026rs\u003dAOn4CLADImgOHZunBoobDdWP4F9vsY6dfQ,FRANCE,celebration,Festival of Lights (Lyon),english,people participating in Festival of Lights in Lyon in France,people participating in Festival of Lights in Lyon in France,0.9117
images/FRANCE/celebration/Festival of Lights Lyon/translated/9.jpg,https://cdn-s-www.leprogres.fr/images/1A95EC48-6EB6-4115-8F09-888D1C50890B/NW_raw/2011-69-personnages-lumineux-envahissent-le-bassin-de-la-place-de-la-republique-a-la-surface-de-l-eau-chacun-de-leurs-mouvements-donne-vie-a-ces-sculptures-de-neons-elles-s-animent-defilent-en-parade-dansent-se-battent-photo-progres-joel-philippon-1638286074.jpg,FRANCE,celebration,Festival of Lights (Lyon),translated,des gens participant à la Fête des Lumières à Lyon en France,people participating in Festival of Lights in Lyon in France,0.864
images/FRANCE/celebration/Festival of Lights Lyon/translated/10.jpg,https://travelfrancebucketlist.com/wp-content/uploads/2024/08/Lyon-Light-Festival-Tests.jpg,FRANCE,celebration,Festival of Lights (Lyon),translated,des gens participant à la Fête des Lumières à Lyon en France,people participating in Festival of Lights in Lyon in France,0.8495
images/FRANCE/celebration/Festival of Lights Lyon/english/5.jpg,https://en.visiterlyon.com/var/site/storage/images/2/9/5/4/134592-4-fre-FR/63d4e54e893e-Une-toute-petite-histoire-de-lumiere_Place-des-Terreaux_FDL-2019-04_12_2019-credit-BriceROBERT_01_1920.jpg,FRANCE,celebration,Festival of Lights (Lyon),english,people participating in Festival of Lights in Lyon in France,people participating in Festival of Lights in Lyon in France,0.8443
images/FRANCE/celebration/Fête de la Musique/translated/4.jpg,https://www.touteleurope.eu/wp-content/uploads/2021/06/fete-de-la-musique.jpg,FRANCE,celebration,Fête de la Musique,translated,des gens participant à la Fête de la Musique en France,people participating in Fête de la Musique in France,0.8152
images/FRANCE/celebration/Fête de la Musique/translated/5.jpeg,https://lifeinruralfrance.com/wp-content/uploads/2023/05/Fete-de-la-Musique-in-France-_-World-Music-Day-1024x768.jpeg,FRANCE,celebration,Fête de la Musique,translated,des gens participant à la Fête de la Musique en France,people participating in Fête de la Musique in France,0.7841
images/FRANCE/celebration/Fête de la Musique/english/3.jpg,https://wanderon-images.gumlet.io/gallery/new/2025/06/02/1748867190204-fete-de-la-musique-in-paris.jpg,FRANCE,celebration,Fête de la Musique,english,people participating in Fête de la Musique in France,people participating in Fête de la Musique in France,0.7824
images/FRANCE/celebration/Fête de la Musique/translated/7.jpeg,https://fetedelamusique.in/media/news/events_fete_musique_2018.jpeg,FRANCE,celebration,Fête de la Musique,translated,des gens participant à la Fête de la Musique en France,people participating in Fête de la Musique in France,0.7489
images/FRANCE/celebration/Fête de la Musique/english/1.jpg,https://s.france24.com/media/display/b89d40b2-b43e-11ea-98fb-005056bf87d6/w:1280/p:16x9/fete%20de%20la%20musique%20paris%20covid.jpg,FRANCE,celebration,Fête de la Musique,english,people participating in Fête de la Musique in France,people participating in Fête de la Musique in France,0.7391
images/FRANCE/celebration/Fête du Citron/english/5.jpg,https://craftandtravel.com/wp-content/uploads/2025/03/menton-fete-du-citron_taj-mahal-scaled.jpg,FRANCE,celebration,Fête du Citron,english,people participating in Fête du Citron in France,people participating in Fête du Citron in France,0.8762
images/FRANCE/celebration/Fête du Citron/english/2.jpg,"https://images.rove.me/w_414,q_85/yxnqecrdgn7suy6ezbqi/provence-french-riviera-la-fete-du-citron.jpg",FRANCE,celebration,Fête du Citron,english,people participating in Fête du Citron in France,people participating in Fête du Citron in France,0.7919
images/FRANCE/celebration/Fête du Citron/translated/2.jpg,https://www.esterel-cotedazur.com/wp-content/uploads/external/30780b81fbe2f29b727e315942fc9b69-14008582-1000x710.jpg,FRANCE,celebration,Fête du Citron,translated,des gens participant à la Fête du Citron en France,people participating in Fête du Citron in France,0.758
images/FRANCE/celebration/Fête du Citron/english/9.jpeg,https://frenchriviera.travel/wp-content/uploads/2019/01/Lemon-Festival-Menton1.jpeg,FRANCE,celebration,Fête du Citron,english,people participating in Fête du Citron in France,people participating in Fête du Citron in France,0.752
images/FRANCE/celebration/Fête du Citron/english/7.jpeg,https://frenchriviera.travel/wp-content/uploads/2019/01/Lemon-Festival-Menton3.jpeg,FRANCE,celebration,Fête du Citron,english,people participating in Fête du Citron in France,people participating in Fête du Citron in France,0.7502
images/FRANCE/celebration/Nice Carnival/translated/8.jpg,https://www.sncf-connect.com/assets/styles/ratio_2_1_max_width_961/public/media/2022-12/carnaval-nice-char.jpg?h\u003d2b1a0082\u0026itok\u003dEY6M8iS9,FRANCE,celebration,Nice Carnival,translated,des gens participant au Carnaval de Nice en France,people participating in Nice Carnival in France,0.8377
images/FRANCE/celebration/Nice Carnival/english/4.jpg,http://www.chamellephotography.com/wp-content/uploads/2018/02/carnaval-de-nice-carnival-corso-carnavalesque-sunday-day-parade-festival-travel-blog-1040.jpg,FRANCE,celebration,Nice Carnival,english,people participating in Nice Carnival in France,people participating in Nice Carnival in France,0.8132
images/FRANCE/celebration/Nice Carnival/translated/1.jpg,https://www.voyages-groupes-transgallia.com/blob_contents/voy_images-c8ec8c6345be4637b885984125b6ab3d.jpg,FRANCE,celebration,Nice Carnival,translated,des gens participant au Carnaval de Nice en France,people participating in Nice Carnival in France,0.8025
images/FRANCE/celebration/Nice Carnival/translated/5.jpg,https://offloadmedia.feverup.com/marseillesecrete.com/wp-content/uploads/2025/01/17132136/Template-article-17-1024x576.jpg,FRANCE,celebration,Nice Carnival,translated,des gens participant au Carnaval de Nice en France,people participating in Nice Carnival in France,0.7917
images/FRANCE/celebration/Nice Carnival/english/9.jpg,https://monacolife.net/wp-content/uploads/2023/02/flower-parade-e1675765066799.jpg,FRANCE,celebration,Nice Carnival,english,people participating in Nice Carnival in France,people participating in Nice Carnival in France,0.7826
images/FRANCE/celebration/celebration/translated/9.jpg,"https://pictures.laprovence.com/cdn-cgi/image/width\u003d800,format\u003dauto,quality\u003d80/media/melody/2025/05/21/eeeeeeeee-1747830803_add8ce65cd28642e8ce65cd2876e8cv_.jpg",FRANCE,celebration,celebration,translated,des gens participant à une fête ou une célébration traditionnelle en France,people participating in a traditional festival or observance in France,0.8296
images/FRANCE/celebration/celebration/english/2.jpg,https://lynnlchin.wordpress.com/wp-content/uploads/2016/05/unnamed.jpg,FRANCE,celebration,celebration,english,people participating in a traditional festival or observance in France,people participating in a traditional festival or observance in France,0.8078
images/FRANCE/celebration/celebration/english/5.jpeg,https://www.offbeatfrance.com/images/french-holidays-bastille-parade.jpeg,FRANCE,celebration,celebration,english,people participating in a traditional festival or observance in France,people participating in a traditional festival or observance in France,0.7543
images/FRANCE/celebration/celebration/english/9.jpg,https://wp.expatexplore.com/wp-content/uploads/2017/01/Folk_Festival_Zagreb.jpg,FRANCE,celebration,celebration,english,people participating in a traditional festival or observance in France,people participating in a traditional festival or observance in France,0.7464
images/FRANCE/celebration/celebration/english/8.jpg,https://www.france-justforyou.com/sites/default/files/wysiwyg/france_just_for_you_summer_festivals_in_france_medieval_2.jpg,FRANCE,celebration,celebration,english,people participating in a traditional festival or observance in France,people participating in a traditional festival or observance in France,0.7438
images/FRANCE/concert/concert/translated/1.jpg,"https://www.programme-tv.net/imgre/fit/~1~tel~2022~07~11~072d26ee-66c8-4a20-8f16-a5ee5d0ec35f.jpeg/1200x600/crop-from/top/quality/80/focus-point/4370,3744/concert-de-paris-ce-jeudi-14-juillet-sur-france-2-combien-coute-t-il.jpg",FRANCE,concert,concert,translated,concert en France,concert in France,0.7643
images/FRANCE/concert/concert/english/10.jpg,https://deneb.philharmoniedeparis.fr/uploads/images/cache/event_large/rc/CRg9HgLR/uploads/images/Orchestre-National-de-France-by-Christophe-Abramow.jpg,FRANCE,concert,concert,english,concert in France,concert in France,0.7042
images/FRANCE/concert/concert/english/9.jpg,https://assets.classicfm.com/2014/35/arsenal-metz-1409575183-view-0.jpg,FRANCE,concert,concert,english,concert in France,concert in France,0.6985
images/FRANCE/concert/concert/translated/9.jpg,https://musicbiz.media/wp-content/uploads/2024/05/362787426_2315989871916690_2518718260025483150_n.jpg,FRANCE,concert,concert,translated,concert en France,concert in France,0.6826
images/FRANCE/concert/concert/english/7.jpg,https://img.lemde.fr/2023/05/27/0/0/6522/4348/664/0/75/0/21ed2b9_1685169623403-20230526-rwt-paris-white-w2-7810-v1-tp.jpg,FRANCE,concert,concert,english,concert in France,concert in France,0.6795
images/FRANCE/concert/indoor/translated/5.jpg,https://www.musiqueorguequebec.ca/orgues/france/parisrf02.jpg,FRANCE,concert,indoor,translated,concert en salle en France,indoor concert in France,0.758
images/FRANCE/concert/indoor/translated/8.jpg,https://static.francetelevisions.fr/styles/scale_1580/public/2025-03/FTV_Agrandir_Spectacle.jpg?itok\u003d27jyo7eE,FRANCE,concert,indoor,translated,concert en salle en France,indoor concert in France,0.7508
images/FRANCE/concert/indoor/translated/3.jpg,https://philharmoniedeparis.fr/sites/default/files/2021-01/Grande-salle-%C2%A9-W-Beaucardet-08.jpg,FRANCE,concert,indoor,translated,concert en salle en France,indoor concert in France,0.7459
images/FRANCE/concert/indoor/translated/4.jpg,https://cdn-s-www.estrepublicain.fr/images/a9a2e1c6-e1c8-4e68-b89f-da993f3735a2/BES_06/illustration-made-in-france-nouvel-an_1-1754572511.jpg,FRANCE,concert,indoor,translated,concert en salle en France,indoor concert in France,0.7425
images/FRANCE/concert/indoor/english/10.jpg,https://assets.classicfm.com/2014/35/arsenal-metz-1409575183-view-0.jpg,FRANCE,concert,indoor,english,indoor concert in France,indoor concert in France,0.7338
images/FRANCE/concert/outdoor/english/3.jpg,https://cdn.sortiraparis.com/images/80/102944/932036-les-arenes-lyriques-2023-image00008.jpg,FRANCE,concert,outdoor,english,outdoor concert in France,outdoor concert in France,0.8104
images/FRANCE/concert/outdoor/english/2.jpg,https://wanderon-images.gumlet.io/gallery/new/2025/06/02/1748867190204-fete-de-la-musique-in-paris.jpg,FRANCE,concert,outdoor,english,outdoor concert in France,outdoor concert in France,0.7706
images/FRANCE/concert/outdoor/english/1.jpg,https://png.pngtree.com/background/20250708/original/pngtree-france-bastille-day-outdoor-concert-with-live-french-music-and-festive-picture-image_16690545.jpg,FRANCE,concert,outdoor,english,outdoor concert in France,outdoor concert in France,0.7671
images/FRANCE/concert/outdoor/translated/10.jpg,https://www.roubaixalaccordeon.fr/wp-content/uploads/2023/11/38477cc5-ef99-4d32-a08c-70a7acbd7d28-768x768.jpg,FRANCE,concert,outdoor,translated,concert en plein air en France,outdoor concert in France,0.7509
images/FRANCE/concert/outdoor/english/10.jpg,https://png.pngtree.com/background/20250619/original/pngtree-france-bastille-day-outdoor-concert-with-live-french-music-and-festive-picture-image_16659049.jpg,FRANCE,concert,outdoor,english,outdoor concert in France,outdoor concert in France,0.7465
images/FRANCE/dancing/can-can/english/2.jpg,https://i.ytimg.com/vi/QvccyANdjnk/maxresdefault.jpg,FRANCE,dancing,can-can,english,people dancing can-can in France,people dancing can-can in France,0.6898
images/FRANCE/dancing/can-can/translated/4.jpg,https://ekladata.com/TkFAoAu1ppjsYpHDhkohVtMUEfw.jpg,FRANCE,dancing,can-can,translated,des gens dansant le can-can en France,people dancing can-can in France,0.6749
images/FRANCE/dancing/can-can/translated/1.jpg,https://www.artesine.fr/images/guide/produits/2017-12/v-parade-french-cancan-crazyprod-15-174212-650-400.jpg,FRANCE,dancing,can-can,translated,des gens dansant le can-can en France,people dancing can-can in France,0.6586
images/FRANCE/dancing/can-can/translated/6.jpg,"https://static.wixstatic.com/media/388b7a_5dee39134cce45ccbbb00c90642f537e.jpg/v1/fill/w_560,h_420,al_c,q_80,usm_0.66_1.00_0.01,enc_avif,quality_auto/388b7a_5dee39134cce45ccbbb00c90642f537e.jpg",FRANCE,dancing,can-can,translated,des gens dansant le can-can en France,people dancing can-can in France,0.6256
images/FRANCE/dancing/can-can/translated/7.jpg,https://www.lesdanseusesdor.com/wp-content/uploads/audie_jambe_frenchcancan_danseusesdor.jpg,FRANCE,dancing,can-can,translated,des gens dansant le can-can en France,people dancing can-can in France,0.6063
images/FRANCE/dancing/dancing/translated/3.jpg,https://parisjetaime.com/data/layout_image/15_Bal-Seine-630x405-C-OTCP-Amelie-Dupont-177-05.jpg,FRANCE,dancing,dancing,translated,des gens en train de danser en France,people dancing in France,0.8685
images/FRANCE/dancing/dancing/translated/5.jpg,https://static.actu.fr/uploads/2019/03/25590-190327115941498-0.jpg,FRANCE,dancing,dancing,translated,des gens en train de danser en France,people dancing in France,0.7722
images/FRANCE/dancing/dancing/translated/7.jpg,https://cdn-s-www.republicain-lorrain.fr/images/D03DA9AA-A04C-4322-B307-31E0F15FB77F/NW_raw/quot-danser-encore-quot-la-chanson-de-hk-et-les-saltimbanks-est-depuis-decembre-dernier-devenue-l-hymne-des-personnes-souhaitant-le-retour-de-la-vie-culturelle-en-france-mais-aussi-a-l-etranger-ce-samedi-phalsbourg-est-entre-dans-la-danse-photo-rl-1621093631.jpg,FRANCE,dancing,dancing,translated,des gens en train de danser en France,people dancing in France,0.7719
images/FRANCE/dancing/dancing/translated/8.jpg,https://www.radiofrance.fr/s3/cruiser-production-eu3/2025/08/7127985f-58da-481b-8ddc-834cb0745d86/870x489_sc_000-arp1882093.jpg,FRANCE,dancing,dancing,translated,des gens en train de danser en France,people dancing in France,0.7492
images/FRANCE/dancing/dancing/translated/6.jpg,https://cdn-s-www.republicain-lorrain.fr/images/EED6FBE8-B6FD-4BF0-87DE-2FFAC88F95D6/NW_raw/la-chanson-de-hk-et-les-saltimbanks-quot-danser-encore-quot-est-depuis-decembre-dernier-devenue-l-hymne-des-personnes-souhaitant-le-retour-de-la-vie-culturelle-en-france-mais-aussi-a-l-etranger-ce-samedi-phalsbourg-est-entre-dans-la-danse-photo-rl-1621093631.jpg,FRANCE,dancing,dancing,translated,des gens en train de danser en France,people dancing in France,0.7195
images/FRANCE/dancing/java/translated/6.jpg,https://i.ytimg.com/vi/hWPxY1ttVN0/sddefault.jpg?sqp\u003d-oaymwEmCIAFEOAD8quKqQMa8AEB-AHUBoAC4AOKAgwIABABGD4gUShlMA8\u003d\u0026rs\u003dAOn4CLCG-pledTysVKACduZkmIYhRi66Jw,FRANCE,dancing,java,translated,des gens dansant la java en France,people dancing java in France,0.8211
images/FRANCE/dancing/java/english/6.jpg,https://i.ytimg.com/vi/bW9xQk-xw-0/maxresdefault.jpg,FRANCE,dancing,java,english,people dancing java in France,people dancing java in France,0.8195
images/FRANCE/dancing/java/translated/8.jpg,https://i.ytimg.com/vi/FZqrj_3gVyQ/hqdefault.jpg,FRANCE,dancing,java,translated,des gens dansant la java en France,people dancing java in France,0.7912
images/FRANCE/dancing/java/translated/2.jpg,https://contredanse.org/wp-content/uploads/2024/04/cc-merksem-scaled.jpg,FRANCE,dancing,java,translated,des gens dansant la java en France,people dancing java in France,0.7601
images/FRANCE/dancing/java/english/10.jpg,http://www.walternelson.com/dr/sites/default/files/imagepicker/w/walter/193893_10150112508854390_4502582_o.jpg,FRANCE,dancing,java,english,people dancing java in France,people dancing java in France,0.7343
images/FRANCE/dancing/valse musette/translated/4.jpg,https://cdn-s-www.estrepublicain.fr/images/86ED4735-2413-4242-B3C5-25C2FB5F297D/NW_raw/et-en-piste-pour-une-java-du-carre-pieton-hier-la-guinguette-se-transporte-cet-apres-midi-au-pres-la-rose-c-est-assurement-le-bon-plan-du-dimanche-photo-f-j-1428561830.jpg,FRANCE,dancing,valse musette,translated,des gens dansant la valse musette en France,people dancing valse musette in France,0.873
images/FRANCE/dancing/valse musette/translated/2.jpg,https://images.ladepeche.fr/api/v1/images/view/5c3625053e45462cfe30fbc5/large/image.jpg,FRANCE,dancing,valse musette,translated,des gens dansant la valse musette en France,people dancing valse musette in France,0.8551
images/FRANCE/dancing/valse musette/translated/10.jpg,https://i.ytimg.com/vi/ZkjaJmKv1hE/mqdefault.jpg,FRANCE,dancing,valse musette,translated,des gens dansant la valse musette en France,people dancing valse musette in France,0.8327
images/FRANCE/dancing/valse musette/translated/3.jpg,https://semeacdansepassion.e-monsite.com/medias/album/m-t-27.jpg,FRANCE,dancing,valse musette,translated,des gens dansant la valse musette en France,people dancing valse musette in France,0.8187
images/FRANCE/dancing/valse musette/translated/5.jpg,https://paribal.fr/wp-content/uploads/sites/3/2015/03/Cours-de-danse-560x350.jpg,FRANCE,dancing,valse musette,translated,des gens dansant la valse musette en France,people dancing valse musette in France,0.8165
images/FRANCE/eating/eating/english/1.jpg,https://www.talkinfrench.com/wp-content/uploads/2020/07/TalkInFrench.com-ape%C3%8C_ro.jpg,FRANCE,eating,eating,english,people eating food in France,people eating food in France,0.7223
images/FRANCE/eating/eating/english/7.jpg,https://i.ytimg.com/vi/Ctpz5uETS9g/hq720.jpg?sqp\u003d-oaymwEhCK4FEIIDSFryq4qpAxMIARUAAAAAGAElAADIQj0AgKJD\u0026rs\u003dAOn4CLD9KeidMpzEESjo0b-cc07KYdlTWQ,FRANCE,eating,eating,english,people eating food in France,people eating food in France,0.7121
images/FRANCE/eating/eating/english/9.jpg,https://assets.thegoodlifeabroad.com/marketing/2024/05/10172332/french-cuisine.jpg,FRANCE,eating,eating,english,people eating food in France,people eating food in France,0.6969
images/FRANCE/eating/eating/translated/10.jpg,https://images.rtl.fr/~c/770v513/rtl/www/1566339-deux-personnes-en-train-de-manger.jpg,FRANCE,eating,eating,translated,des gens en train de manger en France,people eating food in France,0.6631
images/FRANCE/eating/eating/translated/5.jpg,https://media.ouest-france.fr/v1/pictures/92f1bd5b5201ca0900c696fed631b6c0-25425671.jpg?width\u003d1260\u0026client_id\u003deds\u0026sign\u003da3f5a37c3a485d5c63a91e50b1f7c1eca21bd5dbbd993dda2bae4f2e54fac981,FRANCE,eating,eating,translated,des gens en train de manger en France,people eating food in France,0.6549
images/FRANCE/eating/home/translated/5.jpg,https://i.ytimg.com/vi/izhEJ88XjW4/maxresdefault.jpg,FRANCE,eating,home,translated,des gens en train de manger à la maison en France,people eating food at home in France,0.7558
images/FRANCE/eating/home/english/2.jpg,https://correresmidestino.com/wp-content/uploads/2024/08/Nantes-People-and-Food-30.jpg,FRANCE,eating,home,english,people eating food at home in France,people eating food at home in France,0.7151
images/FRANCE/eating/home/translated/3.jpg,https://www.capital.fr/imgre/fit/http.3A.2F.2Fprd2-bone-image.2Es3-website-eu-west-1.2Eamazonaws.2Ecom.2Fcap.2F2017.2F05.2F09.2Ff058861e-3e9b-4b2b-9187-8f3c0c34c622.2Ejpeg/1200x675/focusPoint/50%2C50/manger-chez-l-habitant-la-nouvelle-tendance-qui-enerve-les-restaurateurs.jpg,FRANCE,eating,home,translated,des gens en train de manger à la maison en France,people eating food at home in France,0.7133
images/FRANCE/eating/home/english/3.jpg,https://images.immediate.co.uk/production/volatile/sites/30/2020/08/1._do_french_children_eat_everything-22f97af.jpg,FRANCE,eating,home,english,people eating food at home in France,people eating food at home in France,0.71
images/FRANCE/eating/home/english/10.jpg,https://www.transitionsabroad.com/listings/living/articles/images/france-office-lunch-picnic.jpg,FRANCE,eating,home,english,people eating food at home in France,people eating food at home in France,0.7095
images/FRANCE/eating/restaurant/english/2.jpg,https://correresmidestino.com/wp-content/uploads/2024/08/Nantes-People-and-Food-30.jpg,FRANCE,eating,restaurant,english,people eating food in restaurant in France,people eating food in restaurant in France,0.7562
images/FRANCE/eating/restaurant/english/7.jpg,https://assets.thegoodlifeabroad.com/marketing/2024/05/10172332/french-cuisine.jpg,FRANCE,eating,restaurant,english,people eating food in restaurant in France,people eating food in restaurant in France,0.7046
images/FRANCE/eating/restaurant/translated/9.jpg,https://www.restaurantscrocodile.fr/sites/default/files/styles/homepage_header_image/public/header-images/Colmar_Lille_0385.jpg?itok\u003dQ-QYwHfJ,FRANCE,eating,restaurant,translated,des gens en train de manger au restaurant en France,people eating food in restaurant in France,0.6926
images/FRANCE/eating/restaurant/english/4.jpg,https://www.explore.com/img/gallery/what-tourists-should-know-before-dining-at-a-fancy-restaurant-in-france-per-rick-steves/ordering-food-in-france-1738253783.jpg,FRANCE,eating,restaurant,english,people eating food in restaurant in France,people eating food in restaurant in France,0.6789
images/FRANCE/eating/restaurant/translated/2.jpg,https://img.lemde.fr/2023/08/29/0/0/1500/1000/664/0/75/0/3de2a55_298936-3335814.jpg,FRANCE,eating,restaurant,translated,des gens en train de manger au restaurant en France,people eating food in restaurant in France,0.6761
images/FRANCE/funeral/funeral/english/3.jpg,"https://images.firstpost.com/uploads/2025/01/AFP__20250111__36TJ9VB__v1__HighRes__FrancePoliticsLePenFuneral-1-2025-01-5ca1df96c0ee61d0193ee8fc9bf6d694.jpg?im\u003dFitAndFill\u003d(596,336)",FRANCE,funeral,funeral,english,people attending a funeral ceremony in France,people attending a funeral ceremony in France,0.7958
images/FRANCE/funeral/funeral/english/7.jpg,https://cdn.uc.assets.prezly.com/e2a13f39-ec95-411f-a721-a6a61b7b04ef/-/format/auto/Belgaimage-121504727.jpg,FRANCE,funeral,funeral,english,people attending a funeral ceremony in France,people attending a funeral ceremony in France,0.7868
images/FRANCE/funeral/funeral/english/1.jpg,https://www.arabnews.com/sites/default/files/styles/n_670_395/public/2025/04/26/4596174-46869107.jpg?itok\u003dkiHvqSKe,FRANCE,funeral,funeral,english,people attending a funeral ceremony in France,people attending a funeral ceremony in France,0.7734
images/FRANCE/funeral/funeral/english/6.jpg,https://www.taxscan.in/wp-content/uploads/2025/03/France-Imposes-Tax-on-Music-at-funerals-France-funeral-music-tax-France-imposes-tax-on-funeral-songs-TAXSCAN.jpg,FRANCE,funeral,funeral,english,people attending a funeral ceremony in France,people attending a funeral ceremony in France,0.7548
images/FRANCE/funeral/funeral/english/5.jpeg,https://img.huffingtonpost.com/asset/57a0a23e2a00002d004f7c5c.jpeg?ops\u003dscalefit_500_noupscale,FRANCE,funeral,funeral,english,people attending a funeral ceremony in France,people attending a funeral ceremony in France,0.7446
images/FRANCE/game/Belote/english/5.jpg,https://www.ludicash.com/assets/images/home/game/belote_only.jpg,FRANCE,game,Belote,english,people playing Belote in France,people playing Belote in France,0.7623
images/FRANCE/game/Belote/translated/9.jpg,https://www.beloteenligne.com/wp-content/uploads/2025/05/belote-contree.jpg,FRANCE,game,Belote,translated,des gens jouant à la belote en France,people playing Belote in France,0.7617
images/FRANCE/game/Belote/english/9.png,https://i0.wp.com/europeisnotdead.com/wp-content/uploads/2016/09/european-games-france-petanque-picture.png?fit\u003d1024%2C671\u0026ssl\u003d1,FRANCE,game,Belote,english,people playing Belote in France,people playing Belote in France,0.737
images/FRANCE/game/Belote/english/7.png,https://www.frenchclass.in/wp-content/uploads/2024/03/image-1.png,FRANCE,game,Belote,english,people playing Belote in France,people playing Belote in France,0.7284
images/FRANCE/game/Belote/translated/5.jpg,https://blog-seniors.ville-creteil.fr/wp-content/uploads/2020/02/2-BELOTEIMG_20200129_171124-1-1-1024x768.jpg,FRANCE,game,Belote,translated,des gens jouant à la belote en France,people playing Belote in France,0.7137
images/FRANCE/game/Le Loup-Garou/english/7.jpg,https://i.ytimg.com/vi/ByxNXMtmR_w/maxresdefault.jpg,FRANCE,game,Le Loup-Garou,english,people playing Le Loup-Garou in France,people playing Le Loup-Garou in France,0.9097
images/FRANCE/game/Le Loup-Garou/english/2.jpg,http://marqueeposter.com/wp-content/uploads/posters/72-curse-of-the-werewolf-french-moyenne-1961/72-curse-of-the-werewolf-french-moyenne-1961-01-909x1200.jpg,FRANCE,game,Le Loup-Garou,english,people playing Le Loup-Garou in France,people playing Le Loup-Garou in France,0.744
images/FRANCE/game/Le Loup-Garou/english/10.jpeg,https://images.platoyo.com/v7/_letzshop_production_img_/b40e3c521396c5a560c7246b2f8aead3.jpeg?q\u003d75\u0026force_format\u003doriginal,FRANCE,game,Le Loup-Garou,english,people playing Le Loup-Garou in France,people playing Le Loup-Garou in France,0.6881
images/FRANCE/game/Le Loup-Garou/english/8.jpg,https://www.boneandsickle.com/wp-content/uploads/2019/07/grenier-comic.jpg,FRANCE,game,Le Loup-Garou,english,people playing Le Loup-Garou in France,people playing Le Loup-Garou in France,0.6691
images/FRANCE/game/Le Loup-Garou/english/6.jpg,https://upload.wikimedia.org/wikipedia/commons/b/b9/Loup-garou.jpg,FRANCE,game,Le Loup-Garou,english,people playing Le Loup-Garou in France,people playing Le Loup-Garou in France,0.6622
images/FRANCE/game/Mölkky/translated/9.jpg,https://i.ytimg.com/vi/ElIxuU7-nbU/maxresdefault.jpg,FRANCE,game,Mölkky,translated,des gens jouant au mölkky en France,people playing Mölkky in France,0.8065
images/FRANCE/game/Mölkky/english/5.jpg,https://www.tradgames.org.uk/images/skittles/kubb-doddington.jpg,FRANCE,game,Mölkky,english,people playing Mölkky in France,people playing Mölkky in France,0.7974
images/FRANCE/game/Mölkky/translated/4.png,https://www.challengecontrelafaim.org/wp-content/uploads/2020/01/Version-pour-site6.png,FRANCE,game,Mölkky,translated,des gens jouant au mölkky en France,people playing Mölkky in France,0.7678
images/FRANCE/game/Mölkky/translated/1.jpg,http://www.cdsmr85.org/wp-content/uploads/2013/07/molkky-quilles.jpg,FRANCE,game,Mölkky,translated,des gens jouant au mölkky en France,people playing Mölkky in France,0.7676
images/FRANCE/game/Mölkky/english/8.png,https://www.molkky.world/img/amazon/molkky-set.png,FRANCE,game,Mölkky,english,people playing Mölkky in France,people playing Mölkky in France,0.7447
images/FRANCE/game/Pétanque/translated/2.jpg,https://media.charentelibre.fr/25627887/1000x625/petanque-base-plein-air-2.jpg?v\u003d1755880219,FRANCE,game,Pétanque,translated,des gens jouant à la pétanque en France,people playing Pétanque in France,0.9011
images/FRANCE/game/Pétanque/translated/10.jpg,https://volumeone.org/uploads/image/article/020/896/20896/photos_vstory/20896_87404_851_Petanque_Courts_Wilson_Park_2017_6_1200.jpg,FRANCE,game,Pétanque,translated,des gens jouant à la pétanque en France,people playing Pétanque in France,0.8521
images/FRANCE/game/Pétanque/english/1.png,https://www.frenchclass.in/wp-content/uploads/2024/03/image-1.png,FRANCE,game,Pétanque,english,people playing Pétanque in France,people playing Pétanque in France,0.84
images/FRANCE/game/Pétanque/english/2.png,https://i0.wp.com/europeisnotdead.com/wp-content/uploads/2016/09/european-games-france-petanque-picture.png?fit\u003d1024%2C671\u0026ssl\u003d1,FRANCE,game,Pétanque,english,people playing Pétanque in France,people playing Pétanque in France,0.8352
images/FRANCE/game/Pétanque/english/5.jpg,https://www.extremis.com/files/cache/large/files/petanque-extremis-hop-16-63174c393b8de.jpg,FRANCE,game,Pétanque,english,people playing Pétanque in France,people playing Pétanque in France,0.8061
images/FRANCE/game/Tarot/translated/1.png,https://viptarot.fr/wp-content/uploads/2022/07/feature_banner_viptarot.png,FRANCE,game,Tarot,translated,des gens jouant au tarot en France,people playing Tarot in France,0.7979
images/FRANCE/game/Tarot/english/8.jpg,https://www.mistertarot.com/wp-content/uploads/2013/11/magicians-marseilles-and-RWT-1024x574.jpg,FRANCE,game,Tarot,english,people playing Tarot in France,people playing Tarot in France,0.7897
images/FRANCE/game/Tarot/english/6.jpg,https://www.wopc.co.uk/images/countries/france/mansion/cartomancy-1830-1.jpg,FRANCE,game,Tarot,english,people playing Tarot in France,people playing Tarot in France,0.7667
images/FRANCE/game/Tarot/translated/2.jpg,https://i.etsystatic.com/27576340/r/il/d0700b/5949915483/il_570xN.5949915483_3smg.jpg,FRANCE,game,Tarot,translated,des gens jouant au tarot en France,people playing Tarot in France,0.7647
images/FRANCE/game/Tarot/english/5.jpg,https://www.mistertarot.com/wp-content/uploads/2013/11/marseilles-suits-1024x482.jpg,FRANCE,game,Tarot,english,people playing Tarot in France,people playing Tarot in France,0.749
images/FRANCE/game/Video Game/english/2.jpeg,https://static.mayorsofeurope.eu/uploads/2022/01/800px-Imperial_College_London_Varsity_Esports_2018.jpeg,FRANCE,game,Video Game,english,people playing video game in France,people playing video game in France,0.752
images/FRANCE/game/Video Game/translated/6.jpg,https://wp-pa.phonandroid.com/uploads/2023/10/jeux-video.jpg,FRANCE,game,Video Game,translated,des gens jouant aux jeux vidéo en France,people playing video game in France,0.7513
images/FRANCE/game/Video Game/translated/10.jpg,https://www.mydoh.ca/wp-content/uploads/2023/01/gaming-1.jpg?w\u003d1300,FRANCE,game,Video Game,translated,des gens jouant aux jeux vidéo en France,people playing video game in France,0.7237
images/FRANCE/game/Video Game/english/7.jpg,https://g-mnews.com/storage/2024/11/Video-games-in-Europe.jpg,FRANCE,game,Video Game,english,people playing video game in France,people playing video game in France,0.7066
images/FRANCE/game/Video Game/english/8.jpg,https://gdb.voanews.com/c06cd6d2-d93b-4f96-9fd2-9423d7928d59_cx0_cy3_cw0_w1080_h608.jpg,FRANCE,game,Video Game,english,people playing video game in France,people playing video game in France,0.7014
images/FRANCE/game/game/english/2.jpg,https://deerfield.edu/wp-content/uploads/2019/06/IMG_0031-2-2048x1536.jpg,FRANCE,game,game,english,people playing game in France,people playing game in France,0.6938
images/FRANCE/game/game/english/5.jpg,https://springharvestholidays.com/assets/uploads/_mediumheight/Under-Grove.jpg,FRANCE,game,game,english,people playing game in France,people playing game in France,0.6925
images/FRANCE/game/game/english/4.jpg,https://springharvestholidays.com/assets/uploads/_mediumheight/Nemesis.jpg,FRANCE,game,game,english,people playing game in France,people playing game in France,0.6884
images/FRANCE/game/game/english/7.jpg,https://experi.com/wp-content/uploads/2018/10/Petanque-Game.jpg,FRANCE,game,game,english,people playing game in France,people playing game in France,0.6437
images/FRANCE/game/game/translated/4.jpg,https://img.lemde.fr/2025/05/04/0/0/7905/5270/664/0/75/0/71cf16a_ftp-import-images-1-oyye4in5fbgn-5795706-01-06.jpg,FRANCE,game,game,translated,des gens en train de jouer en France,people playing game in France,0.6379
images/FRANCE/greeting/cheek kissing/translated/3.jpg,https://media.sudouest.fr/2455725/1200x-1/so-5d9af1e866a4bd73225d48b5-ph0.jpg,FRANCE,greeting,cheek kissing,translated,deux personnes se saluent en se faisant la bise en France,two people greeting with cheek kissing in France,0.8245
images/FRANCE/greeting/cheek kissing/translated/10.jpg,https://medias.lavie.fr/api/v1/images/view/5f5fe5d93e45460abb1406fd/width_1000/image.jpg,FRANCE,greeting,cheek kissing,translated,deux personnes se saluent en se faisant la bise en France,two people greeting with cheek kissing in France,0.7955
images/FRANCE/greeting/cheek kissing/english/8.jpg,https://img.jakpost.net/c/2019/11/20/2019_11_20_82579_1574222775._large.jpg,FRANCE,greeting,cheek kissing,english,two people greeting with cheek kissing in France,two people greeting with cheek kissing in France,0.7914
images/FRANCE/greeting/cheek kissing/translated/7.png,https://www.afsf.com/media/website_pages/news/blog/bculture/la-culture-de-la-bise/28.png,FRANCE,greeting,cheek kissing,translated,deux personnes se saluent en se faisant la bise en France,two people greeting with cheek kissing in France,0.7874
images/FRANCE/greeting/cheek kissing/english/10.jpg,https://cdn.shortpixel.ai/spai/q_lossy+ret_img+to_auto/www.annieandre.com/wp-content/uploads/2018/01/HOW-TO-FAIRE-LA-BISE-french-cheek-kiss-1200.jpg,FRANCE,greeting,cheek kissing,english,two people greeting with cheek kissing in France,two people greeting with cheek kissing in France,0.7713
images/FRANCE/greeting/greeting/english/1.png,https://i0.wp.com/lovelearninglanguages.com/wp-content/uploads/2020/07/basic-french-greetings.png,FRANCE,greeting,greeting,english,people greeting in France,people greeting in France,0.709
images/FRANCE/greeting/greeting/english/3.jpg,https://admin.expatica.com/fr/wp-content/uploads/sites/5/2023/11/french-etiquette.jpg,FRANCE,greeting,greeting,english,people greeting in France,people greeting in France,0.6876
images/FRANCE/greeting/greeting/english/10.png,https://s3.eu-central-1.amazonaws.com/ohlalafrenchcourse-assets/uploads/medium/file/373/4.png,FRANCE,greeting,greeting,english,people greeting in France,people greeting in France,0.686
images/FRANCE/greeting/greeting/english/9.jpg,https://static.euronews.com/articles/stories/07/36/57/08/808x626_cmsv2_c4b508c1-1f28-5c09-b446-5e936a86b9b1-7365708.jpg,FRANCE,greeting,greeting,english,people greeting in France,people greeting in France,0.652
images/FRANCE/greeting/greeting/translated/8.png,https://regardsurlefrancais.com/wp-content/uploads/2017/06/les-salutations-en-francais.png,FRANCE,greeting,greeting,translated,des gens qui se saluent en France,people greeting in France,0.6418
images/FRANCE/greeting/handshake/english/10.jpg,https://motionarray.imgix.net/motion-array-3114036-4idOPasrnH-high_0006.jpg?w\u003d660\u0026q\u003d60\u0026fit\u003dmax\u0026auto\u003dformat,FRANCE,greeting,handshake,english,two people greeting with handshake in France,two people greeting with handshake in France,0.822
images/FRANCE/greeting/handshake/translated/5.png,https://img.lemde.fr/2017/04/27/0/0/1497/905/664/0/75/0/29feeaa_8615-tox6wz.d7wfmyrpb9.png,FRANCE,greeting,handshake,translated,deux personnes se saluent en se serrant la main en France,two people greeting with handshake in France,0.8017
images/FRANCE/greeting/handshake/english/6.jpg,"https://images2.minutemediacdn.com/image/upload/c_fill,w_720,ar_16:9,f_auto,q_auto,g_auto/shape/cover/sport/how-to-shake-hands-ae6fb7f6abcc1c48cba91042f22e9c1e.jpg",FRANCE,greeting,handshake,english,two people greeting with handshake in France,two people greeting with handshake in France,0.7926
images/FRANCE/greeting/handshake/english/7.jpg,https://www.lingoda.com/blog/wp-content/uploads/2020/10/Handshake-Sign-Of-Successful-Deal.jpg,FRANCE,greeting,handshake,english,two people greeting with handshake in France,two people greeting with handshake in France,0.7775
images/FRANCE/greeting/handshake/english/9.jpg,https://www.rte.ie/images/0022ef38-614.jpg?ratio\u003d1.78,FRANCE,greeting,handshake,english,two people greeting with handshake in France,two people greeting with handshake in France,0.7674
images/FRANCE/religious/Catholic procession/english/3.jpg,https://cathstan-1f209.kxcdn.com/legacy/images/1208dame1.jpg?width\u003d2400\u0026height\u003d1800\u0026fit\u003dcontain\u0026crop\u003dsmart,FRANCE,religious,Catholic procession,english,Catholic church procession in France,Catholic church procession in France,0.8676
images/FRANCE/religious/Catholic procession/translated/10.jpg,https://images-cdn.bridgemanimages.com/api/1.0/image/600wm.GNG.51517250.7055475/5268336.jpg,FRANCE,religious,Catholic procession,translated,procession catholique en France,Catholic church procession in France,0.8466
images/FRANCE/religious/Catholic procession/english/5.jpg,https://www.lourdes-france.com/wp-content/uploads/2024/04/53248194920_b10bf22e8c_c.jpg,FRANCE,religious,Catholic procession,english,Catholic church procession in France,Catholic church procession in France,0.8384
images/FRANCE/religious/Catholic procession/translated/3.jpg,https://www.bwcatho.be/wp-content/uploads/2022/01/Procession-aux-flambeaux-c-Liturgie-catholique-France-1200px.jpg,FRANCE,religious,Catholic procession,translated,procession catholique en France,Catholic church procession in France,0.8286
images/FRANCE/religious/Catholic procession/english/6.jpg,https://catholicphilly.com/media-files/2021/01/20210105T1045-FRANCE-BISHOPS-LEGISLATION-1012073-415x277.jpg,FRANCE,religious,Catholic procession,english,Catholic church procession in France,Catholic church procession in France,0.8196
images/FRANCE/religious/candlelit church mass/english/5.jpg,https://liturgyguy.com/wp-content/uploads/2017/01/image13.jpg,FRANCE,religious,candlelit church mass,english,candlelit church mass ceremony in France,candlelit church mass ceremony in France,0.7856
images/FRANCE/religious/candlelit church mass/english/2.jpg,https://img.hghlnd.com/imgix/https://detroitcatholic.nyc3.digitaloceanspaces.com/IMG_5775-Enhanced-NR.jpg?w\u003d2400\u0026h\u003d1800\u0026fit\u003dclip\u0026crop\u003dfaces\u0026__hstc\u003d138938284.4b44870ec4a577029c49e44b73bd3bee.1755302400154.1755302400155.1755302400156.1\u0026__hssc\u003d138938284.1.1755302400157\u0026__hsfp\u003d3825276191,FRANCE,religious,candlelit church mass,english,candlelit church mass ceremony in France,candlelit church mass ceremony in France,0.7705
images/FRANCE/religious/candlelit church mass/english/1.jpg,https://img.hghlnd.com/imgix/https://detroitcatholic.nyc3.digitaloceanspaces.com/IMG_5780-Enhanced-NR.jpg?w\u003d2400\u0026h\u003d1800\u0026fit\u003dclip\u0026crop\u003dfaces\u0026__hstc\u003d138938284.4b44870ec4a577029c49e44b73bd3bee.1755302400154.1755302400155.1755302400156.1\u0026__hssc\u003d138938284.1.1755302400157\u0026__hsfp\u003d3825276191,FRANCE,religious,candlelit church mass,english,candlelit church mass ceremony in France,candlelit church mass ceremony in France,0.7606
images/FRANCE/religious/candlelit church mass/english/8.jpg,https://asset-prod.france.fr/procession_flambeaux_esplanadec_sanctuaires_nd_lourdes_05_1_e5a40a94dc.jpg,FRANCE,religious,candlelit church mass,english,candlelit church mass ceremony in France,candlelit church mass ceremony in France,0.7467
images/FRANCE/religious/candlelit church mass/english/7.jpg,https://www.catholicnewsagency.com/storage/image/lille.3.jpg?w\u003d600,FRANCE,religious,candlelit church mass,english,candlelit church mass ceremony in France,candlelit church mass ceremony in France,0.7351
images/FRANCE/religious/praying/translated/1.jpeg,https://www.franceinfo.fr/pictures/8l9HXZ7VdwGyDUrWLIKSAX8d6u4/1200x675/2017/11/10/eltVideoWs-259852-5a059f8c9cc31.jpeg,FRANCE,religious,praying,translated,des gens en train de prier en France,people praying in France,0.8987
images/FRANCE/religious/praying/english/7.jpg,https://www.arabnews.pk/sites/default/files/styles/n_670_395/public/main-image/opinion/2022/04/07/zahr_pict.jpg?itok\u003dEMCd8UJt,FRANCE,religious,praying,english,people praying in France,people praying in France,0.8735
images/FRANCE/religious/praying/english/10.jpg,https://opensocietyfoundations.imgix.net/uploads/35bcd2fb-31d9-494c-a605-5bb42588d4db/muslims-in-france-20120501.jpg?auto\u003dcompress%2Cformat\u0026fit\u003dmin\u0026fm\u003djpg\u0026q\u003d80\u0026rect\u003d%2C%2C%2C\u0026w\u003d760,FRANCE,religious,praying,english,people praying in France,people praying in France,0.84
images/FRANCE/religious/praying/english/2.jpeg,https://www.aljazeera.com/wp-content/uploads/2011/09/2011916214310607360_20.jpeg?resize\u003d770%2C513\u0026quality\u003d80,FRANCE,religious,praying,english,people praying in France,people praying in France,0.8381
images/FRANCE/religious/praying/english/3.jpg,https://s.france24.com/media/display/983c8190-0b1e-11e9-8840-005056a964fe/w:1280/p:4x3/muslims%20france%20poll.jpg,FRANCE,religious,praying,english,people praying in France,people praying in France,0.7727
images/FRANCE/religious/religious/translated/5.jpg,"https://pictures.laprovence.com/cdn-cgi/image/width\u003d800,format\u003dauto,quality\u003d80/media/melody/2025/01/12/traditionnelle-marche-des-rois-mages-dans-le-centre-ville-d-aix-en-provence-rois-mages-120125csr02-1736705704_3703e3f3d38766b03e3f3d3874f03ev_.jpg",FRANCE,religious,religious,translated,des gens participant à un événement religieux traditionnel en France,people participating in a traditional religious event in France,0.8367
images/FRANCE/religious/religious/english/1.jpg,https://lynnlchin.wordpress.com/wp-content/uploads/2016/05/unnamed.jpg,FRANCE,religious,religious,english,people participating in a traditional religious event in France,people participating in a traditional religious event in France,0.7966
images/FRANCE/religious/religious/translated/9.jpg,https://cdn-s-www.ledauphine.com/images/67383488-B81E-41D4-AB6F-B0110DF51AB3/NW_raw/mickael-crey-president-de-l-association-moutiers-animation-annonce-aux-participants-qu-ils-pourront-venir-avec-des-habits-medievaux-1525965135.jpg,FRANCE,religious,religious,translated,des gens participant à un événement religieux traditionnel en France,people participating in a traditional religious event in France,0.7825
images/FRANCE/religious/religious/translated/10.jpg,https://static.actu.fr/uploads/2023/08/b57c614de9d463a7c614de9d42e7c6v-960x640.jpg,FRANCE,religious,religious,translated,des gens participant à un événement religieux traditionnel en France,people participating in a traditional religious event in France,0.7532
images/FRANCE/religious/religious/english/9.jpeg,https://www.offbeatfrance.com/images/french-holidays-bastille-parade.jpeg,FRANCE,religious,religious,english,people participating in a traditional religious event in France,people participating in a traditional religious event in France,0.739
images/FRANCE/wedding/wedding/english/3.jpg,https://www.frenchweddingvenues.com/userfiles/image/original/untitled5.jpg,FRANCE,wedding,wedding,english,wedding celebration in France,wedding celebration in France,0.7626
images/FRANCE/wedding/wedding/english/10.jpg,"https://static.wixstatic.com/media/1b9690_b098d94712be498bbf6e8cf3c9a3f682~mv2.jpg/v1/fill/w_980,h_1470,al_c,q_85,usm_0.66_1.00_0.01,enc_avif,quality_auto/1b9690_b098d94712be498bbf6e8cf3c9a3f682~mv2.jpg",FRANCE,wedding,wedding,english,wedding celebration in France,wedding celebration in France,0.7341
images/FRANCE/wedding/wedding/translated/6.jpg,https://unique-ceremonies.fr/wp-content/uploads/2017/12/mariage-laic-celebration-ceremonie-laique-en-france-1024x683.jpg,FRANCE,wedding,wedding,translated,célébration de mariage en France,wedding celebration in France,0.7241
images/FRANCE/wedding/wedding/translated/1.jpg,https://liturgie.catholique.fr/wp-content/uploads/sites/11/2016/12/ciric_174192.jpg,FRANCE,wedding,wedding,translated,célébration de mariage en France,wedding celebration in France,0.7052
images/FRANCE/wedding/wedding/english/2.jpg,https://mlmtblstaqh0.i.optimole.com/w:1024/h:512/q:mauto/f:best/https://chateaubeeselection.com/wp-content/uploads/2019/03/3-chateaufrancesouth.jpg,FRANCE,wedding,wedding,english,wedding celebration in France,wedding celebration in France,0.6862
images/GERMANY/celebration/Christmas/english/6.png,https://i0.wp.com/girlswanderlust.com/wp-content/uploads/2020/01/The-10-Best-Christmas-markets-in-Germany-by-%40girlswanderlust-girlswanderlust-christmas-xmas-kerstmis-duitsland-cologne-munster-oberhausen-essen-dusseldorf-aachen-nuremberg-dresden-berlin.3.png?ssl\u003d1,GERMANY,celebration,Christmas,english,people participating in Christmas in Germany,people participating in Christmas in Germany,0.8137
images/GERMANY/celebration/Christmas/translated/6.jpeg,https://www.sueddeutsche.de/2022/06/15/56d1a36a-f2c6-4b6e-887b-8d73099b201f.jpeg?q\u003d60\u0026fm\u003djpeg\u0026width\u003d1000\u0026rect\u003d0%2C35%2C1350%2C759,GERMANY,celebration,Christmas,translated,"Menschen, die in Deutschland an Weihnachten teilnehmen",people participating in Christmas in Germany,0.772
images/GERMANY/celebration/Christmas/english/3.jpeg,https://www.globaltimes.cn/Portals/0/attachment/2022/2022-11-22/2d010f5e-e6bb-479f-8ed8-b2abceae4c70.jpeg,GERMANY,celebration,Christmas,english,people participating in Christmas in Germany,people participating in Christmas in Germany,0.7661
images/GERMANY/celebration/Christmas/english/5.jpg,https://whimsysoul.com/wp-content/uploads/2022/12/Whimsy-Soul-best-berlin-Christmas-markets-german-320.jpg,GERMANY,celebration,Christmas,english,people participating in Christmas in Germany,people participating in Christmas in Germany,0.7325
images/GERMANY/celebration/Christmas/english/9.jpg,https://blog.remitly.com/wp-content/uploads/2022/12/germany-122122-5-1024x679.jpg,GERMANY,celebration,Christmas,english,people participating in Christmas in Germany,people participating in Christmas in Germany,0.6934
images/GERMANY/celebration/Karneval Cologne/english/6.jpeg,https://assets.isu.pub/document-structure/240201171545-a57486d76c1d456ce7250166f193aa54/v1/f57d65e385e1d50b30190013f4bc11f1.jpeg?crop\u003d\u0026height\u003d439\u0026originalHeight\u003d439\u0026originalWidth\u003d832\u0026width\u003d720\u0026zoom\u003d\u0026quality\u003d85%2C50,GERMANY,celebration,Karneval (Cologne),english,people participating in Karneval (Cologne) in Germany,people participating in Karneval (Cologne) in Germany,0.8738
images/GERMANY/celebration/Karneval Cologne/translated/8.jpg,"https://images.rove.me/w_414,q_85/wcqh1rhgtdqm1oriobqk/germany-cologne-carnival.jpg",GERMANY,celebration,Karneval (Cologne),translated,"Menschen, die in Deutschland am Kölner Karneval teilnehmen",people participating in Karneval (Cologne) in Germany,0.8277
images/GERMANY/celebration/Karneval Cologne/translated/1.jpg,https://static.dw.com/image/67374111_605.jpg,GERMANY,celebration,Karneval (Cologne),translated,"Menschen, die in Deutschland am Kölner Karneval teilnehmen",people participating in Karneval (Cologne) in Germany,0.826
images/GERMANY/celebration/Karneval Cologne/english/10.jpg,https://static.dw.com/image/47583603_605.jpg,GERMANY,celebration,Karneval (Cologne),english,people participating in Karneval (Cologne) in Germany,people participating in Karneval (Cologne) in Germany,0.8131
images/GERMANY/celebration/Karneval Cologne/translated/6.jpg,https://www.24rhein.de/assets/images/33/525/33525322-um-1111-uhr-werfen-jecke-am-heumarkt-konfetti-in-die-luft-und-feiern-den-start-in-den-koelner-karneval-2JKnaFHBX4fe.jpg,GERMANY,celebration,Karneval (Cologne),translated,"Menschen, die in Deutschland am Kölner Karneval teilnehmen",people participating in Karneval (Cologne) in Germany,0.7851
images/GERMANY/celebration/New Year/english/7.jpg,https://www.theomaway.com/wp-content/uploads/2014/12/new_year__s_eve_ulm__germany_2012_by_friendlymessage-d5q0yzv1.jpg,GERMANY,celebration,New Year,english,people participating in New Year in Germany,people participating in New Year in Germany,0.8127
images/GERMANY/celebration/New Year/english/5.jpg,https://i.ytimg.com/vi/_pQeKP5kQGo/hq720.jpg?sqp\u003d-oaymwEhCK4FEIIDSFryq4qpAxMIARUAAAAAGAElAADIQj0AgKJD\u0026rs\u003dAOn4CLA-m60sBSaBetMlnCYsvrXP_nO6-A,GERMANY,celebration,New Year,english,people participating in New Year in Germany,people participating in New Year in Germany,0.8082
images/GERMANY/celebration/New Year/translated/5.jpg,https://www.rbb24.de/content/dam/rbb/rbb/rbb24/2023/2023_12/dpa-account/silvester-potsdam-archivbild.jpg.jpg/size\u003d708x398.jpg,GERMANY,celebration,New Year,translated,"Menschen, die in Deutschland am Neujahr teilnehmen",people participating in New Year in Germany,0.7682
images/GERMANY/celebration/New Year/english/8.jpg,https://static.dw.com/image/68038519_702.jpg,GERMANY,celebration,New Year,english,people participating in New Year in Germany,people participating in New Year in Germany,0.7505
images/GERMANY/celebration/New Year/translated/3.jpeg,https://img.sparknews.funkemedien.de/407992545/407992545_1751642728_v16_9_1200.jpeg,GERMANY,celebration,New Year,translated,"Menschen, die in Deutschland am Neujahr teilnehmen",people participating in New Year in Germany,0.745
images/GERMANY/celebration/Oktoberfest/translated/1.jpeg,https://www.sueddeutsche.de/2022/09/21/d4f7b0c7-82ba-4b1e-9704-b75b679cebc0.jpeg?q\u003d60\u0026fm\u003djpeg\u0026width\u003d1000\u0026rect\u003d0%2C55%2C1305%2C734,GERMANY,celebration,Oktoberfest,translated,"Menschen, die in Deutschland am Oktoberfest teilnehmen",people participating in Oktoberfest in Germany,0.9497
images/GERMANY/celebration/Oktoberfest/translated/7.jpg,https://www.deutschland.de/sites/default/files/styles/image_carousel_mobile/public/media/image/Volksfeste_Oktoberfest-Muenchen.jpg?itok\u003dpzrfwX89,GERMANY,celebration,Oktoberfest,translated,"Menschen, die in Deutschland am Oktoberfest teilnehmen",people participating in Oktoberfest in Germany,0.936
images/GERMANY/celebration/Oktoberfest/english/1.jpg,https://www.thelondoner.me/wp-content/uploads/2016/10/Oktoberfest-Germany-25.jpg,GERMANY,celebration,Oktoberfest,english,people participating in Oktoberfest in Germany,people participating in Oktoberfest in Germany,0.9336
images/GERMANY/celebration/Oktoberfest/english/9.jpg,"https://dam.mediacorp.sg/image/upload/s--_7Tv8w0v--/c_crop,h_561,w_999,x_1,y_43/c_fill,g_auto,h_468,w_830/fl_relative,g_south_east,l_one-cms:core:watermark:ap_data-1,w_0.1/f_auto,q_auto/v1/one-cms/core/germany_oktoberfest_opening_47779.jpg?itok\u003dPBg0Vb2t",GERMANY,celebration,Oktoberfest,english,people participating in Oktoberfest in Germany,people participating in Oktoberfest in Germany,0.9165
images/GERMANY/celebration/Oktoberfest/translated/2.jpg,https://bilder.deutschlandfunk.de/ec/4f/0a/97/ec4f0a97-ebbb-46aa-ac1e-82e4cf59ff29/oktoberfest-2022-eroefffnung-100-1920x1080.jpg,GERMANY,celebration,Oktoberfest,translated,"Menschen, die in Deutschland am Oktoberfest teilnehmen",people participating in Oktoberfest in Germany,0.8661
images/GERMANY/celebration/Unity Day/english/9.jpg,https://cdn-thegame.imago-images.com/wp-content/uploads/imago0051191669h.jpg,GERMANY,celebration,Unity Day,english,people participating in Unity Day in Germany,people participating in Unity Day in Germany,0.8237
images/GERMANY/celebration/Unity Day/translated/4.jpg,https://i.ytimg.com/vi/s6uFsV88NLM/hqdefault.jpg,GERMANY,celebration,Unity Day,translated,"Menschen, die in Deutschland am Tag der Deutschen Einheit teilnehmen",people participating in Unity Day in Germany,0.7949
images/GERMANY/celebration/Unity Day/translated/9.jpeg,https://img.sparknews.funkemedien.de/236585339/236585339_1664826748_v16_9_1200.jpeg,GERMANY,celebration,Unity Day,translated,"Menschen, die in Deutschland am Tag der Deutschen Einheit teilnehmen",people participating in Unity Day in Germany,0.7673
images/GERMANY/celebration/Unity Day/translated/1.jpg,https://www.lpb-bw.de/fileadmin/_migrated/pics/Brandenburgertor_Dez_1989.jpg,GERMANY,celebration,Unity Day,translated,"Menschen, die in Deutschland am Tag der Deutschen Einheit teilnehmen",people participating in Unity Day in Germany,0.7107
images/GERMANY/celebration/Unity Day/english/10.jpg,https://static.dw.com/image/70397230_902.jpg,GERMANY,celebration,Unity Day,english,people participating in Unity Day in Germany,people participating in Unity Day in Germany,0.6994
images/GERMANY/celebration/celebration/english/6.png,http://germanheritageusa.com/wp-content/uploads/2024/05/maypole-aaa-1024x576.png,GERMANY,celebration,celebration,english,people participating in a traditional festival or observance in Germany,people participating in a traditional festival or observance in Germany,0.818
images/GERMANY/celebration/celebration/english/5.jpg,https://germanculture.com.ua/wp-content/uploads/2017/09/oktoberfest2014-5-e1505646940631.jpg,GERMANY,celebration,celebration,english,people participating in a traditional festival or observance in Germany,people participating in a traditional festival or observance in Germany,0.7705
images/GERMANY/celebration/celebration/english/3.jpg,http://raredirndl.com/cdn/shop/articles/8_German_Festivals_in_the_US_That_Aren_t_Oktoberfest_cf86cd69-d713-428f-9aff-902f853d2689_1200x1200.jpg?v\u003d1695963986,GERMANY,celebration,celebration,english,people participating in a traditional festival or observance in Germany,people participating in a traditional festival or observance in Germany,0.7392
images/GERMANY/celebration/celebration/translated/10.jpg,https://yournativeteacher.com/wp-content/uploads/2024/12/Deutsche-Festtagsbrauche-2.jpg,GERMANY,celebration,celebration,translated,"Menschen, die in Deutschland an einem traditionellen Fest oder Brauch teilnehmen",people participating in a traditional festival or observance in Germany,0.7284
images/GERMANY/celebration/celebration/english/4.jpg,https://d2rdhxfof4qmbb.cloudfront.net/wp-content/uploads/20180516160622/iStock-157506973-1.jpg,GERMANY,celebration,celebration,english,people participating in a traditional festival or observance in Germany,people participating in a traditional festival or observance in Germany,0.7274
images/GERMANY/concert/concert/english/5.jpg,https://static01.nyt.com/images/2017/01/14/arts/14OPENING/14OPENING-superJumbo.jpg,GERMANY,concert,concert,english,concert in Germany,concert in Germany,0.7199
images/GERMANY/concert/concert/translated/5.jpg,https://i.ytimg.com/vi/9ENlHTBKStA/maxresdefault.jpg,GERMANY,concert,concert,translated,Konzert in Deutschland,concert in Germany,0.6814
images/GERMANY/concert/concert/english/8.jpg,https://www.hollywoodreporter.com/wp-content/uploads/2017/06/rock_am_ring.jpg?w\u003d1296\u0026h\u003d730\u0026crop\u003d1,GERMANY,concert,concert,english,concert in Germany,concert in Germany,0.6779
images/GERMANY/concert/concert/english/1.jpg,https://media.cntraveler.com/photos/58bf08332fd54d2dfe080f06/16:9/w_2560%2Cc_limit/Pierre-Boulez-Hall-cr-Volker-Kreidler.jpg,GERMANY,concert,concert,english,concert in Germany,concert in Germany,0.6718
images/GERMANY/concert/concert/english/9.jpg,https://images.squarespace-cdn.com/content/v1/5ee9e1fbd7c92c3921a5aa36/1739540401659-XZRJ3IJPKTE9WTFU3BS3/Voces8_SOH_Credit_CassandraHannagan-71.jpg?format\u003d1500w,GERMANY,concert,concert,english,concert in Germany,concert in Germany,0.6677
images/GERMANY/concert/indoor/english/9.jpg,https://d3c80vss50ue25.cloudfront.net/static/images/das-haus/infographics-kleiner-saal.2266bde5e608.jpg,GERMANY,concert,indoor,english,indoor concert in Germany,indoor concert in Germany,0.7916
images/GERMANY/concert/indoor/english/6.jpg,https://static01.nyt.com/images/2017/01/14/arts/14OPENING/14OPENING-superJumbo.jpg,GERMANY,concert,indoor,english,indoor concert in Germany,indoor concert in Germany,0.7661
images/GERMANY/concert/indoor/english/10.jpg,https://wsdg.com/wp-content/uploads/Elbphilharmonie-9.jpg,GERMANY,concert,indoor,english,indoor concert in Germany,indoor concert in Germany,0.7659
images/GERMANY/concert/indoor/english/3.jpg,https://dynamic-media-cdn.tripadvisor.com/media/photo-o/21/64/83/cc/gmp-architekten.jpg?w\u003d500\u0026h\u003d500\u0026s\u003d1,GERMANY,concert,indoor,english,indoor concert in Germany,indoor concert in Germany,0.7205
images/GERMANY/concert/indoor/english/1.jpg,https://deutsche-klassik.de/wp-content/uploads/2021/12/Elphi-Innenansicht-02.jpg,GERMANY,concert,indoor,english,indoor concert in Germany,indoor concert in Germany,0.7126
images/GERMANY/concert/outdoor/english/7.jpg,https://plsn.com/site/wp-content/uploads/Robe-Waldbuhne-Berlin-Back-to-Live-Concerts-200903-wb_sep2020-c-Sebastian-Greuner_802-460x322.jpg,GERMANY,concert,outdoor,english,outdoor concert in Germany,outdoor concert in Germany,0.827
images/GERMANY/concert/outdoor/translated/1.jpeg,https://img.sparknews.funkemedien.de/235625553/235625553_1655281927_v16_9_1200.jpeg,GERMANY,concert,outdoor,translated,Open-Air-Konzert in Deutschland,outdoor concert in Germany,0.8153
images/GERMANY/concert/outdoor/translated/4.jpg,https://imgproxy.berlinonline.net/2p7XiMvcAA7LxHMYBmccDnXZH5mNSqM4J6D3kpff7kE/resizing_type:fit/width:1200/height:1200/gravity:ce/enlarge:0/q:70/cb:2025090300/aHR0cHM6Ly9wb3B1bGEtbWlkZGxld2FyZS5zMy5hbWF6b25hd3MuY29tL2JkZS1jbXMvYm8udGIuZXZlbnQvaW1hZ2VzLzIwNS81NDNjNzY2OC02ZGNjLTQ5MDQtYWRjZC1jNzVhNWE4NGM1YTAuanBn.jpg,GERMANY,concert,outdoor,translated,Open-Air-Konzert in Deutschland,outdoor concert in Germany,0.8049
images/GERMANY/concert/outdoor/translated/3.jpeg,https://www.sueddeutsche.de/2022/06/07/984df588-0c30-4542-a2f9-5c0147198a40.jpeg?q\u003d60\u0026fm\u003djpeg\u0026width\u003d1000\u0026rect\u003d0%2C0%2C1350%2C759,GERMANY,concert,outdoor,translated,Open-Air-Konzert in Deutschland,outdoor concert in Germany,0.77
images/GERMANY/concert/outdoor/translated/2.jpg,https://www.rbb-online.de/content/dam/rbb/rbb/unternehmen/presse/migration/rbb/img/512x288_beitragsbild_gross_top_teaser_1_videovorschaubild/presseinformationen/2016/20160517_fritz_deutschpoeten_line_up_komplett_.jpg.jpg/img.jpg,GERMANY,concert,outdoor,translated,Open-Air-Konzert in Deutschland,outdoor concert in Germany,0.7391
images/GERMANY/dancing/Ländler/translated/2.jpg,https://upload.wikimedia.org/wikipedia/commons/7/7a/Schwuhplattler_01.jpg,GERMANY,dancing,Ländler,translated,"Menschen, die in Deutschland Ländler tanzen",people dancing Ländler in Germany,0.9016
images/GERMANY/dancing/Ländler/english/3.jpg,https://germangirlinamerica.com/wp-content/uploads/2020/10/schuhplattler-3.jpg,GERMANY,dancing,Ländler,english,people dancing Ländler in Germany,people dancing Ländler in Germany,0.8864
images/GERMANY/dancing/Ländler/translated/5.jpg,https://www.menschen-in-europa.de/fileadmin/menschenineuropa/volksmusik/volksmusik3_smartphone.jpg,GERMANY,dancing,Ländler,translated,"Menschen, die in Deutschland Ländler tanzen",people dancing Ländler in Germany,0.8643
images/GERMANY/dancing/Ländler/translated/8.jpg,https://i.ytimg.com/vi/Z7L55fivDH8/maxresdefault.jpg?sqp\u003d-oaymwEmCIAKENAF8quKqQMa8AEB-AH-CYAC0AWKAgwIABABGHIgSygwMA8\u003d\u0026rs\u003dAOn4CLBhlHTVVejJsn5NTlr_2jUF3-2obQ,GERMANY,dancing,Ländler,translated,"Menschen, die in Deutschland Ländler tanzen",people dancing Ländler in Germany,0.8602
images/GERMANY/dancing/Ländler/translated/9.jpg,https://i.ytimg.com/vi/Pq4p8y6b_iA/hqdefault.jpg,GERMANY,dancing,Ländler,translated,"Menschen, die in Deutschland Ländler tanzen",people dancing Ländler in Germany,0.8231
images/GERMANY/dancing/Polka/english/4.jpg,http://media.oregonlive.com/ent_impact_home/photo/11584889-large.jpg,GERMANY,dancing,Polka,english,people dancing Polka in Germany,people dancing Polka in Germany,0.8693
images/GERMANY/dancing/Polka/translated/4.jpg,https://www.menschen-in-europa.de/fileadmin/menschenineuropa/volksmusik/volksmusik3_smartphone.jpg,GERMANY,dancing,Polka,translated,"Menschen, die in Deutschland Polka tanzen",people dancing Polka in Germany,0.8381
images/GERMANY/dancing/Polka/translated/7.jpg,https://img.pnp.de/ezplatform/images/_aliases/detail_teaser_item_image_variation/0/0/6/1/400661600-2-ger-DE/39b24062a22b-29-130166606.jpg,GERMANY,dancing,Polka,translated,"Menschen, die in Deutschland Polka tanzen",people dancing Polka in Germany,0.8151
images/GERMANY/dancing/Polka/translated/2.jpg,https://i.ytimg.com/vi/NYEAxzysKcA/hq720.jpg?sqp\u003d-oaymwE7CK4FEIIDSFryq4qpAy0IARUAAAAAGAElAADIQj0AgKJD8AEB-AH-CYAC0AWKAgwIABABGGUgXShXMA8\u003d\u0026rs\u003dAOn4CLDXsHfrMA4sFONuAkVtPgXCc5d48Q,GERMANY,dancing,Polka,translated,"Menschen, die in Deutschland Polka tanzen",people dancing Polka in Germany,0.812
images/GERMANY/dancing/Polka/english/7.jpg,https://soundscapemusictherapy.files.wordpress.com/2012/10/dsc_0592_polanie_polish_dance_group.jpg,GERMANY,dancing,Polka,english,people dancing Polka in Germany,people dancing Polka in Germany,0.8044
images/GERMANY/dancing/Schuhplattler/translated/3.jpg,https://upload.wikimedia.org/wikipedia/commons/7/7a/Schwuhplattler_01.jpg,GERMANY,dancing,Schuhplattler,translated,"Menschen, die in Deutschland Schuhplattler tanzen",people dancing Schuhplattler in Germany,0.9235
images/GERMANY/dancing/Schuhplattler/english/4.jpg,https://germangirlinamerica.com/wp-content/uploads/2020/10/schuhplattler-3.jpg,GERMANY,dancing,Schuhplattler,english,people dancing Schuhplattler in Germany,people dancing Schuhplattler in Germany,0.8865
images/GERMANY/dancing/Schuhplattler/english/6.jpg,https://i.ytimg.com/vi/R3rgIAkbyDA/maxresdefault.jpg?sqp\u003d-oaymwEmCIAKENAF8quKqQMa8AEB-AH-CYAC0AWKAgwIABABGGUgTig_MA8\u003d\u0026rs\u003dAOn4CLD_zhKotHrFFTapzJQgojJw3fvogQ,GERMANY,dancing,Schuhplattler,english,people dancing Schuhplattler in Germany,people dancing Schuhplattler in Germany,0.8779
images/GERMANY/dancing/Schuhplattler/english/9.jpg,https://germandancers.com/wp-content/uploads/2018/10/42834210_952629304922693_900379476301447168_o-1024x768.jpg,GERMANY,dancing,Schuhplattler,english,people dancing Schuhplattler in Germany,people dancing Schuhplattler in Germany,0.8472
images/GERMANY/dancing/Schuhplattler/english/5.jpg,https://triciaannemitchell.com/wp-content/uploads/2013/11/schuhplattler-german-folk-dance-oberammergau-9.jpg,GERMANY,dancing,Schuhplattler,english,people dancing Schuhplattler in Germany,people dancing Schuhplattler in Germany,0.8329
images/GERMANY/dancing/Zwiefacher/translated/1.jpg,https://www.unesco.de/assets/_processed_/6/9/csm_1_ZWIEFACHER_C_Bezirk_Niederbayern_Harry_Zdera_04_ae19d8f787.jpg,GERMANY,dancing,Zwiefacher,translated,"Menschen, die in Deutschland Zwiefacher tanzen",people dancing Zwiefacher in Germany,0.827
images/GERMANY/dancing/Zwiefacher/english/5.jpg,https://img.youtube.com/vi/nM7Cma49394/0.jpg,GERMANY,dancing,Zwiefacher,english,people dancing Zwiefacher in Germany,people dancing Zwiefacher in Germany,0.8211
images/GERMANY/dancing/Zwiefacher/translated/7.jpeg,https://tanzgruppe-nuernberg.de/wp-content/uploads/2020/08/3.2.20160529_Nbg-Tanzgruppe_0349-2-Kopie-1-min-scaled.jpeg,GERMANY,dancing,Zwiefacher,translated,"Menschen, die in Deutschland Zwiefacher tanzen",people dancing Zwiefacher in Germany,0.7997
images/GERMANY/dancing/Zwiefacher/english/3.jpg,https://socalfolkdance.org/images/holiday_camp_042_811227.jpg,GERMANY,dancing,Zwiefacher,english,people dancing Zwiefacher in Germany,people dancing Zwiefacher in Germany,0.7675
images/GERMANY/dancing/Zwiefacher/english/4.jpg,https://v.etsystatic.com/video/upload/q_auto/Untitled_Made_with_FlexClip_1_vobsv2.jpg,GERMANY,dancing,Zwiefacher,english,people dancing Zwiefacher in Germany,people dancing Zwiefacher in Germany,0.7666
images/GERMANY/dancing/dancing/english/6.jpg,https://www.hickerphoto.com/images/500/traditional-dance-germany_9854.jpg,GERMANY,dancing,dancing,english,people dancing in Germany,people dancing in Germany,0.8233
images/GERMANY/dancing/dancing/english/5.jpg,https://i.pinimg.com/564x/cc/f8/51/ccf851d5a911131d45f5470af18dcc9b.jpg,GERMANY,dancing,dancing,english,people dancing in Germany,people dancing in Germany,0.8124
images/GERMANY/dancing/dancing/translated/9.jpg,https://www.chiemsee-alpenland.de/_Resources/Persistent/ab1254e2b4ca61b60307d94136ebed96e8f78f74/schuhplatteln-bayerisch-unterwegs-brauchtum-480x320.jpg,GERMANY,dancing,dancing,translated,"Menschen, die in Deutschland tanzen",people dancing in Germany,0.7977
images/GERMANY/dancing/dancing/translated/4.jpeg,https://tanzgruppe-nuernberg.de/wp-content/uploads/2020/08/3.2.20160529_Nbg-Tanzgruppe_0349-2-Kopie-1-min-scaled.jpeg,GERMANY,dancing,dancing,translated,"Menschen, die in Deutschland tanzen",people dancing in Germany,0.766
images/GERMANY/dancing/dancing/english/3.png,https://www.bergvagabunden.com/wp-content/uploads/2019/05/bavarian_dancers.png,GERMANY,dancing,dancing,english,people dancing in Germany,people dancing in Germany,0.7629
images/GERMANY/eating/eating/english/1.jpg,https://i.ytimg.com/vi/nrf576J4Lg8/maxresdefault.jpg,GERMANY,eating,eating,english,people eating food in Germany,people eating food in Germany,0.8044
images/GERMANY/eating/eating/english/4.jpg,https://prod-media.bab.la/images/pic/living/Germany/eatinghabitsgermany/germans-eating.jpg,GERMANY,eating,eating,english,people eating food in Germany,people eating food in Germany,0.8006
images/GERMANY/eating/eating/english/2.jpg,https://cdn1.matadornetwork.com/blogs/1/2021/02/JeanClaude-Winkler-for-StuttgartMarketing-GmbH-Germany-food-1200x854.jpg,GERMANY,eating,eating,english,people eating food in Germany,people eating food in Germany,0.798
images/GERMANY/eating/eating/english/8.jpg,https://cdn.prod.www.spiegel.de/images/9a88d79b-236f-4be9-a958-72f5fd365be4_w1024_r1.4998595110986233_fpx58_fpy7.jpg,GERMANY,eating,eating,english,people eating food in Germany,people eating food in Germany,0.7885
images/GERMANY/eating/eating/translated/4.jpg,https://get.pxhere.com/photo/black-and-white-people-road-street-crowd-meal-diner-market-marketplace-monochrome-eat-bw-blackandwhite-blackwhite-eating-markt-stand-photograph-germany-alemania-allemagne-sw-schwarzweiss-schwarzweis-essen-streetscene-frankfurtmain-frankfurtammain-frankfurtam-frankfurtamain-germania-hesse-hassia-hessen-leute-strassenszene-frankfurt-schwarzweissfotografie-schwarzweisfotografie-bratwurst-marktplatz-imbiss-wrstchenbude-monochrome-photography-240507.jpg,GERMANY,eating,eating,translated,"Menschen, die in Deutschland essen",people eating food in Germany,0.7247
images/GERMANY/eating/home/translated/3.jpg,https://i.ytimg.com/vi/KMZpyZcqqqE/maxresdefault.jpg,GERMANY,eating,home,translated,"Menschen, die zu Hause in Deutschland essen",people eating food at home in Germany,0.8156
images/GERMANY/eating/home/english/10.jpg,https://www.vela.insure/fileadmin/_processed_/7/f/csm_essen_489319dcfa.jpg,GERMANY,eating,home,english,people eating food at home in Germany,people eating food at home in Germany,0.7713
images/GERMANY/eating/home/english/1.jpg,https://i.ytimg.com/vi/nrf576J4Lg8/maxresdefault.jpg,GERMANY,eating,home,english,people eating food at home in Germany,people eating food at home in Germany,0.7413
images/GERMANY/eating/home/english/8.jpg,https://tallgirlbigworld.com/wp-content/uploads/2017/11/German-Foods.jpg,GERMANY,eating,home,english,people eating food at home in Germany,people eating food at home in Germany,0.7256
images/GERMANY/eating/home/translated/5.jpg,https://www1.wdr.de/lokalzeit/ehrenamt/dortmund-essen-gegen-die-einsamkeit-116~_v-gseaclassicxl.jpg,GERMANY,eating,home,translated,"Menschen, die zu Hause in Deutschland essen",people eating food at home in Germany,0.7088
images/GERMANY/eating/restaurant/english/1.jpg,https://cdn1.matadornetwork.com/blogs/1/2021/02/JeanClaude-Winkler-for-StuttgartMarketing-GmbH-Germany-food-1200x854.jpg,GERMANY,eating,restaurant,english,people eating food in restaurant in Germany,people eating food in restaurant in Germany,0.7624
images/GERMANY/eating/restaurant/english/4.jpg,https://newsmedia.tasnimnews.com/Tasnim/Uploaded/Image/1395/03/25/139503251026483217919164.jpg,GERMANY,eating,restaurant,english,people eating food in restaurant in Germany,people eating food in restaurant in Germany,0.725
images/GERMANY/eating/restaurant/english/9.jpg,https://www.deutschland.de/sites/default/files/media/image/tdt_03042023_ernaehrung_ernaehrungsreport_2022_fastfood.jpg,GERMANY,eating,restaurant,english,people eating food in restaurant in Germany,people eating food in restaurant in Germany,0.7114
images/GERMANY/eating/restaurant/translated/1.png,https://garbsen-city-news.de/wp-content/uploads/2023/10/Wir-erreichen-a-l-l-e-Zielgruppen-9.png,GERMANY,eating,restaurant,translated,"Menschen, die im Restaurant in Deutschland essen",people eating food in restaurant in Germany,0.7041
images/GERMANY/eating/restaurant/english/6.jpg,https://idsb.tmgrup.com.tr/ly/uploads/images/2024/02/23/316576.jpg,GERMANY,eating,restaurant,english,people eating food in restaurant in Germany,people eating food in restaurant in Germany,0.678
images/GERMANY/funeral/funeral/translated/7.jpg,https://zenith.me/sites/default/files/pool/medias/bestattungen%202.jpg,GERMANY,funeral,funeral,translated,"Menschen, die in Deutschland an einer Beerdigung teilnehmen",people attending a funeral ceremony in Germany,0.7223
images/GERMANY/funeral/funeral/english/4.jpg,https://myend.com/wp-content/uploads/2021/09/Traditional-funeral-for-Federal-Chancellor-St.-Michaeliskirche-Hamburg-Germany.jpg,GERMANY,funeral,funeral,english,people attending a funeral ceremony in Germany,people attending a funeral ceremony in Germany,0.7113
images/GERMANY/funeral/funeral/translated/3.jpg,https://images.noz-mhn.de/img/40029415/crop/ccom.escenic.master-w628/625127909/648898179/267441043.jpg,GERMANY,funeral,funeral,translated,"Menschen, die in Deutschland an einer Beerdigung teilnehmen",people attending a funeral ceremony in Germany,0.6977
images/GERMANY/funeral/funeral/translated/6.jpg,https://bilder.deutschlandfunk.de/FI/LE/_1/20/FILE_120f942eb8e668120ae30751832854b0/80886384-jpg-100-1280xauto.jpg,GERMANY,funeral,funeral,translated,"Menschen, die in Deutschland an einer Beerdigung teilnehmen",people attending a funeral ceremony in Germany,0.6818
images/GERMANY/funeral/funeral/translated/10.jpg,https://cloudfront-eu-central-1.images.arcpublishing.com/madsack/LOMFMVAHNBEFPM5AJNGE7MCL5U.jpg,GERMANY,funeral,funeral,translated,"Menschen, die in Deutschland an einer Beerdigung teilnehmen",people attending a funeral ceremony in Germany,0.6814
images/GERMANY/game/Doppelkopf/translated/3.jpg,https://www.wirsindhaan.de/wp-content/uploads/2019/03/4-DK.jpg,GERMANY,game,Doppelkopf,translated,"Menschen, die in Deutschland Doppelkopf spielen",people playing Doppelkopf in Germany,0.7921
images/GERMANY/game/Doppelkopf/english/8.jpg,https://i.etsystatic.com/26412024/c/2724/2165/139/34/il/0c7ee5/4575064772/il_340x270.4575064772_ai2o.jpg,GERMANY,game,Doppelkopf,english,people playing Doppelkopf in Germany,people playing Doppelkopf in Germany,0.7538
images/GERMANY/game/Doppelkopf/translated/2.jpg,https://unser-quartier.de/roehlinghausen/files/2018/06/Kartenspiel.jpg,GERMANY,game,Doppelkopf,translated,"Menschen, die in Deutschland Doppelkopf spielen",people playing Doppelkopf in Germany,0.7305
images/GERMANY/game/Doppelkopf/english/4.jpg,https://i.ytimg.com/vi/3DciVoCKkD8/hq720.jpg?sqp\u003d-oaymwEhCK4FEIIDSFryq4qpAxMIARUAAAAAGAElAADIQj0AgKJD\u0026rs\u003dAOn4CLBaSsMzI2QlY2n_AjmKQQOwotlZJQ,GERMANY,game,Doppelkopf,english,people playing Doppelkopf in Germany,people playing Doppelkopf in Germany,0.7092
images/GERMANY/game/Doppelkopf/translated/7.jpeg,https://zeitshop.cstatic.io/media/2c/cb/67/1714488247/48045_BPR09_11d66f.jpeg?ts\u003d1750949375,GERMANY,game,Doppelkopf,translated,"Menschen, die in Deutschland Doppelkopf spielen",people playing Doppelkopf in Germany,0.7076
images/GERMANY/game/Mensch ärgere Dich nicht/translated/3.jpg,https://www.ludologie.de/fileadmin/_processed_/6/9/csm_Ludologie_Mensch_aergere_Dich_nicht_alte_Schachtel_6_Spieler_9a543e39b8.jpg,GERMANY,game,Mensch ärgere Dich nicht,translated,"Menschen, die in Deutschland Mensch ärgere Dich nicht spielen",people playing Mensch ärgere Dich nicht in Germany,0.8751
images/GERMANY/game/Mensch ärgere Dich nicht/translated/2.jpg,https://cdn.idealo.com/folder/Product/5355/1/5355124/s1_produktbild_gross/mensch-aergere-dich-nicht-classic-line-kniffel-49328.jpg,GERMANY,game,Mensch ärgere Dich nicht,translated,"Menschen, die in Deutschland Mensch ärgere Dich nicht spielen",people playing Mensch ärgere Dich nicht in Germany,0.8484
images/GERMANY/game/Mensch ärgere Dich nicht/english/3.jpg,https://i.ebayimg.com/images/g/F6kAAOSwHcVnnSGo/s-l400.jpg,GERMANY,game,Mensch ärgere Dich nicht,english,people playing Mensch ärgere Dich nicht in Germany,people playing Mensch ärgere Dich nicht in Germany,0.8273
images/GERMANY/game/Mensch ärgere Dich nicht/english/8.jpg,https://lebenuntendrunter.wordpress.com/wp-content/uploads/2015/03/p1040781.jpg,GERMANY,game,Mensch ärgere Dich nicht,english,people playing Mensch ärgere Dich nicht in Germany,people playing Mensch ärgere Dich nicht in Germany,0.7742
images/GERMANY/game/Mensch ärgere Dich nicht/translated/10.jpeg,https://images.thalia.media/-/BF750-750/cb8f180e380d46a4a2258f1365573061/schmidt-spiele-classic-line-mensch-aergere-dich-nicht-mit-grossen-spielfiguren.jpeg,GERMANY,game,Mensch ärgere Dich nicht,translated,"Menschen, die in Deutschland Mensch ärgere Dich nicht spielen",people playing Mensch ärgere Dich nicht in Germany,0.7728
images/GERMANY/game/Mühle/translated/9.jpg,https://muehlespieler.de/x_sonstiges/bretter/muehlespiel_ziegel_600x443.jpg,GERMANY,game,Mühle,translated,"Menschen, die in Deutschland Mühle spielen",people playing Mühle in Germany,0.8035
images/GERMANY/game/Mühle/english/2.jpg,https://images.squarespace-cdn.com/content/v1/57d06c38cd0f68cadcf59a09/0779ac21-5ba5-462e-8b9e-f1eb057269f7/people-crowd-log-men-festival-sports-1128111-pxhere.com.jpg,GERMANY,game,Mühle,english,people playing Mühle in Germany,people playing Mühle in Germany,0.7212
images/GERMANY/game/Mühle/english/4.jpg,https://dynamic-media-cdn.tripadvisor.com/media/photo-o/26/25/15/7b/hotel-gasthof-zur-muhle.jpg?w\u003d900\u0026h\u003d500\u0026s\u003d1,GERMANY,game,Mühle,english,people playing Mühle in Germany,people playing Mühle in Germany,0.6958
images/GERMANY/game/Mühle/translated/10.jpg,https://www.gesellschaftsspiele.de/wp-content/uploads/philos-spiele-muehle-set-mit-klappbarem-spielbrett-2445.jpg,GERMANY,game,Mühle,translated,"Menschen, die in Deutschland Mühle spielen",people playing Mühle in Germany,0.6914
images/GERMANY/game/Mühle/translated/4.jpg,https://i.ytimg.com/vi/YrQZQk_K7iQ/maxresdefault.jpg,GERMANY,game,Mühle,translated,"Menschen, die in Deutschland Mühle spielen",people playing Mühle in Germany,0.6764
images/GERMANY/game/Schafkopf/translated/6.jpg,https://www.wochenblatt-dlv.de/sites/wochenblatt-dlv.de/files/styles/lightbox/public/2025-01/20241223schafkopfenunterwirt046-48330021.jpg?itok\u003dssTVHGuk,GERMANY,game,Schafkopf,translated,"Menschen, die in Deutschland Schafkopf spielen",people playing Schafkopf in Germany,0.768
images/GERMANY/game/Schafkopf/translated/4.jpg,https://www.bayerisch-schafkopf.de/graphics/schafkopf/schafkopf-lernen-assistent.jpg,GERMANY,game,Schafkopf,translated,"Menschen, die in Deutschland Schafkopf spielen",people playing Schafkopf in Germany,0.7108
images/GERMANY/game/Schafkopf/english/9.jpg,https://www.pagat.com/images/schafkopf/kop.jpg,GERMANY,game,Schafkopf,english,people playing Schafkopf in Germany,people playing Schafkopf in Germany,0.6887
images/GERMANY/game/Schafkopf/english/5.jpg,https://www.ottsworld.com/wp-content/uploads/2016/03/Altenburg-Germany-skat-cards-feature.jpg,GERMANY,game,Schafkopf,english,people playing Schafkopf in Germany,people playing Schafkopf in Germany,0.6679
images/GERMANY/game/Schafkopf/english/10.jpg,https://i.etsystatic.com/25911934/r/il/da2efc/6217539184/il_fullxfull.6217539184_8r86.jpg,GERMANY,game,Schafkopf,english,people playing Schafkopf in Germany,people playing Schafkopf in Germany,0.6659
images/GERMANY/game/Skat/english/6.jpg,https://static.dw.com/image/17107340_604.jpg,GERMANY,game,Skat,english,people playing Skat in Germany,people playing Skat in Germany,0.8612
images/GERMANY/game/Skat/translated/2.jpeg,https://images.thalia.media/-/BF750-750/d7f4899c1c724652904b000ba196dff3/skat-deutsches-bild-faltschachtel.jpeg,GERMANY,game,Skat,translated,"Menschen, die in Deutschland Skat spielen",people playing Skat in Germany,0.8259
images/GERMANY/game/Skat/english/4.jpg,https://i.cbc.ca/1.6808291.1681327025!/fileImage/httpImage/image.jpg_gen/derivatives/original_1180/skat-players.jpg?im\u003d,GERMANY,game,Skat,english,people playing Skat in Germany,people playing Skat in Germany,0.7318
images/GERMANY/game/Skat/english/9.jpg,https://i.ytimg.com/vi/l8WeMY--CXg/sddefault.jpg,GERMANY,game,Skat,english,people playing Skat in Germany,people playing Skat in Germany,0.6989
images/GERMANY/game/Skat/english/1.jpg,https://therockyroadtogerman.weebly.com/uploads/3/2/0/4/32044761/ddskatrules_orig.jpg,GERMANY,game,Skat,english,people playing Skat in Germany,people playing Skat in Germany,0.6839
images/GERMANY/game/game/translated/9.jpg,https://www.vitaminde.de/images/stories/vitaminde/ausgaben/vde53/53-leseprobe-deutsche-musik/vde62_spiele_bild.jpg,GERMANY,game,game,translated,"Menschen, die in Deutschland ein Spiel spielen",people playing game in Germany,0.7906
images/GERMANY/game/game/english/7.jpg,https://wosonst.eu/wp-content/uploads/2018/09/Petanque_JulianBeekmann-50-von-52.jpg,GERMANY,game,game,english,people playing game in Germany,people playing game in Germany,0.7198
images/GERMANY/game/game/translated/4.jpeg,https://www.nordschleswiger.dk/sites/default/files/styles/article_image_1200x450_/public/dpa-images/p77flywgr5-v4-ax-s2048.jpeg?itok\u003dFqIGsZei,GERMANY,game,game,translated,"Menschen, die in Deutschland ein Spiel spielen",people playing game in Germany,0.7162
images/GERMANY/game/game/english/9.png,https://akm-img-a-in.tosshub.com/indiatoday/images/story/202012/RTX8HB9A_1200x768.png?size\u003d690:388,GERMANY,game,game,english,people playing game in Germany,people playing game in Germany,0.7024
images/GERMANY/game/game/translated/10.jpg,https://www.game.de/wp-content/uploads/2022/06/Demographie-Vorschaubild-Website.jpg,GERMANY,game,game,translated,"Menschen, die in Deutschland ein Spiel spielen",people playing game in Germany,0.6918
images/GERMANY/greeting/greeting/english/4.jpg,https://i.ytimg.com/vi/YUkNun261II/sddefault.jpg,GERMANY,greeting,greeting,english,people greeting in Germany,people greeting in Germany,0.8347
images/GERMANY/greeting/greeting/english/7.jpg,https://gdb.voanews.com/01000000-0a00-0242-f442-08db309a60ab_w408_r1_s.jpg,GERMANY,greeting,greeting,english,people greeting in Germany,people greeting in Germany,0.8325
images/GERMANY/greeting/greeting/english/2.jpg,https://i.ytimg.com/vi/2u_1OBb5cRg/maxresdefault.jpg,GERMANY,greeting,greeting,english,people greeting in Germany,people greeting in Germany,0.811
images/GERMANY/greeting/greeting/translated/9.jpg,https://images.euronews.com/articles/stories/08/01/39/38/1536x864_cmsv2_9e0666b4-e010-5364-9c9d-30fc77390126-8013938.jpg,GERMANY,greeting,greeting,translated,"Menschen, die sich in Deutschland begrüßen",people greeting in Germany,0.7708
images/GERMANY/greeting/greeting/english/10.jpg,https://www.fluentu.com/blog/wp-content/uploads/site//5/family-greeting-each-other-at-holiday-greeting.jpg,GERMANY,greeting,greeting,english,people greeting in Germany,people greeting in Germany,0.6552
images/GERMANY/greeting/handshake/english/7.jpg,https://static.vecteezy.com/system/resources/previews/069/503/910/non_2x/handshake-on-iceland-and-germany-flag-background-photo.jpg,GERMANY,greeting,handshake,english,two people greeting with handshake in Germany,two people greeting with handshake in Germany,0.9446
images/GERMANY/greeting/handshake/english/5.jpg,https://i.ytimg.com/vi/YUkNun261II/sddefault.jpg,GERMANY,greeting,handshake,english,two people greeting with handshake in Germany,two people greeting with handshake in Germany,0.8522
images/GERMANY/greeting/handshake/english/9.jpg,https://angelikasgerman.co.uk/wp-content/uploads/2012/01/handshake.jpg,GERMANY,greeting,handshake,english,two people greeting with handshake in Germany,two people greeting with handshake in Germany,0.7872
images/GERMANY/greeting/handshake/english/8.jpg,https://us.images.westend61.de/0001879557j/business-partners-shaking-hands-after-successful-meeting-DIGF20516.jpg,GERMANY,greeting,handshake,english,two people greeting with handshake in Germany,two people greeting with handshake in Germany,0.7807
images/GERMANY/greeting/handshake/translated/6.png,https://campushunter.de/sites/default/files/styles/karrieretipp_header/public/haendedruck.png?itok\u003dckENBnjo,GERMANY,greeting,handshake,translated,"Zwei Menschen, die sich in Deutschland mit Handschlag begrüßen",two people greeting with handshake in Germany,0.7774
images/GERMANY/greeting/hug/translated/2.jpg,https://cdn.unitycms.io/images/2K3LVOcF4CkAAxAftZs9ax.jpg,GERMANY,greeting,hug,translated,"Zwei Menschen, die sich in Deutschland umarmen",two people greeting with hug in Germany,0.7671
images/GERMANY/greeting/hug/translated/9.jpg,https://us.images.westend61.de/0001277500pw/zwei-frauen-die-sich-umarmen-JRFF03796.jpg,GERMANY,greeting,hug,translated,"Zwei Menschen, die sich in Deutschland umarmen",two people greeting with hug in Germany,0.7464
images/GERMANY/greeting/hug/english/4.jpg,https://static.dw.com/image/39549193_901.jpg,GERMANY,greeting,hug,english,two people greeting with hug in Germany,two people greeting with hug in Germany,0.7371
images/GERMANY/greeting/hug/translated/1.jpeg,https://szm-media.sueddeutsche.de/image/szm/ddc0e14d75ad40904a9d73f02bb41aeb/t53l57w770h513/640/image.jpeg,GERMANY,greeting,hug,translated,"Zwei Menschen, die sich in Deutschland umarmen",two people greeting with hug in Germany,0.7346
images/GERMANY/greeting/hug/translated/10.jpg,https://image.stern.de/35518804/t/OQ/v4/w1440/r1.7778/-/freundschaft.jpg,GERMANY,greeting,hug,translated,"Zwei Menschen, die sich in Deutschland umarmen",two people greeting with hug in Germany,0.7205
images/GERMANY/greeting/wave/translated/1.jpg,https://www.vkf-renzel.de/out/pictures/generated/product/1/650_650_75/r400518167-01/aufblasbare-winkehand-deutschland-40.0518.167-1.jpg,GERMANY,greeting,wave,translated,"Person, die in Deutschland mit der Hand winkt",person greeting with wave in Germany,0.6927
images/GERMANY/greeting/wave/translated/3.png,https://jlcdn.cstatic.com/media/95/af/d5/1727855905/Zeig%20mir%20Deine%20Hand%20und%20ich%20zeig%20dir%20wer%20Du%20bist%21.png?ts\u003d1727855905,GERMANY,greeting,wave,translated,"Person, die in Deutschland mit der Hand winkt",person greeting with wave in Germany,0.6602
images/GERMANY/greeting/wave/translated/2.jpg,https://bilder.deutschlandfunk.de/e4/6c/16/6c/e46c166c-90b6-48c8-b757-893c3a508d08/friedrich-merz-bundestag-vor-kanzlerwahl-100-1920x1080.jpg,GERMANY,greeting,wave,translated,"Person, die in Deutschland mit der Hand winkt",person greeting with wave in Germany,0.6559
images/GERMANY/greeting/wave/translated/8.jpg,https://karrierebibel.de/wp-content/uploads/2028/08/Handzeichen-Bedeutung-Winken-Hand.jpg,GERMANY,greeting,wave,translated,"Person, die in Deutschland mit der Hand winkt",person greeting with wave in Germany,0.6474
images/GERMANY/greeting/wave/translated/7.jpg,https://image.geo.de/30105948/t/kj/v3/w1440/r1.7778/-/gesten-teaser-jpg--58802-.jpg,GERMANY,greeting,wave,translated,"Person, die in Deutschland mit der Hand winkt",person greeting with wave in Germany,0.6294
images/GERMANY/religious/Christmas Eve mass/translated/2.jpg,https://kreuzkirche-dresden.de/wp-content/uploads/2023/12/2023-Christvesper-c-Frank-Walther-6-1024x576.jpg,GERMANY,religious,Christmas Eve mass,translated,Christmette in Deutschland,Christmas Eve mass in Germany,0.8076
images/GERMANY/religious/Christmas Eve mass/translated/7.jpg,https://i.ytimg.com/vi/M_XR7f4wYJo/hqdefault.jpg?v\u003d6756e715,GERMANY,religious,Christmas Eve mass,translated,Christmette in Deutschland,Christmas Eve mass in Germany,0.8041
images/GERMANY/religious/Christmas Eve mass/translated/4.jpg,https://cf.katholisch.de/KNA_147555_Weihnachtsgottesdienst.jpg,GERMANY,religious,Christmas Eve mass,translated,Christmette in Deutschland,Christmas Eve mass in Germany,0.7986
images/GERMANY/religious/Christmas Eve mass/translated/6.png,https://de.catholicnewsagency.com/image/christmette-mit-erzbischof-rainer-kardinal-woelki-im-kolner-dom-01-32-01_1734521461.png?w\u003d720\u0026h\u003d480,GERMANY,religious,Christmas Eve mass,translated,Christmette in Deutschland,Christmas Eve mass in Germany,0.7951
images/GERMANY/religious/Christmas Eve mass/english/9.jpg,https://thewonderoftruth.wordpress.com/wp-content/uploads/2014/12/bingen3713.jpg,GERMANY,religious,Christmas Eve mass,english,Christmas Eve mass in Germany,Christmas Eve mass in Germany,0.7947
images/GERMANY/religious/church service/english/3.jpg,https://i.ytimg.com/vi/8P9oSgrT35o/sddefault.jpg,GERMANY,religious,church service,english,church service in Germany,church service in Germany,0.7778
images/GERMANY/religious/church service/translated/5.jpg,https://www.ekd.de/ekd_de/ds_img/assets_2835_x/20211026_epd_00457782-gottesdienst-bundestag-jens-schlueter-2835x1596.jpg,GERMANY,religious,church service,translated,Gottesdienst in Deutschland,church service in Germany,0.7445
images/GERMANY/religious/church service/translated/3.jpg,https://www.ekd.de/ekd_de/ds_img/assets_1875_x/210708-epdbild-jens-schulze-Konfirmationsgottesdienst1875_rdax_625x352_60s.jpg,GERMANY,religious,church service,translated,Gottesdienst in Deutschland,church service in Germany,0.7389
images/GERMANY/religious/church service/translated/7.jpg,https://i.ytimg.com/vi/ldYAl00TviY/hq720.jpg?sqp\u003d-oaymwE7CK4FEIIDSFryq4qpAy0IARUAAAAAGAElAADIQj0AgKJD8AEB-AH-CYAC0AWKAgwIABABGH8gICgTMA8\u003d\u0026rs\u003dAOn4CLBhA7DTVgu2lbwX3Ved0ezzS_aIkA,GERMANY,religious,church service,translated,Gottesdienst in Deutschland,church service in Germany,0.6994
images/GERMANY/religious/church service/english/5.jpg,https://www.oikoumene.org/sites/default/files/styles/max_1200x1200/public/2020-10/01%20Eingangsgebet%20Dunkel%2C%20Dr%20Knapp%2C%20Wessel-01857.jpg?itok\u003dkj4wIY7r,GERMANY,religious,church service,english,church service in Germany,church service in Germany,0.6976
images/GERMANY/religious/praying/translated/8.jpg,https://i.ytimg.com/vi/_Pm-O5t_kF8/sddefault.jpg?v\u003d681dff56,GERMANY,religious,praying,translated,"Menschen, die in Deutschland beten",people praying in Germany,0.8676
images/GERMANY/religious/praying/translated/9.jpg,https://i.ytimg.com/vi/I9EJ5zsltrw/maxresdefault.jpg,GERMANY,religious,praying,translated,"Menschen, die in Deutschland beten",people praying in Germany,0.7816
images/GERMANY/religious/praying/english/2.jpg,https://indiatomorrow.net/wp-content/uploads/2023/04/IMG_20230425_205147.jpg,GERMANY,religious,praying,english,people praying in Germany,people praying in Germany,0.7497
images/GERMANY/religious/praying/translated/1.jpg,https://www.mdr.de/religion/ramadan-muslim-gebet-102-resimage_v-variantBig16x9_w-832.jpg?version\u003d47389,GERMANY,religious,praying,translated,"Menschen, die in Deutschland beten",people praying in Germany,0.7237
images/GERMANY/religious/praying/english/3.jpg,https://www.alhakam.org/wp-content/uploads/2019/07/rsz_2q0a0889-1024x661.jpg,GERMANY,religious,praying,english,people praying in Germany,people praying in Germany,0.6835
images/GERMANY/religious/religious/english/2.jpg,http://raredirndl.com/cdn/shop/articles/8_German_Festivals_in_the_US_That_Aren_t_Oktoberfest_cf86cd69-d713-428f-9aff-902f853d2689_1200x1200.jpg?v\u003d1695963986,GERMANY,religious,religious,english,people participating in a traditional religious event in Germany,people participating in a traditional religious event in Germany,0.7609
images/GERMANY/religious/religious/english/10.jpg,https://germanculture.com.ua/wp-content/uploads/2017/09/oktoberfest2014-5-e1505646940631.jpg,GERMANY,religious,religious,english,people participating in a traditional religious event in Germany,people participating in a traditional religious event in Germany,0.7569
images/GERMANY/religious/religious/english/5.jpg,https://d.ibtimes.co.uk/en/full/1519479/corpus-christi.jpg,GERMANY,religious,religious,english,people participating in a traditional religious event in Germany,people participating in a traditional religious event in Germany,0.7559
images/GERMANY/religious/religious/english/4.jpg,https://d2rdhxfof4qmbb.cloudfront.net/wp-content/uploads/20180516160622/iStock-157506973-1.jpg,GERMANY,religious,religious,english,people participating in a traditional religious event in Germany,people participating in a traditional religious event in Germany,0.7284
images/GERMANY/religious/religious/translated/5.jpg,https://www.kultur-und-natur.com/wp-content/uploads/2025/01/5a6e4176-ab48-471b-8a2c-9163aac5d3fe-777x437.jpg,GERMANY,religious,religious,translated,"Menschen, die in Deutschland an einer traditionellen religiösen Veranstaltung teilnehmen",people participating in a traditional religious event in Germany,0.7124
images/GERMANY/wedding/wedding/english/4.jpg,https://mydinner.co.uk/wp-content/uploads/2013/10/Klostermuehle-1024x1024.jpg,GERMANY,wedding,wedding,english,wedding celebration in Germany,wedding celebration in Germany,0.7433
images/GERMANY/wedding/wedding/english/5.jpg,https://mydinner.co.uk/wp-content/uploads/2013/10/German-Wedding-Dance-1024x1024.jpg,GERMANY,wedding,wedding,english,wedding celebration in Germany,wedding celebration in Germany,0.7422
images/GERMANY/wedding/wedding/translated/1.jpg,https://www.kartenmacherei.de/magazin/_Resources/Persistent/5bfeff6f67f27eaae0191074d24fb53e22223d21/banner-standesamtliche-hochzeit-magazin-221024-600x338.jpg,GERMANY,wedding,wedding,translated,Hochzeitsfeier in Deutschland,wedding celebration in Germany,0.7109
images/GERMANY/wedding/wedding/english/8.jpeg,https://www.celebration.co.za/blog/wp-content/uploads/2014/08/german-wedding-traditions-jpg.jpeg,GERMANY,wedding,wedding,english,wedding celebration in Germany,wedding celebration in Germany,0.6978
images/GERMANY/wedding/wedding/english/2.jpg,https://images.squarespace-cdn.com/content/v1/62c5bd6cd864265be0f52897/2d20afee-b1e9-49e6-931c-362bb9e9533c/germanwedding1.jpg,GERMANY,wedding,wedding,english,wedding celebration in Germany,wedding celebration in Germany,0.6924
images/INDIA/celebration/Diwali/english/9.jpg,https://cdn.britannica.com/23/196823-131-B631F32E/People-lamps-India-festival-Hindu-Diwali.jpg,INDIA,celebration,Diwali,english,people participating in Diwali in India,people participating in Diwali in India,0.8339
images/INDIA/celebration/Diwali/english/10.jpg,https://images.seattletimes.com/wp-content/uploads/2024/10/urnpublicidap.org201b3c2a33e2f7b5eedfc703eebabd9fIndia_Ayodhya_Diwali_Photo_Gallery_55274.jpg?d=780x520,INDIA,celebration,Diwali,english,people participating in Diwali in India,people participating in Diwali in India,0.8117
images/INDIA/celebration/Diwali/english/4.jpg,https://assets.pewresearch.org/wp-content/uploads/sites/12/2014/10/FT_14.10.22_diwali_640x320.jpg,INDIA,celebration,Diwali,english,people participating in Diwali in India,people participating in Diwali in India,0.8112
images/INDIA/celebration/Diwali/english/8.jpg,"https://media.cnn.com/api/v1/images/stellar/prod/121105112538-diwali-celebrates-oil-lamp-woman.jpg?q=w_2900,h_1934,x_0,y_0,c_fill",INDIA,celebration,Diwali,english,people participating in Diwali in India,people participating in Diwali in India,0.8004
images/INDIA/celebration/Diwali/english/6.jpg,https://www.reuters.com/investigates/special-report/assets/india-pollution-diwali-firecrackers/diwali_fireworks_01.jpg?v=391710041124,INDIA,celebration,Diwali,english,people participating in Diwali in India,people participating in Diwali in India,0.7917
images/INDIA/celebration/Durga Puja/english/10.jpg,https://images.hindustantimes.com/rf/image_size_800x600/HT/p2/2016/10/10/Pictures/india-hindu-festival_44e5522e-8ede-11e6-ab84-dfe1f1607a79.jpg,INDIA,celebration,Durga Puja,english,people participating in Durga Puja in India,people participating in Durga Puja in India,0.9329
images/INDIA/celebration/Durga Puja/english/9.jpg,https://img.theweek.in/content/dam/week/webworld/feature/society/2017/september/ticket_to_durga_puja.jpg,INDIA,celebration,Durga Puja,english,people participating in Durga Puja in India,people participating in Durga Puja in India,0.8659
images/INDIA/celebration/Durga Puja/english/1.jpg,https://www.aljazeera.com/wp-content/uploads/2022/10/AP22274425628142.jpg?resize=1920%2C1080,INDIA,celebration,Durga Puja,english,people participating in Durga Puja in India,people participating in Durga Puja in India,0.838
images/INDIA/celebration/Durga Puja/translated/1.jpg,https://images.bhaskarassets.com/web2images/521/2023/10/22/rr-sporting-ratu-road_1697975427.jpg,INDIA,celebration,Durga Puja,translated,लोग दुर्गा पूजा में भाग ले रहे हैं भारत में,people participating in Durga Puja in India,0.8312
images/INDIA/celebration/Durga Puja/english/6.jpg,https://images.hindustantimes.com/img/2022/10/06/550x309/INDIA-RELIGION-HINDUISM-FESTIVAL-12_1665027687627_1665027687627_1665027711984_1665027711984.jpg,INDIA,celebration,Durga Puja,english,people participating in Durga Puja in India,people participating in Durga Puja in India,0.8188
images/INDIA/celebration/Ganesh Chaturthi/english/4.jpg,https://www.aljazeera.com/wp-content/uploads/2021/09/2021-09-10T090858Z_1478876605_RC2UMP9CAEZS_RTRMADP_3_INDIA-RELIGION.jpg?resize=770%2C513&amp;quality=80,INDIA,celebration,Ganesh Chaturthi,english,people participating in Ganesh Chaturthi in India,people participating in Ganesh Chaturthi in India,0.8586
images/INDIA/celebration/Ganesh Chaturthi/english/2.jpg,https://images.moneycontrol.com/static-mcnews/2023/09/Ganesh-chaturthi-l-1.jpg,INDIA,celebration,Ganesh Chaturthi,english,people participating in Ganesh Chaturthi in India,people participating in Ganesh Chaturthi in India,0.8529
images/INDIA/celebration/Ganesh Chaturthi/english/9.jpg,https://english.news.cn/20220824/9404e1f183554130a83ade8943732904/202208249404e1f183554130a83ade8943732904_2022082411ec40232c094a09a7cc5fc95f284b02.jpg,INDIA,celebration,Ganesh Chaturthi,english,people participating in Ganesh Chaturthi in India,people participating in Ganesh Chaturthi in India,0.8404
images/INDIA/celebration/Ganesh Chaturthi/english/5.jpg,https://akm-img-a-in.tosshub.com/indiatoday/images/media_bank/202309/ganpati-festival-123932246-1x1.jpg?VersionId=4I4dJWyUZAG2e1TjXxndEC4_BHfp.XhI,INDIA,celebration,Ganesh Chaturthi,english,people participating in Ganesh Chaturthi in India,people participating in Ganesh Chaturthi in India,0.837
images/INDIA/celebration/Ganesh Chaturthi/english/1.jpg,https://images.hindustantimes.com/rf/image_size_640x362/HT/p2/2016/09/06/Pictures/worship-festival-prosperity-chaturthi-transported-ganesh-places_9298ed90-73f0-11e6-86aa-b218fe1cd668.jpg,INDIA,celebration,Ganesh Chaturthi,english,people participating in Ganesh Chaturthi in India,people participating in Ganesh Chaturthi in India,0.8236
images/INDIA/celebration/Holi/english/5.jpg,https://static.independent.co.uk/2024/03/25/10/2102855855.jpg,INDIA,celebration,Holi,english,people participating in Holi in India,people participating in Holi in India,0.8901
images/INDIA/celebration/Holi/english/1.jpg,https://i.natgeofe.com/n/e981536f-5cb8-4106-a1ba-cb8458a3c29e/holi-festival-india.jpg,INDIA,celebration,Holi,english,people participating in Holi in India,people participating in Holi in India,0.8614
images/INDIA/celebration/Holi/translated/5.jpg,https://www.livehindustan.com/lh-img/smart/img/2025/01/14/1200x900/When_is_Holi_2025_in_India_1736845177509_1736845180438.jpg,INDIA,celebration,Holi,translated,लोग होली में भाग ले रहे हैं भारत में,people participating in Holi in India,0.8497
images/INDIA/celebration/Holi/english/9.jpg,https://people.com/thmb/tTo95wdeHI94is6x5unnoko1PmY=/4000x0/filters:no_upscale():max_bytes(150000):strip_icc():focal(749x0:751x2)/Holi-04-9333953e54f14833a0bcff69685c4b8e.jpg,INDIA,celebration,Holi,english,people participating in Holi in India,people participating in Holi in India,0.8382
images/INDIA/celebration/Holi/english/6.jpg,https://people.com/thmb/M_1Qwsx_PowIWsSVRyY3ZZgy0R4=/4000x0/filters:no_upscale():max_bytes(150000):strip_icc():focal(749x0:751x2)/Holi-05-6a628b888f204f358f0c92888e3162a5.jpg,INDIA,celebration,Holi,english,people participating in Holi in India,people participating in Holi in India,0.8286
images/INDIA/celebration/Navratri/english/8.jpg,"https://bsmedia.business-standard.com/_media/bs/img/misc/2023-10/23/full/20231018088L.jpg?im=FeatureCrop,size=(826,465)",INDIA,celebration,Navratri,english,people participating in Navratri in India,people participating in Navratri in India,0.9374
images/INDIA/celebration/Navratri/english/4.jpeg,https://s3.ap-southeast-1.amazonaws.com/images.asianage.com/images/aa-Cover-mnq287t6vrp0r80df297qasle4-20181018131034.Medi.jpeg,INDIA,celebration,Navratri,english,people participating in Navratri in India,people participating in Navratri in India,0.814
images/INDIA/celebration/Navratri/english/1.jpg,https://static.sadhguru.org/d/46272/1647059192-navratri-festival-traditions-sadhana-golu-quotes.jpg,INDIA,celebration,Navratri,english,people participating in Navratri in India,people participating in Navratri in India,0.7999
images/INDIA/celebration/Navratri/english/5.jpg,https://assets.telegraphindia.com/telegraph/2024/Oct/1727941234_new-project-2024-10-03t131108-461.jpg,INDIA,celebration,Navratri,english,people participating in Navratri in India,people participating in Navratri in India,0.7924
images/INDIA/celebration/Navratri/english/6.jpg,"https://bsmedia.business-standard.com/_media/bs/img/misc/2020-10/21/full/20201017025L.jpg?im=FeatureCrop,size=(826,465)",INDIA,celebration,Navratri,english,people participating in Navratri in India,people participating in Navratri in India,0.784
images/INDIA/celebration/Onam/english/1.jpg,https://utsav.gov.in/public/uploads/event_picture_image/event_498/16570253622117328147.jpg,INDIA,celebration,Onam,english,people participating in Onam in India,people participating in Onam in India,0.8816
images/INDIA/celebration/Onam/translated/8.jpg,https://hindi.oneindia.com/img/2014/09/08-1410159066-01-onam.jpg,INDIA,celebration,Onam,translated,लोग ओणम में भाग ले रहे हैं भारत में,people participating in Onam in India,0.8505
images/INDIA/celebration/Onam/translated/6.jpeg,https://images.tv9hindi.com/wp-content/uploads/2024/09/whatsapp-image-2024-09-06-at-18.00.45.jpeg,INDIA,celebration,Onam,translated,लोग ओणम में भाग ले रहे हैं भारत में,people participating in Onam in India,0.7755
images/INDIA/celebration/Onam/english/4.jpg,https://static.india.com/wp-content/uploads/2018/08/onam-celebrations3.jpg,INDIA,celebration,Onam,english,people participating in Onam in India,people participating in Onam in India,0.7665
images/INDIA/celebration/Onam/translated/10.jpg,https://d3pc1xvrcw35tl.cloudfront.net/sm/images/1200x900/onam-3_201909115297.jpg,INDIA,celebration,Onam,translated,लोग ओणम में भाग ले रहे हैं भारत में,people participating in Onam in India,0.7463
images/INDIA/celebration/Pongal/english/6.jpg,https://i.ytimg.com/vi/rPSmgV1r_ns/maxresdefault.jpg,INDIA,celebration,Pongal,english,people participating in Pongal in India,people participating in Pongal in India,0.875
images/INDIA/celebration/Pongal/english/8.jpg,https://im.rediff.com/getahead/2018/jan/12india-winter-festival7.jpg,INDIA,celebration,Pongal,english,people participating in Pongal in India,people participating in Pongal in India,0.8566
images/INDIA/celebration/Pongal/english/7.jpg,https://images.news18.com/ibnlive/uploads/2023/01/pongal-celebrations-pti-167366814416x9.jpg?impolicy=website&amp;width=400&amp;height=225,INDIA,celebration,Pongal,english,people participating in Pongal in India,people participating in Pongal in India,0.8364
images/INDIA/celebration/Pongal/english/1.jpeg,https://images.indianexpress.com/2019/01/pongal1.jpeg,INDIA,celebration,Pongal,english,people participating in Pongal in India,people participating in Pongal in India,0.7762
images/INDIA/celebration/Pongal/english/3.jpg,https://indiaholidaymall.com/images/blog/Pongal-Festival-Tamilnadu.jpg,INDIA,celebration,Pongal,english,people participating in Pongal in India,people participating in Pongal in India,0.7374
images/INDIA/celebration/celebration/english/7.jpg,https://media.odynovotours.com/article/60000/Festival_59240.jpg,INDIA,celebration,celebration,english,people participating in a traditional festival or observance in India,people participating in a traditional festival or observance in India,0.8361
images/INDIA/celebration/celebration/english/5.jpg,https://i.natgeofe.com/k/578490ec-d537-4795-b6a0-a129c1563be6/holi-crowd.jpg?wp=1&amp;w=1084.125&amp;h=609,INDIA,celebration,celebration,english,people participating in a traditional festival or observance in India,people participating in a traditional festival or observance in India,0.8258
images/INDIA/celebration/celebration/translated/3.jpg,https://hindi.nativeplanet.com/img/2017/10/3-14-1507980876.jpg,INDIA,celebration,celebration,translated,लोग पारंपरिक त्योहार या उत्सव में भाग ले रहे हैं भारत में,people participating in a traditional festival or observance in India,0.7794
images/INDIA/celebration/celebration/english/6.jpg,https://www.chinadaily.com.cn/world/images/attachement/jpg/site1/20170329/f8bc126e4b4e1a4564690f.jpg,INDIA,celebration,celebration,english,people participating in a traditional festival or observance in India,people participating in a traditional festival or observance in India,0.7726
images/INDIA/celebration/celebration/english/8.jpg,https://cdn.britannica.com/88/263888-050-4655CCBD/Hinduism-Pulikali-Tiger-dance-dancers-during-Onam-Fesitval-Kerala-India.jpg,INDIA,celebration,celebration,english,people participating in a traditional festival or observance in India,people participating in a traditional festival or observance in India,0.7473
images/INDIA/concert/concert/english/8.jpg,https://newsindiatimes.com/wp-content/uploads/2019/05/Tablaphilia-A-Tabla-Symphony.jpg,INDIA,concert,concert,english,concert in India,concert in India,0.7649
images/INDIA/concert/concert/english/4.jpg,http://www.lawrentian.com/wp-content/uploads/2013/11/indian-music-concert-by-LIZ-LANDES.jpg,INDIA,concert,concert,english,concert in India,concert in India,0.7586
images/INDIA/concert/concert/translated/2.jpg,https://hindi.mediabharti.net/uploads/news/classical-music1.jpg,INDIA,concert,concert,translated,संगीत कार्यक्रम भारत में,concert in India,0.7573
images/INDIA/concert/concert/english/9.jpg,https://images.indianexpress.com/2024/10/464836003_18470958406005747_5213945148370731833_n.jpg,INDIA,concert,concert,english,concert in India,concert in India,0.7448
images/INDIA/concert/concert/english/7.jpg,https://th-i.thgim.com/public/entertainment/movies/rcq3mr/article67441699.ece/alternates/FREE_1200/Ed%20Sheeran%20Mathematics%20Tour_India.jpg,INDIA,concert,concert,english,concert in India,concert in India,0.7443
images/INDIA/concert/indoor/translated/8.jpg,https://i.ytimg.com/vi/bR4Bdul_wtI/maxresdefault.jpg,INDIA,concert,indoor,translated,इनडोर संगीत कार्यक्रम भारत में,indoor concert in India,0.7389
images/INDIA/concert/indoor/english/9.jpg,https://assets.telegraphindia.com/telegraph/2024/Jun/1719229711_1.jpg,INDIA,concert,indoor,english,indoor concert in India,indoor concert in India,0.7226
images/INDIA/concert/indoor/translated/9.jpg,https://i.ytimg.com/vi/My5DnkHHkFc/maxresdefault.jpg,INDIA,concert,indoor,translated,इनडोर संगीत कार्यक्रम भारत में,indoor concert in India,0.7093
images/INDIA/concert/indoor/english/3.jpg,https://qtxasset.com/quartz/qcloud4/styles/full_body_width/s3/media/image/IMG_8084_0.jpg?VersionId=OOwRrCJlJInBx47dFK_JR7dtRRJy4nOF&amp;itok=1ysfU3MJ,INDIA,concert,indoor,english,indoor concert in India,indoor concert in India,0.6966
images/INDIA/concert/indoor/english/10.jpg,https://media.assettype.com/homegrown%2Fimport%2Fbook%2F6874-acgzjmvnoz-1560941917.jpg,INDIA,concert,indoor,english,indoor concert in India,indoor concert in India,0.6962
images/INDIA/concert/outdoor/english/3.jpg,https://apiv3.finkup.com/media/head_image/ziro_9HOyuqK.jpg,INDIA,concert,outdoor,english,outdoor concert in India,outdoor concert in India,0.7675
images/INDIA/concert/outdoor/english/2.jpg,https://www.nativeplanet.com/img/2017/07/1-coverimage-20-1500545409.jpg,INDIA,concert,outdoor,english,outdoor concert in India,outdoor concert in India,0.7356
images/INDIA/concert/outdoor/english/9.jpg,https://www.holidify.com/images/cmsuploads/compressed/dsc_6728_20170828194612.jpg,INDIA,concert,outdoor,english,outdoor concert in India,outdoor concert in India,0.7209
images/INDIA/concert/outdoor/english/7.jpg,https://images.indianexpress.com/2024/10/464836003_18470958406005747_5213945148370731833_n.jpg,INDIA,concert,outdoor,english,outdoor concert in India,outdoor concert in India,0.7192
images/INDIA/concert/outdoor/english/8.jpg,https://imgmediagumlet.lbb.in/media/2022/03/6242cd6f2894a64fa7ca7ccd_1648545135087.jpg,INDIA,concert,outdoor,english,outdoor concert in India,outdoor concert in India,0.708
images/INDIA/dancing/Bhangra/english/6.jpg,https://i.pinimg.com/236x/98/a1/bd/98a1bd29ee6e3314fc6d522fd5a499e0.jpg,INDIA,dancing,Bhangra,english,people dancing Bhangra in India,people dancing Bhangra in India,0.9138
images/INDIA/dancing/Bhangra/english/3.jpg,https://stagebuzz.in/wp-content/uploads/2021/12/302379e3d60a0271e45bd3e916080171.jpg,INDIA,dancing,Bhangra,english,people dancing Bhangra in India,people dancing Bhangra in India,0.823
images/INDIA/dancing/Bhangra/translated/7.jpg,https://hindi.cdn.zeenews.com/hindi/sites/default/files/2024/04/06/2757238-kikli.jpg,INDIA,dancing,Bhangra,translated,लोग भांगड़ा नृत्य कर रहे हैं भारत में,people dancing Bhangra in India,0.8207
images/INDIA/dancing/Bhangra/translated/5.jpg,https://i.ytimg.com/vi/xT-Hwodb_ho/hq720.jpg?sqp=-oaymwE7CK4FEIIDSFryq4qpAy0IARUAAAAAGAElAADIQj0AgKJD8AEB-AH-CYAC0AWKAgwIABABGGUgTig_MA8=&amp;rs=AOn4CLD7Xe3LbdpGH5m23v2JgGn1QQWl5A,INDIA,dancing,Bhangra,translated,लोग भांगड़ा नृत्य कर रहे हैं भारत में,people dancing Bhangra in India,0.8177
images/INDIA/dancing/Bhangra/english/4.jpg,"https://i.cbc.ca/ais/1.6405129,1717091814569/full/max/0/default.jpg?im=Crop%2Crect%3D%280%2C0%2C1920%2C1080%29%3BResize%3D1180",INDIA,dancing,Bhangra,english,people dancing Bhangra in India,people dancing Bhangra in India,0.817
images/INDIA/dancing/Bharatanatyam/english/9.jpg,https://upload.wikimedia.org/wikipedia/commons/5/5a/Padma_Subrahmanyam_DS.jpg,INDIA,dancing,Bharatanatyam,english,person performing Bharatanatyam in India,person performing Bharatanatyam in India,0.9096
images/INDIA/dancing/Bharatanatyam/translated/5.jpg,https://png.pngtree.com/background/20230316/original/pngtree-young-beautiful-woman-dancer-exponent-of-indian-classical-dance-bharatanatyam-in-picture-image_2141764.jpg,INDIA,dancing,Bharatanatyam,translated,कोई व्यक्ति भरतनाट्यम कर रहा है भारत में,person performing Bharatanatyam in India,0.8704
images/INDIA/dancing/Bharatanatyam/translated/1.jpg,https://upload.wikimedia.org/wikipedia/commons/6/6a/Bharata_Natyam_Performance_DS.jpg,INDIA,dancing,Bharatanatyam,translated,कोई व्यक्ति भरतनाट्यम कर रहा है भारत में,person performing Bharatanatyam in India,0.8672
images/INDIA/dancing/Bharatanatyam/english/8.png,https://indianewengland.com/wp-content/uploads/2019/07/Sheejith-Krishna-Solo.png,INDIA,dancing,Bharatanatyam,english,person performing Bharatanatyam in India,person performing Bharatanatyam in India,0.8567
images/INDIA/dancing/Bharatanatyam/translated/6.jpeg,https://i.cdn.newsbytesapp.com/hn/images/l6820250516174313.jpeg,INDIA,dancing,Bharatanatyam,translated,कोई व्यक्ति भरतनाट्यम कर रहा है भारत में,person performing Bharatanatyam in India,0.8431
images/INDIA/dancing/Bollywood dance/english/1.jpg,https://kajabi-storefronts-production.kajabi-cdn.com/kajabi-storefronts-production/file-uploads/blogs/17403/images/358a2eb-4a8d-65b5-ed3c-a3d41b582a0_KAYLA-BRETT-130.jpg,INDIA,dancing,Bollywood dance,english,people performing Bollywood dance in India,people performing Bollywood dance in India,0.7964
images/INDIA/dancing/Bollywood dance/english/2.jpg,https://www.hawaii.edu/news/wp-content/uploads/2025/05/manoa-call-Indian-dance-15.jpg,INDIA,dancing,Bollywood dance,english,people performing Bollywood dance in India,people performing Bollywood dance in India,0.7897
images/INDIA/dancing/Bollywood dance/english/7.jpg,https://i.ytimg.com/vi/pOXOVttMKI8/hq720.jpg?sqp=-oaymwEXCK4FEIIDSFryq4qpAwkIARUAAIhCGAE=&amp;rs=AOn4CLD6EpsctZR20cMe1V4ni-wSk-2fCA,INDIA,dancing,Bollywood dance,english,people performing Bollywood dance in India,people performing Bollywood dance in India,0.7885
images/INDIA/dancing/Bollywood dance/translated/9.jpg,https://feeds.abplive.com/onecms/images/uploaded-images/2022/01/26/865150cd67df32b7709c1c1285826d70_original.jpg,INDIA,dancing,Bollywood dance,translated,लोग बॉलीवुड नृत्य कर रहे हैं भारत में,people performing Bollywood dance in India,0.7882
images/INDIA/dancing/Bollywood dance/english/6.jpg,https://noma.org/wp-content/uploads/2019/02/Bollywoodcropped.jpg,INDIA,dancing,Bollywood dance,english,people performing Bollywood dance in India,people performing Bollywood dance in India,0.7603
images/INDIA/dancing/Garba/english/8.jpg,https://observer.case.edu/wp-content/uploads/2019/10/uISA-garba-900x675.jpg,INDIA,dancing,Garba,english,people dancing Garba in India,people dancing Garba in India,0.8227
images/INDIA/dancing/Garba/english/6.png,https://www.hindustantimes.com/ht-img/img/2023/12/06/1600x900/Screenshot_2023-10-15_133437_1697357136262_1701874299761.png,INDIA,dancing,Garba,english,people dancing Garba in India,people dancing Garba in India,0.8227
images/INDIA/dancing/Garba/english/4.jpg,https://i.pinimg.com/736x/b8/61/01/b86101eca82888d715399e40bc721006.jpg,INDIA,dancing,Garba,english,people dancing Garba in India,people dancing Garba in India,0.8219
images/INDIA/dancing/Garba/english/1.jpg,https://longwoodgardens.org/sites/default/files/styles/flex_landing_header_xs/public/2022-08/Credit%20Rosenthal.jpg?itok=uRQGnCXE,INDIA,dancing,Garba,english,people dancing Garba in India,people dancing Garba in India,0.8181
images/INDIA/dancing/Garba/translated/4.jpg,https://static2.tripoto.com/media/filter/tst/img/1992358/TripDocument/1600411158_1600411155688.jpg,INDIA,dancing,Garba,translated,लोग गरबा नृत्य कर रहे हैं भारत में,people dancing Garba in India,0.8167
images/INDIA/dancing/Kathak/english/9.jpg,https://hiyband.wordpress.ncsu.edu/files/2018/12/cropped-z-173.jpg,INDIA,dancing,Kathak,english,person performing Kathak in India,person performing Kathak in India,0.9017
images/INDIA/dancing/Kathak/english/10.jpg,https://www.srishti.co.uk/wp-content/uploads/2023/04/srishti-header-dance-school-kathak-dance-class-005.jpg,INDIA,dancing,Kathak,english,person performing Kathak in India,person performing Kathak in India,0.8724
images/INDIA/dancing/Kathak/english/2.jpg,https://kathakbyneha.in/wp-content/uploads/2023/08/Tips-for-successful-dance-performance-854x1024.jpg,INDIA,dancing,Kathak,english,person performing Kathak in India,person performing Kathak in India,0.8572
images/INDIA/dancing/Kathak/english/7.jpg,https://i.pinimg.com/736x/76/e9/9f/76e99fa26ac9fe2deb9f803eb2b0c58e.jpg,INDIA,dancing,Kathak,english,person performing Kathak in India,person performing Kathak in India,0.8538
images/INDIA/dancing/Kathak/english/4.jpg,https://www.hawaii.edu/news/wp-content/uploads/2025/05/manoa-call-Indian-dance-10.jpg,INDIA,dancing,Kathak,english,person performing Kathak in India,person performing Kathak in India,0.7836
images/INDIA/dancing/Kuchipudi/english/10.jpg,http://livingwithlili.weebly.com/uploads/1/0/9/7/109778451/137510193.jpg,INDIA,dancing,Kuchipudi,english,person performing Kuchipudi in India,person performing Kuchipudi in India,0.8623
images/INDIA/dancing/Kuchipudi/translated/10.jpg,https://upload.wikimedia.org/wikipedia/commons/a/ae/Kuchipudi_Performer_DS.jpg,INDIA,dancing,Kuchipudi,translated,कोई व्यक्ति कुचिपुड़ी कर रहा है भारत में,person performing Kuchipudi in India,0.8557
images/INDIA/dancing/Kuchipudi/translated/8.jpg,http://a.files.bbci.co.uk/worldservice/live/assets/images/2015/08/12/150812100358_haleem_624x351_haleem.jpg,INDIA,dancing,Kuchipudi,translated,कोई व्यक्ति कुचिपुड़ी कर रहा है भारत में,person performing Kuchipudi in India,0.844
images/INDIA/dancing/Kuchipudi/translated/7.jpg,https://inditales.com/hindi/wp-content/uploads/%E0%A4%95%E0%A5%81%E0%A4%9A%E0%A4%BF%E0%A4%AA%E0%A5%81%E0%A5%9C%E0%A5%80.jpg,INDIA,dancing,Kuchipudi,translated,कोई व्यक्ति कुचिपुड़ी कर रहा है भारत में,person performing Kuchipudi in India,0.8305
images/INDIA/dancing/Kuchipudi/english/8.png,https://i3.wp.com/www.thetalentedindian.com/wp-content/uploads/2022/03/Screenshot-2022-03-06-at-10.02.13-AM-1000x600.png,INDIA,dancing,Kuchipudi,english,person performing Kuchipudi in India,person performing Kuchipudi in India,0.8162
images/INDIA/dancing/dancing/english/7.jpg,https://noma.org/wp-content/uploads/2019/02/Bollywoodcropped.jpg,INDIA,dancing,dancing,english,people dancing in India,people dancing in India,0.7465
images/INDIA/dancing/dancing/english/4.png,https://deshpee.com/wp-content/uploads/2023/09/image-13.png,INDIA,dancing,dancing,english,people dancing in India,people dancing in India,0.7418
images/INDIA/dancing/dancing/translated/3.jpg,https://etvbharatimages.akamaized.net/etvbharat/prod-images/11574853_karma-dance.jpg,INDIA,dancing,dancing,translated,लोग नृत्य कर रहे हैं भारत में,people dancing in India,0.7322
images/INDIA/dancing/dancing/english/3.jpg,https://browngirlmagazine.com/wp-content/uploads/2018/03/holi-shoot-35.jpg,INDIA,dancing,dancing,english,people dancing in India,people dancing in India,0.7274
images/INDIA/dancing/dancing/english/9.jpg,https://assets.dnainfo.com/generated/photo/2016/05/video---seniors-compete-traditional-indian-dance-competition-1463013456.jpg/extralarge.jpg,INDIA,dancing,dancing,english,people dancing in India,people dancing in India,0.7195
images/INDIA/eating/eating/english/6.jpg,https://media.millichronicle.com/2019/10/12133641/indian-meat-800x445.jpg,INDIA,eating,eating,english,people eating food in India,people eating food in India,0.8482
images/INDIA/eating/eating/english/7.jpg,https://motionarray.imgix.net/motion-array-649056-India-HD-00417-high_0009.jpg?w\u003d660\u0026q\u003d60\u0026fit\u003dmax\u0026auto\u003dformat,INDIA,eating,eating,english,people eating food in India,people eating food in India,0.8387
images/INDIA/eating/eating/english/9.jpg,"https://media-cldnry.s-nbcnews.com/image/upload/t_fit-1500w,f_auto,q_auto:best/MSNBC/Components/Photo/_new/091008-india-hmed-7a.jpg",INDIA,eating,eating,english,people eating food in India,people eating food in India,0.7784
images/INDIA/eating/eating/english/2.jpg,https://images.indianexpress.com/2024/03/north-indian-diet.jpg,INDIA,eating,eating,english,people eating food in India,people eating food in India,0.7586
images/INDIA/eating/eating/english/3.png,https://asiatravelbug.net/wp-content/uploads/2012/12/lunch.png,INDIA,eating,eating,english,people eating food in India,people eating food in India,0.7427
images/INDIA/eating/home/english/8.jpg,https://i.ytimg.com/vi/h0IEo5TBljE/maxresdefault.jpg,INDIA,eating,home,english,people eating food at home in India,people eating food at home in India,0.8541
images/INDIA/eating/home/english/5.jpg,https://www.globalgiving.org/pfil/17590/ph_17590_217549.jpg,INDIA,eating,home,english,people eating food at home in India,people eating food at home in India,0.8004
images/INDIA/eating/home/english/2.jpg,https://c.files.bbci.co.uk/7873/production/_97753803_family-eating_110917_cps.jpg,INDIA,eating,home,english,people eating food at home in India,people eating food at home in India,0.7897
images/INDIA/eating/home/english/4.jpg,http://archive.indiaspend.com/wp-content/uploads/junk_290.jpg,INDIA,eating,home,english,people eating food at home in India,people eating food at home in India,0.7593
images/INDIA/eating/home/english/9.jpg,https://ichef.bbci.co.uk/ace/standard/976/cpsprodpb/2B60/production/_89840111_cookie.jpg,INDIA,eating,home,english,people eating food at home in India,people eating food at home in India,0.745
images/INDIA/eating/restaurant/english/1.jpg,https://i.ytimg.com/vi/g0BawP9Ldbw/sddefault.jpg,INDIA,eating,restaurant,english,people eating food in restaurant in India,people eating food in restaurant in India,0.8475
images/INDIA/eating/restaurant/english/8.jpg,https://i.pinimg.com/736x/df/41/ec/df41ec37679c9be1365e22bb968fa308.jpg,INDIA,eating,restaurant,english,people eating food in restaurant in India,people eating food in restaurant in India,0.7921
images/INDIA/eating/restaurant/english/9.jpg,https://ichef.bbci.co.uk/ace/standard/976/cpsprodpb/5D5F/production/_92930932_bbc-mtr-10.jpg,INDIA,eating,restaurant,english,people eating food in restaurant in India,people eating food in restaurant in India,0.7793
images/INDIA/eating/restaurant/english/10.jpg,https://www.hindustantimes.com/ht-img/img/2023/05/29/550x309/People-having-lunch-at-a-function-in-Alleppey--Ker_1685369382586.jpg,INDIA,eating,restaurant,english,people eating food in restaurant in India,people eating food in restaurant in India,0.7784
images/INDIA/eating/restaurant/english/4.png,https://asiatravelbug.net/wp-content/uploads/2012/12/lunch.png,INDIA,eating,restaurant,english,people eating food in restaurant in India,people eating food in restaurant in India,0.7761
images/INDIA/funeral/funeral/english/3.jpg,http://www.allenfamilyfuneraloptions.com/wp-content/uploads/indian-funeral-cremation.jpg,INDIA,funeral,funeral,english,people attending a funeral ceremony in India,people attending a funeral ceremony in India,0.8476
images/INDIA/funeral/funeral/translated/5.jpeg,https://images.bhaskarassets.com/web2images/521/2023/11/16/c22abdda-dc19-4f77-8e0a-d5052c7cd5651700132408_1700133667.jpeg,INDIA,funeral,funeral,translated,लोग अंतिम संस्कार में शामिल हो रहे हैं भारत में,people attending a funeral ceremony in India,0.7954
images/INDIA/funeral/funeral/english/8.jpg,https://static.sadhguru.org/d/46272/1633512442-1633512441609.jpg,INDIA,funeral,funeral,english,people attending a funeral ceremony in India,people attending a funeral ceremony in India,0.7534
images/INDIA/funeral/funeral/english/5.jpg,https://gpjs3bucket.s3.amazonaws.com/wp-content/uploads/2016/08/26175924/6GPJNews_Srilanka_SDM_todagreenfuneral_-61_web-1024x680.jpg,INDIA,funeral,funeral,english,people attending a funeral ceremony in India,people attending a funeral ceremony in India,0.7495
images/INDIA/funeral/funeral/translated/8.png,https://images.bhaskarassets.com/web2images/521/2024/02/13/screenshot-2024-02-13-171154_1707824611.png,INDIA,funeral,funeral,translated,लोग अंतिम संस्कार में शामिल हो रहे हैं भारत में,people attending a funeral ceremony in India,0.7418
images/INDIA/game/Antakshari/translated/9.jpg,https://images.news18.com/ibnkhabar/uploads/2024/02/Airindia-2024-02-a16bec05ad1b564664c9754ab931103b-3x2.jpg,INDIA,game,Antakshari,translated,लोग अंताक्षरी खेल रहे हैं भारत में,people playing Antakshari in India,0.6969
images/INDIA/game/Antakshari/english/1.jpg,https://indianewengland.com/wp-content/uploads/2025/04/Antak-Mastane.jpg,INDIA,game,Antakshari,english,people playing Antakshari in India,people playing Antakshari in India,0.6948
images/INDIA/game/Antakshari/english/5.jpg,https://images.hindustantimes.com/rf/image_size_630x354/HT/p2/2018/02/15/Pictures/baintbaazi-jama-masjid_ae47cb08-121c-11e8-8db2-4ddb0f8cfdad.jpg,INDIA,game,Antakshari,english,people playing Antakshari in India,people playing Antakshari in India,0.6706
images/INDIA/game/Antakshari/english/8.jpg,https://i.ytimg.com/vi/QRbHeQkCcQ0/hq720.jpg?sqp=-oaymwEhCK4FEIIDSFryq4qpAxMIARUAAAAAGAElAADIQj0AgKJD&amp;rs=AOn4CLBFpPJE_HpPgSpAEEYhk0y6H6GD8Q,INDIA,game,Antakshari,english,people playing Antakshari in India,people playing Antakshari in India,0.6528
images/INDIA/game/Antakshari/english/3.jpg,https://static.euronews.com/articles/stories/06/37/20/26/808x539_cmsv2_314ef32c-3245-514f-aa88-b09406454a65-6372026.jpg,INDIA,game,Antakshari,english,people playing Antakshari in India,people playing Antakshari in India,0.6325
images/INDIA/game/Carrom/english/3.jpg,https://static.theprint.in/wp-content/uploads/2025/07/Copy-of-carrom-1-the-print-e1752384771654.jpg,INDIA,game,Carrom,english,people playing Carrom in India,people playing Carrom in India,0.9576
images/INDIA/game/Carrom/english/7.jpg,https://thebridge.in/wp-content/uploads/2020/10/Maria-Irudayam.jpg,INDIA,game,Carrom,english,people playing Carrom in India,people playing Carrom in India,0.8569
images/INDIA/game/Carrom/english/2.jpg,https://images.tribuneindia.com/cms/gall_content/2015/2/2015_2$largeimg17_Feb_2015_015938837.jpg,INDIA,game,Carrom,english,people playing Carrom in India,people playing Carrom in India,0.8521
images/INDIA/game/Carrom/english/1.jpg,https://upload.wikimedia.org/wikipedia/commons/e/e8/India_-_Varanasi_boy_with_board_game_-_0646.jpg,INDIA,game,Carrom,english,people playing Carrom in India,people playing Carrom in India,0.8473
images/INDIA/game/Carrom/english/8.jpg,https://i.ytimg.com/vi/DFQvw79wQHU/maxresdefault.jpg,INDIA,game,Carrom,english,people playing Carrom in India,people playing Carrom in India,0.7877
images/INDIA/game/Kabaddi/english/2.jpg,https://images.livemint.com/rf/Image-621x414/LiveMint/Period2/2016/10/29/Photos/Processed/village1-kaWB--621x414@LiveMint.jpg,INDIA,game,Kabaddi,english,people playing Kabaddi in India,people playing Kabaddi in India,0.8973
images/INDIA/game/Kabaddi/english/1.jpg,https://cdn.britannica.com/89/162589-050-4729FD26/Girls-kabaddi-India.jpg,INDIA,game,Kabaddi,english,people playing Kabaddi in India,people playing Kabaddi in India,0.8742
images/INDIA/game/Kabaddi/english/6.jpg,https://www.sportanddev.org/sites/default/files/media/womenkabaddi.jpg,INDIA,game,Kabaddi,english,people playing Kabaddi in India,people playing Kabaddi in India,0.8626
images/INDIA/game/Kabaddi/english/3.jpg,https://akm-img-a-in.tosshub.com/indiatoday/images/story/201507/kabaddi-647_071915053955.jpg?VersionId=Ds.LW_d1ZAgsQgi4jhuEjtxLVrtI8wSX,INDIA,game,Kabaddi,english,people playing Kabaddi in India,people playing Kabaddi in India,0.8292
images/INDIA/game/Kabaddi/translated/6.jpg,https://i.ytimg.com/vi/av1mr3UpdZk/hq720.jpg?sqp=-oaymwEhCK4FEIIDSFryq4qpAxMIARUAAAAAGAElAADIQj0AgKJD&amp;rs=AOn4CLBj82_PG1UFQ84yg40KzvE4l2wQkA,INDIA,game,Kabaddi,translated,लोग कबड्डी खेल रहे हैं भारत में,people playing Kabaddi in India,0.7879
images/INDIA/game/Kho-Kho/english/1.jpg,https://cdn.britannica.com/89/162589-050-4729FD26/Girls-kabaddi-India.jpg,INDIA,game,Kho-Kho,english,people playing Kho-Kho in India,people playing Kho-Kho in India,0.8285
images/INDIA/game/Kho-Kho/translated/3.jpg,https://i.ytimg.com/vi/XjKiLn7QOfg/hqdefault.jpg,INDIA,game,Kho-Kho,translated,लोग खो-खो खेल रहे हैं भारत में,people playing Kho-Kho in India,0.8052
images/INDIA/game/Kho-Kho/translated/10.jpg,https://images.bhaskarassets.com/web2images/521/2022/02/13/15_1644774135.jpg,INDIA,game,Kho-Kho,translated,लोग खो-खो खेल रहे हैं भारत में,people playing Kho-Kho in India,0.7795
images/INDIA/game/Kho-Kho/english/6.jpeg,https://akm-img-a-in.tosshub.com/indiatoday/images/story/201904/kho_kho_league.jpeg?VersionId=BLE7lIk_vGlEuEkleR1f.Hg.yYco_8Jx,INDIA,game,Kho-Kho,english,people playing Kho-Kho in India,people playing Kho-Kho in India,0.7706
images/INDIA/game/Kho-Kho/translated/9.jpg,https://images.bhaskarassets.com/web2images/521/2025/08/06/ecfd9635-f7cf-4ca4-90e5-2f1b490ab3ab_1754484628924.jpg,INDIA,game,Kho-Kho,translated,लोग खो-खो खेल रहे हैं भारत में,people playing Kho-Kho in India,0.7041
images/INDIA/game/Lagori/english/5.jpg,https://strive.lshtm.ac.uk/sites/strive.lshtm.ac.uk/files/styles/photo-large/public/photos/lagori.jpg?itok=QS1EGQH6,INDIA,game,Lagori,english,people playing Lagori in India,people playing Lagori in India,0.8353
images/INDIA/game/Lagori/english/1.jpg,https://blog.compassion.com/wp-content/uploads/2012/08/traditional-game-in-india-seven-stones-stacking.jpg,INDIA,game,Lagori,english,people playing Lagori in India,people playing Lagori in India,0.8259
images/INDIA/game/Lagori/english/9.jpg,https://fallinsports.com/wp-content/uploads/2020/11/kids-playing-lagori-1.jpg,INDIA,game,Lagori,english,people playing Lagori in India,people playing Lagori in India,0.7578
images/INDIA/game/Lagori/english/8.jpg,https://blog.playo.co/wp-content/uploads/2017/08/lagori-the-forgotten-indian-sport.jpg,INDIA,game,Lagori,english,people playing Lagori in India,people playing Lagori in India,0.7337
images/INDIA/game/Lagori/english/3.jpg,https://i.ytimg.com/vi/e5-22fPVPNM/hqdefault.jpg?v=657da502,INDIA,game,Lagori,english,people playing Lagori in India,people playing Lagori in India,0.7241
images/INDIA/game/Ludo/english/2.jpg,https://www.bssnews.net/assets/news_photos/2021/09/11/image-16653-1631337405.jpg,INDIA,game,Ludo,english,people playing Ludo in India,people playing Ludo in India,0.9228
images/INDIA/game/Ludo/english/4.jpeg,https://images.pond5.com/asian-indian-family-playing-ludo-132257559_prevstill.jpeg,INDIA,game,Ludo,english,people playing Ludo in India,people playing Ludo in India,0.9133
images/INDIA/game/Ludo/translated/3.jpeg,https://www.thefreelancer.co.in/hindi/wp-content/uploads/2020/05/ludo-01.jpeg,INDIA,game,Ludo,translated,लोग लूडो खेल रहे हैं भारत में,people playing Ludo in India,0.8679
images/INDIA/game/Ludo/translated/4.jpg,https://images.news18.com/ibnkhabar/uploads/2020/05/pjimage-8.jpg,INDIA,game,Ludo,translated,लोग लूडो खेल रहे हैं भारत में,people playing Ludo in India,0.8064
images/INDIA/game/Ludo/english/10.jpg,https://adopcianadialku.sk/childrensdonation/wp-content/uploads/2024/05/PLAYING-CHESS-scaled.jpg,INDIA,game,Ludo,english,people playing Ludo in India,people playing Ludo in India,0.8012
images/INDIA/game/game/english/5.jpg,http://d3e1m60ptf1oym.cloudfront.net/ea29b828-1409-4bc1-a50d-d623bf3203ee/Brett-Cole-India-08607_xgaplus.jpg,INDIA,game,game,english,people playing game in India,people playing game in India,0.8873
images/INDIA/game/game/english/3.jpg,https://en-media.thebetterindia.com/uploads/2021/07/image-53.jpg,INDIA,game,game,english,people playing game in India,people playing game in India,0.808
images/INDIA/game/game/english/9.jpg,https://images.indianexpress.com/2019/05/pubg-india.jpg,INDIA,game,game,english,people playing game in India,people playing game in India,0.8035
images/INDIA/game/game/english/8.jpg,https://i.ytimg.com/vi/xKylLGTviIk/hqdefault.jpg,INDIA,game,game,english,people playing game in India,people playing game in India,0.7267
images/INDIA/game/game/english/7.jpg,https://www.livemint.com/rf/Image-621x414/LiveMint/Period1/2013/06/25/Photos/casino1--621x414.jpg,INDIA,game,game,english,people playing game in India,people playing game in India,0.7197
images/INDIA/greeting/greeting/english/3.jpg,https://blogger.googleusercontent.com/img/b/R29vZ2xl/AVvXsEj1AEEQg49T5zM_X2rXTuJ3t-UtMcXbjE7fMtmoPIyWY-VOZBa5L9YiVhGQhm5StiAvk1rQK4_KdJXd4z6CRatYMBcZ7zaLNA-Ui6tIovkt5kMzoqp4J32gOfvdB_jwps5vSOkmM3Jt6g_p/s1600/Greetings+from+India+post+card1.jpg,INDIA,greeting,greeting,english,people greeting in India,people greeting in India,0.8113
images/INDIA/greeting/greeting/english/1.jpg,https://upload.wikimedia.org/wikipedia/commons/2/24/People_greeting_each_other_on_the_occasion_of_a_special_Eid-Diwali_Milan_celebrations_at_India_House_hosted_by_the_Ambassador_of_India_to_Oman%2C_Shri_Ashok_Kumar_Attri%2C_on_October_25%2C_2006.jpg,INDIA,greeting,greeting,english,people greeting in India,people greeting in India,0.7619
images/INDIA/greeting/greeting/english/9.jpg,https://i.pinimg.com/736x/47/92/55/479255f810954d81fa12a3d358cf3ecf.jpg,INDIA,greeting,greeting,english,people greeting in India,people greeting in India,0.6906
images/INDIA/greeting/greeting/english/8.jpg,https://merriam-webster.com/assets/mw/images/article/art-wap-article-main/alt-592333459542f-3680-5ab73a7a04f87ed344e965fe5dc52773@1x.jpg,INDIA,greeting,greeting,english,people greeting in India,people greeting in India,0.6863
images/INDIA/greeting/greeting/translated/3.jpeg,https://www.livehindustan.com/lh-img/smart/img/2025/08/29/1200x900/Narendra_Modi_and_Xi_Jinping_1756477493358_1756477511564.jpeg,INDIA,greeting,greeting,translated,लोग अभिवादन कर रहे हैं भारत में,people greeting in India,0.686
images/INDIA/greeting/handshake/english/3.jpg,https://www.hindustantimes.com/ht-img/img/2025/02/14/550x309/US-President-Donald-Trump-shakes-hands-with-Indian_1739558927226.jpg,INDIA,greeting,handshake,english,two people greeting with handshake in India,two people greeting with handshake in India,0.824
images/INDIA/greeting/handshake/english/4.jpg,https://cdn.vectorstock.com/i/1000v/15/26/two-indian-women-greeting-handshake-dressed-vector-52521526.jpg,INDIA,greeting,handshake,english,two people greeting with handshake in India,two people greeting with handshake in India,0.8127
images/INDIA/greeting/handshake/english/1.jpg,https://as1.ftcdn.net/jpg/02/22/59/60/1000_F_222596051_l6IHrjArtJxeUE27BFxqZ3ROrVKqHZls.jpg,INDIA,greeting,handshake,english,two people greeting with handshake in India,two people greeting with handshake in India,0.7834
images/INDIA/greeting/handshake/english/6.jpg,https://i.etsystatic.com/23821301/r/il/5003c1/2499293338/il_570xN.2499293338_rik0.jpg,INDIA,greeting,handshake,english,two people greeting with handshake in India,two people greeting with handshake in India,0.7638
images/INDIA/greeting/handshake/english/9.jpg,https://ca-times.brightspotcdn.com/dims4/default/ebc96b2/2147483647/strip/true/crop/1563x1051+0+0/resize/1200x807!/quality/75/?url=https%3A%2F%2Fcalifornia-times-brightspot.s3.amazonaws.com%2Fb5%2F74%2F77db0b7849f9af1368d320c726e4%2Fla-na-alternative-greetings-01.jpg,INDIA,greeting,handshake,english,two people greeting with handshake in India,two people greeting with handshake in India,0.716
images/INDIA/greeting/namaste/english/2.jpg,https://blogger.googleusercontent.com/img/b/R29vZ2xl/AVvXsEgSEmQBOICxx9zMHRxqqAEsQRjM0tlJZ3Fo3L7ylmAMdNhjFUbNoHFONYo_gf2ZVujg9rsiZ97KBhBeo8RCeJAO95f_DjuzNo-KhCSSkD1EbGacv22QUC4Kg8nj41jPpkYuTLsnUKlasLQ/s1600/917d61f1ccb765816d459e9f747c4266-675.jpg,INDIA,greeting,namaste,english,two people greeting with namaste in India,two people greeting with namaste in India,0.837
images/INDIA/greeting/namaste/translated/6.jpeg,https://akm-img-a-in.tosshub.com/aajtak/images/story/202406/666b2db5cba9e-pm-modi-giorgia-meloni-133444780-16x9.jpeg?size\u003d948:533,INDIA,greeting,namaste,translated,दो लोग नमस्ते के साथ अभिवादन कर रहे हैं भारत में,two people greeting with namaste in India,0.7871
images/INDIA/greeting/namaste/english/9.jpg,https://inditales.com/wp-content/uploads/2019/08/namaste-indian-greeting.jpg,INDIA,greeting,namaste,english,two people greeting with namaste in India,two people greeting with namaste in India,0.7856
images/INDIA/greeting/namaste/translated/9.jpg,"https://images.news18.com/ibnkhabar/uploads/2024/10/namaste-3-2024-10-10e1c3444985ab5b56f62851bea26c07.jpg?im\u003dResize,width\u003d400,aspect\u003dfit,type\u003dnormal",INDIA,greeting,namaste,translated,दो लोग नमस्ते के साथ अभिवादन कर रहे हैं भारत में,two people greeting with namaste in India,0.7543
images/INDIA/greeting/namaste/english/1.jpg,https://thenivedya.wordpress.com/wp-content/uploads/2015/04/5.jpg,INDIA,greeting,namaste,english,two people greeting with namaste in India,two people greeting with namaste in India,0.7258
images/INDIA/greeting/touching feet/english/5.png,https://images.news18.com/ibnlive/uploads/2025/06/Whose-Feet-Should-You-Not-Touch-2025-06-1d4df83f330dda96a2c1d373525ac7c5.png?impolicy=website&amp;width=400&amp;height=225,INDIA,greeting,touching feet,english,person greeting by touching elder's feet in India,person greeting by touching elder's feet in India,0.7876
images/INDIA/greeting/touching feet/english/7.jpg,https://vedictribe.com/wp-content/uploads/2020/10/touching-feet-of-elders.jpg,INDIA,greeting,touching feet,english,person greeting by touching elder's feet in India,person greeting by touching elder's feet in India,0.7832
images/INDIA/greeting/touching feet/translated/9.jpg,https://hindi.cdn.zeenews.com/hindi/sites/default/files/styles/zm_700x400/public/2023/01/17/1542269-dvcfhdhy.jpg?itok=-xaqMoxS,INDIA,greeting,touching feet,translated,कोई व्यक्ति बड़ों के पैर छूकर अभिवादन कर रहा है भारत में,person greeting by touching elder's feet in India,0.7387
images/INDIA/greeting/touching feet/english/3.jpg,http://wirally.com/wp-content/uploads/2017/08/2-touching-feet-of-elders.jpg,INDIA,greeting,touching feet,english,person greeting by touching elder's feet in India,person greeting by touching elder's feet in India,0.7327
images/INDIA/greeting/touching feet/english/9.jpg,https://i.ytimg.com/vi/hP86XV1T4MQ/hqdefault.jpg,INDIA,greeting,touching feet,english,person greeting by touching elder's feet in India,person greeting by touching elder's feet in India,0.7303
images/INDIA/religious/Ganesh idol street procession/english/6.jpg,https://s.wsj.net/public/resources/images/BN-PR910_ganesh_M_20160906013529.jpg,INDIA,religious,Ganesh idol street procession,english,Ganesh idol street procession in India,Ganesh idol street procession in India,0.8933
images/INDIA/religious/Ganesh idol street procession/english/2.jpg,https://media.easemytrip.com/media/Blog/India/638608843781415029/638608843781415029hFro5f.jpg,INDIA,religious,Ganesh idol street procession,english,Ganesh idol street procession in India,Ganesh idol street procession in India,0.8566
images/INDIA/religious/Ganesh idol street procession/english/7.jpg,https://i0.wp.com/www.nationalreview.com/wp-content/uploads/2018/09/ganesh-festival-india-9.jpg?fit=1481%2C864&amp;ssl=1,INDIA,religious,Ganesh idol street procession,english,Ganesh idol street procession in India,Ganesh idol street procession in India,0.8452
images/INDIA/religious/Ganesh idol street procession/translated/4.jpeg,https://dy3rma73kowlp.cloudfront.net/uploads/2025/08/file_2025-08-27T15-43-42.jpeg,INDIA,religious,Ganesh idol street procession,translated,गणेश प्रतिमा की सड़क यात्रा भारत में,Ganesh idol street procession in India,0.8207
images/INDIA/religious/Ganesh idol street procession/english/10.jpg,https://upload.wikimedia.org/wikipedia/commons/b/b7/Khairathabad_Vinayakudu_2021.jpg,INDIA,religious,Ganesh idol street procession,english,Ganesh idol street procession in India,Ganesh idol street procession in India,0.8024
images/INDIA/religious/praying/english/2.jpg,https://assets.persecution.com/public/graphics/lp_specific/lp_globalprayerguide/header_photo2.jpg,INDIA,religious,praying,english,people praying in India,people praying in India,0.7706
images/INDIA/religious/praying/english/7.jpg,https://kuwaittimes.com/uploads/imported_images/uploads/2021/12/p7a-1.jpg,INDIA,religious,praying,english,people praying in India,people praying in India,0.7526
images/INDIA/religious/praying/english/3.jpg,https://i.ytimg.com/vi/aWxJfkJkdkk/hq720.jpg?sqp=-oaymwEhCK4FEIIDSFryq4qpAxMIARUAAAAAGAElAADIQj0AgKJD&amp;rs=AOn4CLAdv0lABY6prl6CarQ1Koe4o2p7IA,INDIA,religious,praying,english,people praying in India,people praying in India,0.7364
images/INDIA/religious/praying/english/10.jpg,https://www.opendoors.org.hk/en-US/news/latest/india-25-prayers/india-prayer.jpg,INDIA,religious,praying,english,people praying in India,people praying in India,0.7309
images/INDIA/religious/praying/translated/7.jpg,https://i.ytimg.com/vi/r0UZdOVE2qw/sddefault.jpg?v=641c6047,INDIA,religious,praying,translated,लोग प्रार्थना कर रहे हैं भारत में,people praying in India,0.7198
images/INDIA/religious/religious/english/9.jpg,https://get.pxhere.com/photo/people-carnival-religion-tribe-festival-culture-holy-india-event-tradition-indian-hinduism-blessings-holy-men-980518.jpg,INDIA,religious,religious,english,people participating in a traditional religious event in India,people participating in a traditional religious event in India,0.8244
images/INDIA/religious/religious/english/1.jpg,https://s.abcnews.com/images/International/kumbh-mela3-rt-ml-190115_hpMain.jpg,INDIA,religious,religious,english,people participating in a traditional religious event in India,people participating in a traditional religious event in India,0.8169
images/INDIA/religious/religious/english/10.jpg,"https://media.cnn.com/api/v1/images/stellar/prod/200622233238-01-india-coronavirus-religious-festival.jpg?q=x_2,y_98,h_898,w_1596,c_crop/h_833,w_1480",INDIA,religious,religious,english,people participating in a traditional religious event in India,people participating in a traditional religious event in India,0.812
images/INDIA/religious/religious/english/6.jpg,https://www.treebo.com/blog/wp-content/uploads/2018/02/mahavir.jpg,INDIA,religious,religious,english,people participating in a traditional religious event in India,people participating in a traditional religious event in India,0.8088
images/INDIA/religious/religious/translated/1.jpg,https://upload.wikimedia.org/wikipedia/commons/7/7f/Samuhik_Yagya.jpg,INDIA,religious,religious,translated,लोग पारंपरिक धार्मिक कार्यक्रम में भाग ले रहे हैं भारत में,people participating in a traditional religious event in India,0.7858
images/INDIA/religious/temple aarti/english/2.jpg,https://upload.wikimedia.org/wikipedia/commons/b/b6/%28An%29_aarti_ritual_near_ganga_rhishikesh-India_2008.jpg,INDIA,religious,temple aarti,english,temple aarti in India,temple aarti in India,0.8309
images/INDIA/religious/temple aarti/english/3.jpg,https://theabroadguide.com/wp-content/uploads/2025/06/1_kathmandu-pashupatinath-temple-aarti-cremation-night-tour.jpg,INDIA,religious,temple aarti,english,temple aarti in India,temple aarti in India,0.7986
images/INDIA/religious/temple aarti/translated/4.jpg,https://bharatsamachartv.in/wp-content/uploads/2023/01/2-6-1024x762.jpg,INDIA,religious,temple aarti,translated,मंदिर में आरती भारत में,temple aarti in India,0.7863
images/INDIA/religious/temple aarti/english/1.jpg,https://www.poojn.in/wp-content/uploads/2025/03/Ganga-Aarti-at-Kashi-Vishwanath-Temple-A-Guide-to-the-Ceremony-Best-Viewing-Spots.jpeg.jpg,INDIA,religious,temple aarti,english,temple aarti in India,temple aarti in India,0.7805
images/INDIA/religious/temple aarti/english/6.jpg,https://i.ytimg.com/vi/txvqAI4IgxQ/hqdefault.jpg,INDIA,religious,temple aarti,english,temple aarti in India,temple aarti in India,0.7623
images/INDIA/wedding/wedding/english/10.jpg,https://thesciencesurvey.com/wp-content/uploads/2025/02/Nair-India-3.jpg,INDIA,wedding,wedding,english,wedding celebration in India,wedding celebration in India,0.7782
images/INDIA/wedding/wedding/translated/9.jpg,https://theunitedbharat.com/images/wedding-13-11-24-E-hero.jpg,INDIA,wedding,wedding,translated,शादी समारोह भारत में,wedding celebration in India,0.7583
images/INDIA/wedding/wedding/english/6.jpg,https://cloudfront.slrlounge.com/wp-content/uploads/2022/12/Indian-wedding-photography-Hindu_Wedding_Ceremony-feature.jpg,INDIA,wedding,wedding,english,wedding celebration in India,wedding celebration in India,0.7542
images/INDIA/wedding/wedding/english/8.jpg,https://amazingfoodanddrink.com/wp-content/uploads/2024/05/Untitled-design-24.jpg,INDIA,wedding,wedding,english,wedding celebration in India,wedding celebration in India,0.7528
images/INDIA/wedding/wedding/translated/7.jpg,https://akm-img-a-in.tosshub.com/aajtak/images/assets/202102/wedding-hand_950.jpg,INDIA,wedding,wedding,translated,शादी समारोह भारत में,wedding celebration in India,0.729
images/INDONESIA/celebration/Eid al-Fitr/translated/2.jpg,https://cdn.timesmedia.co.id/images/2019/05/31/shalat-idul-fitri.jpg,INDONESIA,celebration,Eid al-Fitr,translated,orang-orang merayakan Idul Fitri di Indonesia,people participating in Eid al-Fitr in Indonesia,0.8842
images/INDONESIA/celebration/Eid al-Fitr/english/5.jpg,"https://res.cloudinary.com/graham-media-group/image/upload/f_auto/q_auto/c_scale,w_640/v1/media/gmg/H2VUGY7YZ5FSROQ43N2XDUA6TQ.jpg?_a=DAJHqpE+ZAAA",INDONESIA,celebration,Eid al-Fitr,english,people participating in Eid al-Fitr in Indonesia,people participating in Eid al-Fitr in Indonesia,0.8819
images/INDONESIA/celebration/Eid al-Fitr/english/7.jpg,http://www.xinhuanet.com/english/2019-06/05/138117538_15597050155431n.jpg,INDONESIA,celebration,Eid al-Fitr,english,people participating in Eid al-Fitr in Indonesia,people participating in Eid al-Fitr in Indonesia,0.8684
images/INDONESIA/celebration/Eid al-Fitr/translated/5.jpg,https://blogger.googleusercontent.com/img/b/R29vZ2xl/AVvXsEiDkneOsUgeNDsP4vaADZpHNXCoSyAydKzDZtHvyrmp9gsWQHhwAUnVTO7KDzyuHMuNheaa8uQ1_RQBDxPVpC_89GkHPB3KSzfxVB8EJgs5XWU8aMja8oHBoAVnDeFxqlREmZw_VDkpTxICVj3TqEUIG98Fd8kPe_dGOI-hE0_piyHJXRn6WrKJTlg/s700/suasana-Hari-Raya-Idul-Fitri-di-Sumut.jpg,INDONESIA,celebration,Eid al-Fitr,translated,orang-orang merayakan Idul Fitri di Indonesia,people participating in Eid al-Fitr in Indonesia,0.8124
images/INDONESIA/celebration/Eid al-Fitr/english/9.jpg,https://english.news.cn/20230423/50eee0369657407e91a5cf001dc8973b/2023042350eee0369657407e91a5cf001dc8973b_d6b2d5de-ceda-425b-81db-6f266e087919.jpg,INDONESIA,celebration,Eid al-Fitr,english,people participating in Eid al-Fitr in Indonesia,people participating in Eid al-Fitr in Indonesia,0.7723
images/INDONESIA/celebration/Galungan/translated/4.jpg,https://cdn.medcom.id/images/library/images/galungan%20adalah%20(1).jpg,INDONESIA,celebration,Galungan,translated,orang-orang merayakan Galungan di Indonesia,people participating in Galungan in Indonesia,0.8583
images/INDONESIA/celebration/Galungan/english/3.jpg,https://www.oceanearthtravels.com//wp-content/uploads/2024/09/galungan-bali.jpg,INDONESIA,celebration,Galungan,english,people participating in Galungan in Indonesia,people participating in Galungan in Indonesia,0.8165
images/INDONESIA/celebration/Galungan/translated/10.jpg,https://www.phdi.parisada.or.id/uploads/hari_raya_galungan_umat_hindu_di.jpg,INDONESIA,celebration,Galungan,translated,orang-orang merayakan Galungan di Indonesia,people participating in Galungan in Indonesia,0.7815
images/INDONESIA/celebration/Galungan/english/6.jpg,https://bismacottagesubud.com/wp-content/uploads/2019/07/20190721-Bisma-Cottage-Blog-Galungan.jpg,INDONESIA,celebration,Galungan,english,people participating in Galungan in Indonesia,people participating in Galungan in Indonesia,0.7722
images/INDONESIA/celebration/Galungan/english/10.jpeg,https://www.balisafarimarinepark.com/wp-content/uploads/2021/11/WhatsApp-Image-2021-11-16-at-10.24.07-AM-1024x682.jpeg,INDONESIA,celebration,Galungan,english,people participating in Galungan in Indonesia,people participating in Galungan in Indonesia,0.7623
images/INDONESIA/celebration/Independence Day/english/8.jpg,https://www.indoindians.com/wp-content/uploads/2017/08/parade.jpg,INDONESIA,celebration,Independence Day,english,people participating in Independence Day in Indonesia,people participating in Independence Day in Indonesia,0.8579
images/INDONESIA/celebration/Independence Day/english/4.jpg,https://as2.ftcdn.net/jpg/03/66/06/57/1000_F_366065731_GUGYn9JgYF0XUjb2QUW934DmrPLSu210.jpg,INDONESIA,celebration,Independence Day,english,people participating in Independence Day in Indonesia,people participating in Independence Day in Indonesia,0.8328
images/INDONESIA/celebration/Independence Day/english/9.jpg,https://finnsbeachclub.com/wp-content/uploads/2024/03/excited-young-people-raised-arm-on-indonesian-inde-2023-11-27-05-30-09-utc-768x512.jpg,INDONESIA,celebration,Independence Day,english,people participating in Independence Day in Indonesia,people participating in Independence Day in Indonesia,0.8325
images/INDONESIA/celebration/Independence Day/translated/9.jpg,http://klimg.com/merdeka.com/i/w/news/2020/08/03/1204631/540x270/jelang-perayaan-kemerdekaan-ri-kampung-bendera-di-surabaya-buka-24-jam.jpg,INDONESIA,celebration,Independence Day,translated,orang-orang merayakan Hari Kemerdekaan di Indonesia,people participating in Independence Day in Indonesia,0.8311
images/INDONESIA/celebration/Independence Day/translated/1.jpg,"https://blue.kumparan.com/image/upload/fl_progressive,fl_lossy,c_fill,f_auto,q_auto:best,w_640/v1566040144/gputppmoaalxzbhevepl.jpg",INDONESIA,celebration,Independence Day,translated,orang-orang merayakan Hari Kemerdekaan di Indonesia,people participating in Independence Day in Indonesia,0.8081
images/INDONESIA/celebration/New Year/translated/8.jpg,https://asset-2.tribunnews.com/travel/foto/bank/images/karnaval-1-muharram-1437-hijriah_20180908_145729.jpg,INDONESIA,celebration,New Year,translated,orang-orang merayakan Tahun Baru di Indonesia,people participating in New Year in Indonesia,0.8172
images/INDONESIA/celebration/New Year/english/6.jpeg,https://www.globaltimes.cn/Portals/0/attachment/2024/2024-02-04/8e466e5d-806f-491e-80b3-67094e4d6705.jpeg,INDONESIA,celebration,New Year,english,people participating in New Year in Indonesia,people participating in New Year in Indonesia,0.8149
images/INDONESIA/celebration/New Year/english/2.jpg,https://www.rukita.co/stories/wp-content/uploads/2019/12/Denpasar-festival-cover-1.jpg,INDONESIA,celebration,New Year,english,people participating in New Year in Indonesia,people participating in New Year in Indonesia,0.7812
images/INDONESIA/celebration/New Year/translated/9.jpg,https://cdn.antaranews.com/cache/1200x800/2024/07/06/pawai-obor.jpg,INDONESIA,celebration,New Year,translated,orang-orang merayakan Tahun Baru di Indonesia,people participating in New Year in Indonesia,0.7701
images/INDONESIA/celebration/New Year/english/9.jpg,https://omnispace.blob.core.windows.net/strapi-prod/2022-11-23/09_Kota_Kota_di_Indonesia_Dengan_Perayaan_Imlek_Yang_Unik_f7b0914c17.jpg,INDONESIA,celebration,New Year,english,people participating in New Year in Indonesia,people participating in New Year in Indonesia,0.7693
images/INDONESIA/celebration/Nyepi/english/8.jpg,https://www.expat.or.id/images/BS-New-Year-In-Bali-Holiday-Melasti-Pray-Beach.jpg,INDONESIA,celebration,Nyepi,english,people participating in Nyepi in Indonesia,people participating in Nyepi in Indonesia,0.9138
images/INDONESIA/celebration/Nyepi/english/10.jpg,https://www.indoindians.com/wp-content/uploads/2022/03/Nyepi-%E2%80%93-the-Day-of-Silence-in-Bali.jpg,INDONESIA,celebration,Nyepi,english,people participating in Nyepi in Indonesia,people participating in Nyepi in Indonesia,0.91
images/INDONESIA/celebration/Nyepi/translated/3.jpg,https://cdn.antaranews.com/cache/1200x800/2014/03/20140328Upacara-Melasti-Bali-280314-nym-3.jpg,INDONESIA,celebration,Nyepi,translated,orang-orang merayakan Nyepi di Indonesia,people participating in Nyepi in Indonesia,0.8838
images/INDONESIA/celebration/Nyepi/translated/5.jpg,https://kuyou.id/content/images/20200325092109-wajib-tahu-4-rangkaian-kegiatan-saat-menjelang-dan-sesudah-hari-raya-nyepi.jpg,INDONESIA,celebration,Nyepi,translated,orang-orang merayakan Nyepi di Indonesia,people participating in Nyepi in Indonesia,0.8414
images/INDONESIA/celebration/Nyepi/english/5.jpg,https://www.indoindians.com/wp-content/uploads/2022/03/7-Amazing-Facts-about-Nyepi-Celebrations-new.jpg,INDONESIA,celebration,Nyepi,english,people participating in Nyepi in Indonesia,people participating in Nyepi in Indonesia,0.8174
images/INDONESIA/celebration/Pasola/english/9.jpg,https://images.squarespace-cdn.com/content/v1/5acd7788b10598fae2d585ef/1523941247687-OGVA7CB107D7CM911ONL/018-pasola_festival_2016.jpg,INDONESIA,celebration,Pasola,english,people participating in Pasola in Indonesia,people participating in Pasola in Indonesia,0.7781
images/INDONESIA/celebration/Pasola/english/1.jpg,https://images.squarespace-cdn.com/content/v1/5acd7788b10598fae2d585ef/1523941284915-TNYX5BTGOL9AXOUXAKNW/027-pasola_festival_2016.jpg,INDONESIA,celebration,Pasola,english,people participating in Pasola in Indonesia,people participating in Pasola in Indonesia,0.7395
images/INDONESIA/celebration/Pasola/translated/8.jpg,http://a.files.bbci.co.uk/worldservice/live/assets/images/2014/03/26/140326115607_galeri_pasola_976x549_getty.jpg,INDONESIA,celebration,Pasola,translated,orang-orang merayakan Pasola di Indonesia,people participating in Pasola in Indonesia,0.6912
images/INDONESIA/celebration/Pasola/english/6.jpg,https://cache.travelfish.org/blogs/indonesia/wp-content/uploads/2016/05/pasola-3.jpg,INDONESIA,celebration,Pasola,english,people participating in Pasola in Indonesia,people participating in Pasola in Indonesia,0.6793
images/INDONESIA/celebration/Pasola/translated/1.jpg,https://cdn0-production-images-kly.akamaized.net/KC6QvGvNH59hOr_PC2ogLki6uSw=/1200x675/smart/filters:quality(75):strip_icc():format(jpeg)/kly-media-production/medias/3448468/original/019109100_1620191514-H-Pasola-kuda.jpg,INDONESIA,celebration,Pasola,translated,orang-orang merayakan Pasola di Indonesia,people participating in Pasola in Indonesia,0.676
images/INDONESIA/celebration/Tabuik/translated/8.jpg,https://indonesiakaya.com/wp-content/uploads/2020/10/2__IMG_3333_Saat_diarak_patung_tabuik_biasanya_diusung_oleh_rombongan_yang_berjumlah_hingga_puluhan_orang.jpg,INDONESIA,celebration,Tabuik,translated,orang-orang merayakan Tabuik di Indonesia,people participating in Tabuik in Indonesia,0.8683
images/INDONESIA/celebration/Tabuik/translated/1.jpg,https://1001indonesia.net/asset/2016/12/Tabuik-Pariaman.jpg,INDONESIA,celebration,Tabuik,translated,orang-orang merayakan Tabuik di Indonesia,people participating in Tabuik in Indonesia,0.8597
images/INDONESIA/celebration/Tabuik/english/10.jpg,https://cdn.antaranews.com/cache/360x240/2022/08/14/Tabuik-Dibuang-ke-Laut-140822-Ief-5.jpg,INDONESIA,celebration,Tabuik,english,people participating in Tabuik in Indonesia,people participating in Tabuik in Indonesia,0.8229
images/INDONESIA/celebration/Tabuik/english/4.jpg,https://upload.wikimedia.org/wikipedia/commons/8/89/Tabuik_festival.jpg,INDONESIA,celebration,Tabuik,english,people participating in Tabuik in Indonesia,people participating in Tabuik in Indonesia,0.8145
images/INDONESIA/celebration/Tabuik/translated/6.jpg,https://www.tvrisumbar.co.id/up/berita/0108202309212217.-SYAHRIL-(-200-RIBU-ORANG-HADIRI-PESTA-OYAK-TABUIK-).mpg_snapshot_02.25.936.jpg,INDONESIA,celebration,Tabuik,translated,orang-orang merayakan Tabuik di Indonesia,people participating in Tabuik in Indonesia,0.7807
images/INDONESIA/celebration/Waisak Buddha Day/english/9.jpg,https://allindonesiatravel.com/images/indonesia-festival-waisak-borobudur.jpg,INDONESIA,celebration,Waisak (Buddha Day),english,people participating in Waisak (Buddha Day) in Indonesia,people participating in Waisak (Buddha Day) in Indonesia,0.8557
images/INDONESIA/celebration/Waisak Buddha Day/translated/8.jpg,"https://blue.kumparan.com/image/upload/fl_progressive,fl_lossy,c_fill,f_auto,q_auto:best,w_640/v1634025439/01jtqeyfxcg107100qp5pd5264.jpg",INDONESIA,celebration,Waisak (Buddha Day),translated,orang-orang merayakan Waisak di Indonesia,people participating in Waisak (Buddha Day) in Indonesia,0.8456
images/INDONESIA/celebration/Waisak Buddha Day/english/1.jpg,https://image.vovworld.vn/w500/Uploaded/vovworld/asfzyrvslys/2024_05_21/17-hangnghin_CJNG.jpg,INDONESIA,celebration,Waisak (Buddha Day),english,people participating in Waisak (Buddha Day) in Indonesia,people participating in Waisak (Buddha Day) in Indonesia,0.8062
images/INDONESIA/celebration/Waisak Buddha Day/english/7.jpg,https://www.taipeitimes.com/images/2022/05/18/P04-220518-324.jpg,INDONESIA,celebration,Waisak (Buddha Day),english,people participating in Waisak (Buddha Day) in Indonesia,people participating in Waisak (Buddha Day) in Indonesia,0.7877
images/INDONESIA/celebration/Waisak Buddha Day/translated/4.jpg,https://mitrapelajar.co.id/wp-content/uploads/2021/05/Waisak-01.jpg,INDONESIA,celebration,Waisak (Buddha Day),translated,orang-orang merayakan Waisak di Indonesia,people participating in Waisak (Buddha Day) in Indonesia,0.7748
images/INDONESIA/celebration/celebration/english/10.jpeg,https://www.visitvictoria.com/-/media/atdw/melbourne/whats-on/community/2751b1e03e248dabcc056f8e153c833a_1600x1200.jpeg?ts=20250804310215,INDONESIA,celebration,celebration,english,people participating in a traditional festival or observance in Indonesia,people participating in a traditional festival or observance in Indonesia,0.8272
images/INDONESIA/celebration/celebration/english/5.jpg,https://www.goindonesiatours.com/wp-content/uploads/Galungan-one-of-the-biggest-festivals-in-indonesia.jpg,INDONESIA,celebration,celebration,english,people participating in a traditional festival or observance in Indonesia,people participating in a traditional festival or observance in Indonesia,0.8261
images/INDONESIA/celebration/celebration/translated/7.png,"https://ik.imagekit.io/tvlk/blog/2020/02/Festival-di-Indonesia-Portal-Informasi-Indonesia.png?tr=dpr-2,w-675",INDONESIA,celebration,celebration,translated,orang-orang berpartisipasi dalam festival atau perayaan tradisional di Indonesia,people participating in a traditional festival or observance in Indonesia,0.7805
images/INDONESIA/celebration/celebration/english/6.png,https://assets.traveltriangle.com/blog/wp-content/uploads/2018/08/Galungan-9832743.png,INDONESIA,celebration,celebration,english,people participating in a traditional festival or observance in Indonesia,people participating in a traditional festival or observance in Indonesia,0.7805
images/INDONESIA/celebration/celebration/english/3.jpg,https://img.12go.asia/0/plain/s3://12go-web-static/static/images/upload-media/1598.jpg,INDONESIA,celebration,celebration,english,people participating in a traditional festival or observance in Indonesia,people participating in a traditional festival or observance in Indonesia,0.7712
images/INDONESIA/concert/concert/translated/7.jpg,https://mommiesdaily.com/wp-content/uploads/2023/01/327182842_1383719215728223_664948181796945497_n-1-335x410.jpg,INDONESIA,concert,concert,translated,konser di Indonesia,concert in Indonesia,0.7592
images/INDONESIA/concert/concert/english/3.jpg,https://res.klook.com/image/upload/v1724644396/r4xpvk3rlyeamsrh4vp4.jpg,INDONESIA,concert,concert,english,concert in Indonesia,concert in Indonesia,0.7535
images/INDONESIA/concert/concert/translated/4.png,https://propertek.id/wp-content/uploads/2023/05/image-4.png,INDONESIA,concert,concert,translated,konser di Indonesia,concert in Indonesia,0.7339
images/INDONESIA/concert/concert/english/4.jpeg,https://blogger.googleusercontent.com/img/b/R29vZ2xl/AVvXsEgCIQNfkLUC9kw4fu_3AdF2vFQJHpJfcA3SvjeEOnzlamQMpH3ofN_pmEwjrNWzZ06LO5eHP2umjXSFyPSEU0Ngp8BCtx1OeMaOulb5mS9YgAMl7WOfrUD374sRvx64ZQbXpQyUJ_iOVbIFqBE7lx31vOGCMvx2aiTZWwuCIQf6Z0j5ZdmR8OFWN28ur8w/s1280/WhatsApp%20Image%202024-06-28%20at%208.37.52%20PM.jpeg,INDONESIA,concert,concert,english,concert in Indonesia,concert in Indonesia,0.7288
images/INDONESIA/concert/concert/english/10.jpg,https://asianews.network/wp-content/uploads/2025/08/2022_03_29_124082_1648520536._large.jpg,INDONESIA,concert,concert,english,concert in Indonesia,concert in Indonesia,0.7172
images/INDONESIA/concert/indoor/translated/10.jpg,https://jendela360.com/info/wp-content/uploads/2022/09/jiexpo.jpg,INDONESIA,concert,indoor,translated,konser di dalam ruangan di Indonesia,indoor concert in Indonesia,0.7736
images/INDONESIA/concert/indoor/english/10.jpg,https://pbs.twimg.com/media/EH5cnlqWoAAM3q9.jpg,INDONESIA,concert,indoor,english,indoor concert in Indonesia,indoor concert in Indonesia,0.7727
images/INDONESIA/concert/indoor/english/6.jpeg,https://static.vecteezy.com/system/resources/previews/023/192/293/large_2x/jakarta-indonesia-on-march-2023-the-atmosphere-of-blackpink-s-concert-in-jakarta-born-in-pink-world-tour-free-photo.jpeg,INDONESIA,concert,indoor,english,indoor concert in Indonesia,indoor concert in Indonesia,0.7391
images/INDONESIA/concert/indoor/translated/7.jpg,https://suterahall.com/wp-content/uploads/2024/09/Sutera-Hall-Tempat-Konser-di-Tangerang-1024x585.jpg,INDONESIA,concert,indoor,translated,konser di dalam ruangan di Indonesia,indoor concert in Indonesia,0.7099
images/INDONESIA/concert/indoor/english/7.jpg,https://www.nme.com/wp-content/uploads/2022/01/ismaya-live-offline-festival-jakarta-2022-696x442.jpg,INDONESIA,concert,indoor,english,indoor concert in Indonesia,indoor concert in Indonesia,0.6971
images/INDONESIA/concert/outdoor/english/5.jpg,https://www.whiteboardjournal.com/wp-content/uploads/2014/07/11.jpg,INDONESIA,concert,outdoor,english,outdoor concert in Indonesia,outdoor concert in Indonesia,0.8523
images/INDONESIA/concert/outdoor/english/1.png,https://alcorprime.com/wp-content/uploads/2024/01/concert-venue.png,INDONESIA,concert,outdoor,english,outdoor concert in Indonesia,outdoor concert in Indonesia,0.8269
images/INDONESIA/concert/outdoor/english/4.jpg,http://ggni.org/wp-content/uploads/2014/08/sampit-49-586x349.jpg,INDONESIA,concert,outdoor,english,outdoor concert in Indonesia,outdoor concert in Indonesia,0.8175
images/INDONESIA/concert/outdoor/translated/7.jpg,https://www.mldspot.com/storage/generated/June2021/lalala-1.jpg,INDONESIA,concert,outdoor,translated,konser di luar ruangan di Indonesia,outdoor concert in Indonesia,0.8114
images/INDONESIA/concert/outdoor/translated/3.jpg,https://ilovelife.co.id/blog/wp-content/uploads/2017/03/jazz-di-atas-awan-e1488524141648-1.jpg,INDONESIA,concert,outdoor,translated,konser di luar ruangan di Indonesia,outdoor concert in Indonesia,0.8047
images/INDONESIA/dancing/Bedhaya/translated/1.jpg,"https://blue.kumparan.com/image/upload/fl_progressive,fl_lossy,c_fill,f_auto,q_auto:best,w_640/v1523260949/bbfionvolwaaddylcnba.jpg",INDONESIA,dancing,Bedhaya,translated,orang-orang menampilkan tari Bedhaya di Indonesia,people performing Bedhaya in Indonesia,0.8417
images/INDONESIA/dancing/Bedhaya/english/7.jpg,https://blogger.googleusercontent.com/img/b/R29vZ2xl/AVvXsEh0jcchCb5NPTrz7RIhWhe-lNUrXNlwAnlFB8vDK6-DtbH8Gqdgnl4Qod4Pd-aoeRcpF2J8qy3xBvbbJpmJLMTtxdecTZFA5-JSPJt-thwLJhb-wVPd-5IeVFfARs7FQyii3biJkAqFnmM/s1600/potd-Yogyakarta--d_2651418k.jpg,INDONESIA,dancing,Bedhaya,english,people performing Bedhaya in Indonesia,people performing Bedhaya in Indonesia,0.8371
images/INDONESIA/dancing/Bedhaya/translated/10.jpg,"https://ik.imagekit.io/goodid/gnfi/uploads/articles/large-5030582e9e362e9980e5985be07a0c18-829a3343aea16b8bc271bd746be967c8.jpg?tr=w-768,h-576,fo-center",INDONESIA,dancing,Bedhaya,translated,orang-orang menampilkan tari Bedhaya di Indonesia,people performing Bedhaya in Indonesia,0.8295
images/INDONESIA/dancing/Bedhaya/english/2.jpg,https://www.researchgate.net/publication/363434373/figure/fig4/AS:11431281126067039@1678536841817/The-costume-of-the-Bedhaya-Bedhah-Madiun-dance-Mangkunegaran-style-at-the-time-it-was_Q320.jpg,INDONESIA,dancing,Bedhaya,english,people performing Bedhaya in Indonesia,people performing Bedhaya in Indonesia,0.8229
images/INDONESIA/dancing/Bedhaya/english/9.jpg,https://disco.teak.fi/asia/wp-content/uploads/2017/10/ind39.jpg,INDONESIA,dancing,Bedhaya,english,people performing Bedhaya in Indonesia,people performing Bedhaya in Indonesia,0.8218
images/INDONESIA/dancing/Jaipongan/translated/9.jpg,https://asset-2.tribunnews.com/wartakota/foto/bank/images/TARI-JAIPONG-MASAL-Anggota-Komunitas-Bakul-Budaya-Fakultas-Ilmu-Budaya-UI.jpg,INDONESIA,dancing,Jaipongan,translated,orang-orang menari Jaipongan di Indonesia,people dancing Jaipongan in Indonesia,0.8499
images/INDONESIA/dancing/Jaipongan/english/4.jpg,https://imgsrv2.voi.id/Ryn4s9D8qW5WHoL0VSlIGUIBBnIAEnTlnFgnmBzVje0/auto/1280/853/sm/1/bG9jYWw6Ly8vcHVibGlzaGVycy8zODk2NzMvMjAyNDA2MTIyMzMzLW1haW4uY3JvcHBlZF8xNzE4NDE0MDU5LmpwZWc.jpg,INDONESIA,dancing,Jaipongan,english,people dancing Jaipongan in Indonesia,people dancing Jaipongan in Indonesia,0.8475
images/INDONESIA/dancing/Jaipongan/english/7.jpg,https://blogger.googleusercontent.com/img/b/R29vZ2xl/AVvXsEhTyUZQKoIdg32INOZENQDa0l5m8inxKes_mkzofOAbr6VABTEJfY5jVmRQ-XkbHCzzN0I4QSxWSLrtgOkjjol_FHEHDDKtN4UHjusmmkGldpEjmmaUPGWqzDpCmXWeR0ZR6ten1NJAUUY/s1600/jaipong-dance.jpg,INDONESIA,dancing,Jaipongan,english,people dancing Jaipongan in Indonesia,people dancing Jaipongan in Indonesia,0.8377
images/INDONESIA/dancing/Jaipongan/translated/5.jpg,https://upload.wikimedia.org/wikipedia/commons/9/98/Jaipong.jpg,INDONESIA,dancing,Jaipongan,translated,orang-orang menari Jaipongan di Indonesia,people dancing Jaipongan in Indonesia,0.7984
images/INDONESIA/dancing/Jaipongan/english/10.jpg,https://i.pinimg.com/736x/8d/1e/3d/8d1e3d69fe3009eddc736961c97ceb3a.jpg,INDONESIA,dancing,Jaipongan,english,people dancing Jaipongan in Indonesia,people dancing Jaipongan in Indonesia,0.7921
images/INDONESIA/dancing/Kecak/english/8.jpg,https://www.hetalchirag.com/wp-content/uploads/2018/02/Kecak-Dance-Uluwatu-Bali-Indonesia.jpg,INDONESIA,dancing,Kecak,english,people performing Kecak in Indonesia,people performing Kecak in Indonesia,0.9123
images/INDONESIA/dancing/Kecak/translated/7.jpg,https://momopururu.com/wp-content/uploads/2022/06/20211218_182831-01-scaled.jpg,INDONESIA,dancing,Kecak,translated,orang-orang menampilkan tari Kecak di Indonesia,people performing Kecak in Indonesia,0.8815
images/INDONESIA/dancing/Kecak/translated/10.jpg,https://cdn1-production-images-kly.akamaized.net/INiMZSy5wvr4R3iSMgNd8cgvuAg=/1200x675/smart/filters:quality(75):strip_icc():format(jpeg)/kly-media-production/medias/2386957/original/010191700_1539858059-airy_3_673x373.jpg,INDONESIA,dancing,Kecak,translated,orang-orang menampilkan tari Kecak di Indonesia,people performing Kecak in Indonesia,0.7778
images/INDONESIA/dancing/Kecak/translated/1.jpeg,https://momopururu.com/wp-content/uploads/2022/06/image-02-scaled-768x1024.jpeg,INDONESIA,dancing,Kecak,translated,orang-orang menampilkan tari Kecak di Indonesia,people performing Kecak in Indonesia,0.7662
images/INDONESIA/dancing/Kecak/english/7.jpg,https://i0.wp.com/www.ontheroadiary.com/wp-content/uploads/2024/01/Legong-dancers-Pererenan-Canggu-Florence-Shih-from-Yogawinetravel.jpg?resize=960%2C700&amp;ssl=1,INDONESIA,dancing,Kecak,english,people performing Kecak in Indonesia,people performing Kecak in Indonesia,0.7637
images/INDONESIA/dancing/Legong/english/3.jpg,https://bali-culturetours.com/wordpress/wp-content/uploads/2017/11/Legong_Dance_Ubud_Bali-845x684.jpg,INDONESIA,dancing,Legong,english,people dancing Legong in Indonesia,people dancing Legong in Indonesia,0.8593
images/INDONESIA/dancing/Legong/english/10.jpg,https://www.baliholidaysecrets.com/wp-content/uploads/2025/03/Ubud-Palace-Legong-Dance-Show.jpg,INDONESIA,dancing,Legong,english,people dancing Legong in Indonesia,people dancing Legong in Indonesia,0.8417
images/INDONESIA/dancing/Legong/english/1.jpg,https://www.baligoldentour.com/images/bali-information-site/legong-dance-1.jpg,INDONESIA,dancing,Legong,english,people dancing Legong in Indonesia,people dancing Legong in Indonesia,0.8233
images/INDONESIA/dancing/Legong/translated/10.jpg,https://balitour.co.id/wp-content/uploads/2024/02/tari-legong.jpg,INDONESIA,dancing,Legong,translated,orang-orang menari Legong di Indonesia,people dancing Legong in Indonesia,0.8121
images/INDONESIA/dancing/Legong/translated/6.jpg,"https://blue.kumparan.com/image/upload/fl_progressive,fl_lossy,c_fill,f_auto,q_auto:best,w_640/v1622612463/zoqrpfvnqbxlzqehuyuv.jpg",INDONESIA,dancing,Legong,translated,orang-orang menari Legong di Indonesia,people dancing Legong in Indonesia,0.8111
images/INDONESIA/dancing/Poco-poco/english/6.jpg,https://i.ytimg.com/vi/SnvzYTOT_7w/hq720.jpg?sqp=-oaymwE7CK4FEIIDSFryq4qpAy0IARUAAAAAGAElAADIQj0AgKJD8AEB-AH-CYAC0AWKAgwIABABGGUgQShJMA8=&amp;rs=AOn4CLCnC2stu3lyCLeKcZ6gjRihj9Oqcw,INDONESIA,dancing,Poco-poco,english,people dancing Poco-poco in Indonesia,people dancing Poco-poco in Indonesia,0.8176
images/INDONESIA/dancing/Poco-poco/translated/8.jpg,https://pro.kutaitimurkab.go.id/wp-content/uploads/2019/02/Ad-728x90-2.jpg,INDONESIA,dancing,Poco-poco,translated,orang-orang menari Poco-poco di Indonesia,people dancing Poco-poco in Indonesia,0.769
images/INDONESIA/dancing/Poco-poco/translated/10.jpg,https://media.tampang.com/tm_images/article/202407/tari-poco-pogr86vkm6bl0brlor.jpg,INDONESIA,dancing,Poco-poco,translated,orang-orang menari Poco-poco di Indonesia,people dancing Poco-poco in Indonesia,0.7601
images/INDONESIA/dancing/Poco-poco/english/4.jpg,https://www.indonesia-travel.com/cdn/wordpress/id_1/2018/04/cours-de-danses-bali-FILL-w600h400.jpg,INDONESIA,dancing,Poco-poco,english,people dancing Poco-poco in Indonesia,people dancing Poco-poco in Indonesia,0.7508
images/INDONESIA/dancing/Poco-poco/translated/7.jpg,https://www.hipwee.com/wp-content/uploads/2018/08/hipwee-pocopoco-640x361.jpg,INDONESIA,dancing,Poco-poco,translated,orang-orang menari Poco-poco di Indonesia,people dancing Poco-poco in Indonesia,0.7218
images/INDONESIA/dancing/Saman/english/2.jpg,https://ichef.bbci.co.uk/images/ic/1920x1080/p05cck59.jpg,INDONESIA,dancing,Saman,english,people dancing Saman in Indonesia,people dancing Saman in Indonesia,0.8222
images/INDONESIA/dancing/Saman/english/5.jpg,https://mizanproject.org/wp-content/uploads/2019/06/6306479220_34932a0587_b.jpg,INDONESIA,dancing,Saman,english,people dancing Saman in Indonesia,people dancing Saman in Indonesia,0.8167
images/INDONESIA/dancing/Saman/translated/1.jpg,https://cdnwpedutorenews.gramedia.net/wp-content/uploads/2022/09/21103528/image001-48.jpg,INDONESIA,dancing,Saman,translated,orang-orang menari Saman di Indonesia,people dancing Saman in Indonesia,0.8115
images/INDONESIA/dancing/Saman/english/7.jpg,https://i.ytimg.com/vi/ScV1gdBwAW8/maxresdefault.jpg,INDONESIA,dancing,Saman,english,people dancing Saman in Indonesia,people dancing Saman in Indonesia,0.7962
images/INDONESIA/dancing/Saman/translated/3.jpg,https://blogger.googleusercontent.com/img/b/R29vZ2xl/AVvXsEgRCOTIjAffYVMQae-0tcdzFMA9V3LJVWLtxQBOGI1Yw7eXWLhFitAaDvf2_c0SKGiY-grGG4eU7-cUikXnMO5AoBpkSkoZ24Sl1UdwmepMrHc8MLOPeSblj1X7lKQcQ64ojyI_h1dq_69H/s1600/busana+tari+saman+terbagi+menjadi+3+bagian.jpg,INDONESIA,dancing,Saman,translated,orang-orang menari Saman di Indonesia,people dancing Saman in Indonesia,0.7927
images/INDONESIA/dancing/dancing/translated/2.jpg,https://arsip.jogjaprov.go.id/uploads/r/badan-perpustakaan-dan-arsip-daerah-istimewa-yogyakarta/c/9/2/c9277c300aa34a902b135f8b4d5f3ec411ef5e2757da46f7eabc2e186012e9f3/JAPEN00439.jpg,INDONESIA,dancing,dancing,translated,orang-orang sedang menari di Indonesia,people dancing in Indonesia,0.8375
images/INDONESIA/dancing/dancing/translated/9.jpg,https://i.pinimg.com/474x/89/e1/9d/89e19dc662422c38aeaf786917fe7ecc.jpg,INDONESIA,dancing,dancing,translated,orang-orang sedang menari di Indonesia,people dancing in Indonesia,0.8329
images/INDONESIA/dancing/dancing/english/10.jpg,https://img.jakpost.net/c/2017/11/21/2017_11_21_36223_1511240052._large.jpg,INDONESIA,dancing,dancing,english,people dancing in Indonesia,people dancing in Indonesia,0.7815
images/INDONESIA/dancing/dancing/translated/8.jpg,https://pariwisataindonesia.id/wp-content/uploads/2020/10/Tari-kecak-foto-by-rentalmobilbalinet-2.jpg,INDONESIA,dancing,dancing,translated,orang-orang sedang menari di Indonesia,people dancing in Indonesia,0.7513
images/INDONESIA/dancing/dancing/translated/10.jpg,https://cdn.antaranews.com/cache/1200x800/2021/11/13/Arini-latih-menari.jpg,INDONESIA,dancing,dancing,translated,orang-orang sedang menari di Indonesia,people dancing in Indonesia,0.7462
images/INDONESIA/eating/eating/translated/10.jpg,https://boombastis.sgp1.digitaloceanspaces.com/wp-content/uploads/2015/10/Cover-kebiasaan-makan.jpg,INDONESIA,eating,eating,translated,orang-orang sedang makan di Indonesia,people eating food in Indonesia,0.8112
images/INDONESIA/eating/eating/english/6.jpeg,https://www.aljazeera.com/wp-content/uploads/2019/12/7a7ea81e85f14176b5aa4cec2bd199d5_18.jpeg?quality=80,INDONESIA,eating,eating,english,people eating food in Indonesia,people eating food in Indonesia,0.7769
images/INDONESIA/eating/eating/english/1.jpg,https://people.com/thmb/1JnZvxMBxp4jAVhHdtzp-oPiPM4=/4000x0/filters:no_upscale():max_bytes(150000):strip_icc():focal(1048x397:1050x399)/Food-Poisoning-Free-School-Meals-Indonesia-081525-01-52ecd8b6bd1b42e1b670359bf72e1296.jpg,INDONESIA,eating,eating,english,people eating food in Indonesia,people eating food in Indonesia,0.7757
images/INDONESIA/eating/eating/english/4.jpg,https://english.news.cn/20220402/4b9c0e88ba0d457c826d94742ce8b6d7/202204024b9c0e88ba0d457c826d94742ce8b6d7_88cc7f6340-fb33-4653-a02c-4f25de1c7b49.jpg.jpg,INDONESIA,eating,eating,english,people eating food in Indonesia,people eating food in Indonesia,0.77
images/INDONESIA/eating/eating/translated/3.jpeg,https://habarkalimantan.com/wp-content/uploads/2022/09/IMG_5712.jpeg,INDONESIA,eating,eating,translated,orang-orang sedang makan di Indonesia,people eating food in Indonesia,0.769
images/INDONESIA/eating/home/translated/10.jpg,https://boombastis.sgp1.digitaloceanspaces.com/wp-content/uploads/2015/10/Cover-kebiasaan-makan.jpg,INDONESIA,eating,home,translated,orang-orang sedang makan di rumah di Indonesia,people eating food at home in Indonesia,0.8328
images/INDONESIA/eating/home/english/6.jpg,https://i.ytimg.com/vi/vjgCDRNmmik/hq720.jpg?sqp=-oaymwEhCK4FEIIDSFryq4qpAxMIARUAAAAAGAElAADIQj0AgKJD&amp;rs=AOn4CLBn6mzyxNoHOHVJjoq8am0f7W7jdg,INDONESIA,eating,home,english,people eating food at home in Indonesia,people eating food at home in Indonesia,0.8103
images/INDONESIA/eating/home/translated/8.jpg,https://ichef.bbci.co.uk/news/1024/branded_indonesia/1dc3/live/ba4cc5c0-cd86-11ef-98b3-53eddb38559b.jpg,INDONESIA,eating,home,translated,orang-orang sedang makan di rumah di Indonesia,people eating food at home in Indonesia,0.78
images/INDONESIA/eating/home/translated/3.jpg,https://media.kompas.tv/library/image/content_article/article_img/20210110034220.jpg,INDONESIA,eating,home,translated,orang-orang sedang makan di rumah di Indonesia,people eating food at home in Indonesia,0.7797
images/INDONESIA/eating/home/translated/4.jpg,https://asset-2.tribunnews.com/makassar/foto/bank/images/rumah-makan-lutim_20160816_134651.jpg,INDONESIA,eating,home,translated,orang-orang sedang makan di rumah di Indonesia,people eating food at home in Indonesia,0.7576
images/INDONESIA/eating/restaurant/translated/9.jpg,https://boombastis.sgp1.digitaloceanspaces.com/wp-content/uploads/2015/10/Cover-kebiasaan-makan.jpg,INDONESIA,eating,restaurant,translated,orang-orang sedang makan di restoran di Indonesia,people eating food in restaurant in Indonesia,0.7963
images/INDONESIA/eating/restaurant/english/1.jpg,https://people.com/thmb/1JnZvxMBxp4jAVhHdtzp-oPiPM4=/4000x0/filters:no_upscale():max_bytes(150000):strip_icc():focal(1048x397:1050x399)/Food-Poisoning-Free-School-Meals-Indonesia-081525-01-52ecd8b6bd1b42e1b670359bf72e1296.jpg,INDONESIA,eating,restaurant,english,people eating food in restaurant in Indonesia,people eating food in restaurant in Indonesia,0.7957
images/INDONESIA/eating/restaurant/translated/7.jpg,https://asset.kompas.com/crops/1Pra-13uCkMshy8aDlVO7CrdxWA=/146x0:991x563/1200x800/data/photo/2018/03/16/3012568941.jpg,INDONESIA,eating,restaurant,translated,orang-orang sedang makan di restoran di Indonesia,people eating food in restaurant in Indonesia,0.7867
images/INDONESIA/eating/restaurant/english/5.jpg,https://statik.tempo.co/data/2025/01/06/id_1367180/1367180_720.jpg,INDONESIA,eating,restaurant,english,people eating food in restaurant in Indonesia,people eating food in restaurant in Indonesia,0.7714
images/INDONESIA/eating/restaurant/english/6.jpg,https://english.news.cn/20220402/4b9c0e88ba0d457c826d94742ce8b6d7/202204024b9c0e88ba0d457c826d94742ce8b6d7_88cc7f6340-fb33-4653-a02c-4f25de1c7b49.jpg.jpg,INDONESIA,eating,restaurant,english,people eating food in restaurant in Indonesia,people eating food in restaurant in Indonesia,0.7661
images/INDONESIA/funeral/funeral/english/8.jpg,https://www.iwheeltravel.com/wp-content/uploads/2017/09/funeral.jpg,INDONESIA,funeral,funeral,english,people attending a funeral ceremony in Indonesia,people attending a funeral ceremony in Indonesia,0.8794
images/INDONESIA/funeral/funeral/english/1.jpg,https://i.natgeofe.com/n/f23533c7-8d69-4c16-91b0-f72856bc0baf/MM8366_150901_019014.jpg,INDONESIA,funeral,funeral,english,people attending a funeral ceremony in Indonesia,people attending a funeral ceremony in Indonesia,0.7946
images/INDONESIA/funeral/funeral/english/4.jpg,https://myend.com/wp-content/uploads/2021/06/Preparing-offerings-for-Ngaben-Kintamani-Bali-Indonesia.jpg,INDONESIA,funeral,funeral,english,people attending a funeral ceremony in Indonesia,people attending a funeral ceremony in Indonesia,0.7771
images/INDONESIA/funeral/funeral/translated/3.jpg,https://cdn.antaranews.com/cache/1200x800/2023/09/02/Prosesi-Penguburan-Rambu-Solo-02092023-SK-8.jpg,INDONESIA,funeral,funeral,translated,orang-orang menghadiri upacara pemakaman di Indonesia,people attending a funeral ceremony in Indonesia,0.7684
images/INDONESIA/funeral/funeral/translated/10.jpg,https://superlive.id/storage/superadventure/2018/07/30/a9c6b0e5079b.jpg,INDONESIA,funeral,funeral,translated,orang-orang menghadiri upacara pemakaman di Indonesia,people attending a funeral ceremony in Indonesia,0.7663
images/INDONESIA/game/Bentengan/translated/8.jpg,https://imgcdn.espos.id/@espos/images/2014/01/050114-Harian-Jogja-Festival-Permainan-Tradisional-01.jpg,INDONESIA,game,Bentengan,translated,orang-orang bermain bentengan di Indonesia,people playing Bentengan in Indonesia,0.8282
images/INDONESIA/game/Bentengan/english/3.jpg,https://img.antaranews.com/cache/730x487/2021/10/23/Permainan-Tradisional-Bentengan-Di-Tulungagung-23102021-ds-5.jpg,INDONESIA,game,Bentengan,english,people playing Bentengan in Indonesia,people playing Bentengan in Indonesia,0.8206
images/INDONESIA/game/Bentengan/english/5.jpg,https://img.jakpost.net/c/2022/08/22/2022_08_22_129150_1661153599._medium.jpg,INDONESIA,game,Bentengan,english,people playing Bentengan in Indonesia,people playing Bentengan in Indonesia,0.8037
images/INDONESIA/game/Bentengan/translated/3.jpeg,https://blogger.googleusercontent.com/img/b/R29vZ2xl/AVvXsEils-kfRRdL4chEDhIrLZmbQD6jVX7thrwYDtN1UWSL02jyC-HQi4mNZ2U0rIAjESHwgB9_T_lESabgCx2xlZnSfslsuZ3Oc0WII2zgt6RvRhHhnt-EUuQFgdzijDm0xiFo_IQXMkYWcuNarfdO59JdUfApJslvTw2BGUsAa4u0L_hLWzQM1098cpda/s1536/bentengan%20permainan.jpeg,INDONESIA,game,Bentengan,translated,orang-orang bermain bentengan di Indonesia,people playing Bentengan in Indonesia,0.7948
images/INDONESIA/game/Bentengan/translated/4.png,https://storage.googleapis.com/wordpress-news/2020/06/bc16d090-bakiak-e1542776233228-300x199.png,INDONESIA,game,Bentengan,translated,orang-orang bermain bentengan di Indonesia,people playing Bentengan in Indonesia,0.7801
images/INDONESIA/game/Congklak/translated/9.jpg,https://www.expat.or.id/images/congklakplaygirls2.jpg,INDONESIA,game,Congklak,translated,orang-orang bermain congklak di Indonesia,people playing Congklak in Indonesia,0.8653
images/INDONESIA/game/Congklak/translated/7.jpg,https://cdns.klimg.com/merdeka.com/i/w/news/2021/07/08/1327467/content_images/670x335/20210708115400-1-permainan-congklak-002-andre-kurniawan.jpg,INDONESIA,game,Congklak,translated,orang-orang bermain congklak di Indonesia,people playing Congklak in Indonesia,0.7979
images/INDONESIA/game/Congklak/translated/3.jpg,https://radartasiktv.disway.id/upload/6b2f70f9cdda0f825525631818709d20.jpg,INDONESIA,game,Congklak,translated,orang-orang bermain congklak di Indonesia,people playing Congklak in Indonesia,0.789
images/INDONESIA/game/Congklak/english/6.jpg,https://img.jakpost.net/c/2022/08/22/2022_08_22_129150_1661153599._medium.jpg,INDONESIA,game,Congklak,english,people playing Congklak in Indonesia,people playing Congklak in Indonesia,0.7846
images/INDONESIA/game/Congklak/translated/5.jpg,https://static.republika.co.id/uploads/images/inpicture_slide/sejumlah-anak-bermain-permainan-dakon-atau-congklak-pada-festival_220827172434-416.jpg,INDONESIA,game,Congklak,translated,orang-orang bermain congklak di Indonesia,people playing Congklak in Indonesia,0.7774
images/INDONESIA/game/Elephant ant man/english/5.jpg,https://www.playworks.org/wp-content/uploads/2012/09/032-200x133.jpg,INDONESIA,game,Elephant ant man,english,people playing Elephant ant man in Indonesia,people playing Elephant ant man in Indonesia,0.8143
images/INDONESIA/game/Elephant ant man/translated/9.jpg,https://i.ytimg.com/vi/OdmFsUPYf1I/mqdefault.jpg,INDONESIA,game,Elephant ant man,translated,orang-orang bermain gajah semut orang di Indonesia,people playing Elephant ant man in Indonesia,0.7924
images/INDONESIA/game/Elephant ant man/translated/5.jpg,https://i.ytimg.com/vi/agGq4lhA3q0/maxresdefault.jpg,INDONESIA,game,Elephant ant man,translated,orang-orang bermain gajah semut orang di Indonesia,people playing Elephant ant man in Indonesia,0.757
images/INDONESIA/game/Elephant ant man/english/1.jpg,https://www.playworks.org/wp-content/uploads/2012/09/057-400x267.jpg,INDONESIA,game,Elephant ant man,english,people playing Elephant ant man in Indonesia,people playing Elephant ant man in Indonesia,0.7278
images/INDONESIA/game/Elephant ant man/english/9.jpg,https://images.thewest.com.au/publication/C-15243040/8f06fddb833da9d95bdedc83d9b10af6ef6b5211.jpg?imwidth=810&amp;impolicy=wan_v3,INDONESIA,game,Elephant ant man,english,people playing Elephant ant man in Indonesia,people playing Elephant ant man in Indonesia,0.6717
images/INDONESIA/game/Gobak Sodor/translated/9.jpg,https://i.ytimg.com/vi/5VlS6KoCr6U/maxresdefault.jpg,INDONESIA,game,Gobak Sodor,translated,orang-orang bermain gobak sodor di Indonesia,people playing Gobak Sodor in Indonesia,0.9367
images/INDONESIA/game/Gobak Sodor/english/3.jpg,https://cdn.timesmedia.co.id/images/2017/12/17/Gobak-Sodor.jpg,INDONESIA,game,Gobak Sodor,english,people playing Gobak Sodor in Indonesia,people playing Gobak Sodor in Indonesia,0.801
images/INDONESIA/game/Gobak Sodor/translated/3.jpg,https://outdoorplayground.co.id/wp-content/uploads/2025/01/mengenal-permainan-gobak-sodor.jpg,INDONESIA,game,Gobak Sodor,translated,orang-orang bermain gobak sodor di Indonesia,people playing Gobak Sodor in Indonesia,0.7846
images/INDONESIA/game/Gobak Sodor/translated/10.png,https://happyplayindonesia.com/wp-content/uploads/2024/03/2-4.png,INDONESIA,game,Gobak Sodor,translated,orang-orang bermain gobak sodor di Indonesia,people playing Gobak Sodor in Indonesia,0.7823
images/INDONESIA/game/Gobak Sodor/english/8.jpeg,https://smpn2tuntang.sch.id/wp-content/uploads/2022/09/Permainan-Gobak-Sodor-SMP-Negeri-2-Tuntang.jpeg,INDONESIA,game,Gobak Sodor,english,people playing Gobak Sodor in Indonesia,people playing Gobak Sodor in Indonesia,0.7661
images/INDONESIA/game/Kucing-kucingan/english/3.jpg,https://img.jakpost.net/c/2022/08/22/2022_08_22_129150_1661153599._medium.jpg,INDONESIA,game,Kucing-kucingan,english,people playing Kucing-kucingan in Indonesia,people playing Kucing-kucingan in Indonesia,0.8105
images/INDONESIA/game/Kucing-kucingan/english/4.jpg,https://assets.pikiran-rakyat.com/photo/2020/03/23/4151406473.jpg,INDONESIA,game,Kucing-kucingan,english,people playing Kucing-kucingan in Indonesia,people playing Kucing-kucingan in Indonesia,0.7627
images/INDONESIA/game/Kucing-kucingan/english/2.jpg,https://i.ytimg.com/vi/_ZXqztvojDw/maxresdefault.jpg,INDONESIA,game,Kucing-kucingan,english,people playing Kucing-kucingan in Indonesia,people playing Kucing-kucingan in Indonesia,0.7429
images/INDONESIA/game/Kucing-kucingan/english/8.jpg,https://tgrcampaign.com/media_library/posts/post-image-1643030546012.jpg,INDONESIA,game,Kucing-kucingan,english,people playing Kucing-kucingan in Indonesia,people playing Kucing-kucingan in Indonesia,0.7255
images/INDONESIA/game/Kucing-kucingan/translated/1.jpeg,https://www.anakbisa.com/wp-content/uploads/2023/03/Kucing-dan-tikus-2.jpeg,INDONESIA,game,Kucing-kucingan,translated,orang-orang bermain kucing-kucingan di Indonesia,people playing Kucing-kucingan in Indonesia,0.722
images/INDONESIA/game/Petak Umpet/english/1.jpg,https://www.nowjakarta.co.id/uploads/ckeditor/pictures/5730/content_bakiak.jpg,INDONESIA,game,Petak Umpet,english,people playing Petak Umpet in Indonesia,people playing Petak Umpet in Indonesia,0.8175
images/INDONESIA/game/Petak Umpet/english/7.jpg,https://img.jakpost.net/c/2022/08/22/2022_08_22_129150_1661153599._medium.jpg,INDONESIA,game,Petak Umpet,english,people playing Petak Umpet in Indonesia,people playing Petak Umpet in Indonesia,0.7699
images/INDONESIA/game/Petak Umpet/translated/7.jpg,https://www.riau1.com/assets/berita/1594830046.jpg,INDONESIA,game,Petak Umpet,translated,orang-orang bermain petak umpet di Indonesia,people playing Petak Umpet in Indonesia,0.7313
images/INDONESIA/game/Petak Umpet/translated/6.jpg,https://tgrcampaign.com/media_library/posts/large/bb2465f8ab0d397da3553580663899db.jpg,INDONESIA,game,Petak Umpet,translated,orang-orang bermain petak umpet di Indonesia,people playing Petak Umpet in Indonesia,0.7178
images/INDONESIA/game/Petak Umpet/english/10.jpg,https://www.researchgate.net/publication/356989986/figure/fig1/AS:11431281186674766@1693990946272/A-group-of-children-competing-in-a-makan-kerupuk-game-with-a-large-neighbourhood-crowd.jpg,INDONESIA,game,Petak Umpet,english,people playing Petak Umpet in Indonesia,people playing Petak Umpet in Indonesia,0.6912
images/INDONESIA/game/game/translated/1.jpg,https://asset-2.tribunnews.com/tribunnews/foto/bank/images/anak-anak-asyik-bermain-ponsel-di-trotoar_20170818_160634.jpg,INDONESIA,game,game,translated,orang-orang sedang bermain di Indonesia,people playing game in Indonesia,0.7791
images/INDONESIA/game/game/translated/6.jpg,https://i0.wp.com/www.biem.co/wp-content/uploads/2017/11/karakter.jpg,INDONESIA,game,game,translated,orang-orang sedang bermain di Indonesia,people playing game in Indonesia,0.7535
images/INDONESIA/game/game/english/8.jpg,https://img.jakpost.net/c/2022/08/22/2022_08_22_129152_1661153601._medium.jpg,INDONESIA,game,game,english,people playing game in Indonesia,people playing game in Indonesia,0.7513
images/INDONESIA/game/game/english/1.jpg,https://www.nowjakarta.co.id/uploads/ckeditor/pictures/5730/content_bakiak.jpg,INDONESIA,game,game,english,people playing game in Indonesia,people playing game in Indonesia,0.7504
images/INDONESIA/game/game/translated/8.jpg,http://c.files.bbci.co.uk/8334/production/_120888533_antarafoto-permainan-tradisional-gasing-070921-bcs-6.jpg,INDONESIA,game,game,translated,orang-orang sedang bermain di Indonesia,people playing game in Indonesia,0.7259
images/INDONESIA/greeting/bow/english/6.jpg,https://www.goindonesiatours.com/wp-content/uploads/Indonesia-greetings-and-etiquette.jpg,INDONESIA,greeting,bow,english,people greeting with bow in Indonesia,people greeting with bow in Indonesia,0.7984
images/INDONESIA/greeting/bow/translated/2.jpg,https://images.bisnis.com/photos/2020/03/09/141735/antarafoto-cegah-virus-corona-di-sekolah-090320-bcs-5.jpg,INDONESIA,greeting,bow,translated,orang-orang memberi salam dengan membungkuk di Indonesia,people greeting with bow in Indonesia,0.7271
images/INDONESIA/greeting/bow/english/10.jpg,https://i0.wp.com/goeatgive.com/wp-content/uploads/2020/06/wei.jpg?fit=1024%2C682&amp;ssl=1,INDONESIA,greeting,bow,english,people greeting with bow in Indonesia,people greeting with bow in Indonesia,0.7078
images/INDONESIA/greeting/bow/english/4.jpg,https://guguides.com/wp-content/uploads/2025/07/Balinese-Life-1.jpg,INDONESIA,greeting,bow,english,people greeting with bow in Indonesia,people greeting with bow in Indonesia,0.7028
images/INDONESIA/greeting/bow/english/8.jpg,https://images.twinkl.co.uk/tw1n/image/private/t_630/image_repo/52/37/AU-T2-L-2548591-Meeting-and-Greeting-Indonesia-PowerPoint-IndonesianEnglish_ver_2.jpg,INDONESIA,greeting,bow,english,people greeting with bow in Indonesia,people greeting with bow in Indonesia,0.6808
images/INDONESIA/greeting/cheek kissing/translated/7.jpg,"https://blue.kumparan.com/image/upload/fl_progressive,fl_lossy,f_jpg,q_auto,w_600,h_315,c_fill/g_south,l_og_kumparan_yychde/co_rgb:ffffff,g_south_west,l_text:Heebo_20_bold:Konten%20Redaksi%20kumparanTRAVEL,x_60,y_53/dcj1cfxa7kbmtckhf17v.jpg",INDONESIA,greeting,cheek kissing,translated,orang-orang memberi salam dengan cium pipi di Indonesia,people greeting with cheek kissing in Indonesia,0.7736
images/INDONESIA/greeting/cheek kissing/translated/10.jpg,https://asset-2.tribunnews.com/makassar/foto/bank/images/cium-pipi.jpg,INDONESIA,greeting,cheek kissing,translated,orang-orang memberi salam dengan cium pipi di Indonesia,people greeting with cheek kissing in Indonesia,0.7336
images/INDONESIA/greeting/cheek kissing/translated/4.jpg,https://cdn1-production-images-kly.akamaized.net/cJDHciiB6DmCY3SeZIs5IvfwzEk=/1200x675/smart/filters:quality(75):strip_icc():format(jpeg)/kly-media-production/medias/20773/original/gaya-ciuman-130422b.jpg,INDONESIA,greeting,cheek kissing,translated,orang-orang memberi salam dengan cium pipi di Indonesia,people greeting with cheek kissing in Indonesia,0.7294
images/INDONESIA/greeting/cheek kissing/translated/2.jpg,https://media.kompas.tv/library/image/content_article/article_img/20210929174359.jpg,INDONESIA,greeting,cheek kissing,translated,orang-orang memberi salam dengan cium pipi di Indonesia,people greeting with cheek kissing in Indonesia,0.7196
images/INDONESIA/greeting/cheek kissing/english/10.jpg,https://img.jakpost.net/c/2019/11/20/2019_11_20_82579_1574222775._medium.jpg,INDONESIA,greeting,cheek kissing,english,people greeting with cheek kissing in Indonesia,people greeting with cheek kissing in Indonesia,0.7177
images/INDONESIA/greeting/greeting/english/9.jpg,https://imgsrv2.voi.id/zjCb4JQua2sxAbnDGBXli5aTwBh3MMg6L3YAOMIbtHU/auto/1200/675/sm/1/bG9jYWw6Ly8vcHVibGlzaGVycy8zNTIwODEvMjAyNDAxMjgxNTU0LW1haW4uanBlZw.jpg,INDONESIA,greeting,greeting,english,people greeting in Indonesia,people greeting in Indonesia,0.7772
images/INDONESIA/greeting/greeting/translated/6.jpg,https://i.pinimg.com/474x/28/d9/ce/28d9ce0ab59e755cd05bbb0afaa2defb.jpg,INDONESIA,greeting,greeting,translated,orang-orang sedang memberi salam di Indonesia,people greeting in Indonesia,0.7685
images/INDONESIA/greeting/greeting/english/7.jpg,https://www.goindonesiatours.com/wp-content/uploads/Indonesia-greetings-and-etiquette.jpg,INDONESIA,greeting,greeting,english,people greeting in Indonesia,people greeting in Indonesia,0.7534
images/INDONESIA/greeting/greeting/translated/5.jpg,https://bincangsyariah.com/wp-content/uploads/2020/12/happy-smiling-young-asian-muslim-man-arabic-costume-standing-with-gesturing-eid-mubarak-greeting-welcoming-ramadan-isolated-white-background-people-religious-islamic-lifestyle-concept.jpg,INDONESIA,greeting,greeting,translated,orang-orang sedang memberi salam di Indonesia,people greeting in Indonesia,0.7282
images/INDONESIA/greeting/greeting/english/8.jpg,https://www.ganggaisland.com/wp-content/uploads/2018/05/kids-1200x800.jpg,INDONESIA,greeting,greeting,english,people greeting in Indonesia,people greeting in Indonesia,0.728
images/INDONESIA/greeting/salam/english/5.png,https://storage.googleapis.com/ondoku3/image/Indonesia-Greeting.png,INDONESIA,greeting,salam,english,people greeting with salam in Indonesia,people greeting with salam in Indonesia,0.7848
images/INDONESIA/greeting/salam/translated/6.jpg,https://bincangsyariah.com/wp-content/uploads/2020/12/happy-smiling-young-asian-muslim-man-arabic-costume-standing-with-gesturing-eid-mubarak-greeting-welcoming-ramadan-isolated-white-background-people-religious-islamic-lifestyle-concept.jpg,INDONESIA,greeting,salam,translated,orang-orang memberi salam di Indonesia,people greeting with salam in Indonesia,0.765
images/INDONESIA/greeting/salam/translated/8.jpg,https://i.pinimg.com/474x/28/d9/ce/28d9ce0ab59e755cd05bbb0afaa2defb.jpg,INDONESIA,greeting,salam,translated,orang-orang memberi salam di Indonesia,people greeting with salam in Indonesia,0.7642
images/INDONESIA/greeting/salam/english/2.jpg,https://www.goindonesiatours.com/wp-content/uploads/Indonesia-greetings-and-etiquette.jpg,INDONESIA,greeting,salam,english,people greeting with salam in Indonesia,people greeting with salam in Indonesia,0.7474
images/INDONESIA/greeting/salam/english/8.jpg,https://as1.ftcdn.net/jpg/01/83/33/08/1000_F_183330896_4mXCE0C0zrdUaL28I3PCBPZYDAI6UslO.jpg,INDONESIA,greeting,salam,english,people greeting with salam in Indonesia,people greeting with salam in Indonesia,0.7109
images/INDONESIA/religious/Balinese temple offering with flowers/translated/8.jpeg,https://www.kintamani.id/wp-content/uploads/Sesajen-Canang-Sari-di-Bali-1-640x308.jpeg,INDONESIA,religious,Balinese temple offering with flowers,translated,persembahan bunga di pura Bali di Indonesia,Balinese temple offering with flowers in Indonesia,0.9199
images/INDONESIA/religious/Balinese temple offering with flowers/english/7.jpg,https://photos.smugmug.com/Asia/Bali/i-G7WRjgd/0/XL/5065971646_9dd3c7ec44_o-XL.jpg,INDONESIA,religious,Balinese temple offering with flowers,english,Balinese temple offering with flowers in Indonesia,Balinese temple offering with flowers in Indonesia,0.85
images/INDONESIA/religious/Balinese temple offering with flowers/translated/7.jpg,https://www.agoda.com/wp-content/uploads/2024/02/Featured-image-Pura-Besakih-mother-temple-in-Bali.jpg,INDONESIA,religious,Balinese temple offering with flowers,translated,persembahan bunga di pura Bali di Indonesia,Balinese temple offering with flowers in Indonesia,0.8318
images/INDONESIA/religious/Balinese temple offering with flowers/english/4.jpg,https://www.indoneo.com/wp-content/uploads/2017/03/balinese_hindu_offerings_canang_sari_temple_bali.jpg,INDONESIA,religious,Balinese temple offering with flowers,english,Balinese temple offering with flowers in Indonesia,Balinese temple offering with flowers in Indonesia,0.8118
images/INDONESIA/religious/Balinese temple offering with flowers/english/2.jpg,https://www.baligoldentour.com/images/bali-information-site/balinese-hindu-offering-canang-sari.jpg,INDONESIA,religious,Balinese temple offering with flowers,english,Balinese temple offering with flowers in Indonesia,Balinese temple offering with flowers in Indonesia,0.7877
images/INDONESIA/religious/Eid communal prayer in mosque courtyard/translated/10.jpg,https://cdn.antaranews.com/cache/1200x800/2022/04/27/shalat-id-idul-fitri-di-aceh-qt0xum-prv.jpg,INDONESIA,religious,Eid communal prayer in mosque courtyard,translated,shalat Idul Fitri berjamaah di halaman masjid di Indonesia,Eid communal prayer in mosque courtyard in Indonesia,0.8913
images/INDONESIA/religious/Eid communal prayer in mosque courtyard/english/10.jpg,https://dims.apnews.com/dims4/default/685139b/2147483647/strip/true/crop/3000x2000+0+0/resize/599x399!/quality/90/?url=https%3A%2F%2Fstorage.googleapis.com%2Fafs-prod%2Fmedia%2F70d12abc9b4d4fd6b7f15a5533510fbd%2F3000.jpeg,INDONESIA,religious,Eid communal prayer in mosque courtyard,english,Eid communal prayer in mosque courtyard in Indonesia,Eid communal prayer in mosque courtyard in Indonesia,0.8804
images/INDONESIA/religious/Eid communal prayer in mosque courtyard/english/7.jpg,"https://media.cnn.com/api/v1/images/stellar/prod/200424141415-indonesia-prayer-mosque.jpg?q=w_1110,c_fill",INDONESIA,religious,Eid communal prayer in mosque courtyard,english,Eid communal prayer in mosque courtyard in Indonesia,Eid communal prayer in mosque courtyard in Indonesia,0.8766
images/INDONESIA/religious/Eid communal prayer in mosque courtyard/english/6.jpg,https://i.ytimg.com/vi/SrpWjVOA4zg/hq720.jpg?sqp=-oaymwEhCK4FEIIDSFryq4qpAxMIARUAAAAAGAElAADIQj0AgKJD&amp;rs=AOn4CLDqgZumLCGa9b34mZDq9o478A5k2w,INDONESIA,religious,Eid communal prayer in mosque courtyard,english,Eid communal prayer in mosque courtyard in Indonesia,Eid communal prayer in mosque courtyard in Indonesia,0.8661
images/INDONESIA/religious/Eid communal prayer in mosque courtyard/english/5.jpg,https://www.arabnews.com/sites/default/files/styles/n_670_395/public/2020/06/05/2135396-1652408114.jpg?itok=uXLuZXA3,INDONESIA,religious,Eid communal prayer in mosque courtyard,english,Eid communal prayer in mosque courtyard in Indonesia,Eid communal prayer in mosque courtyard in Indonesia,0.8435
images/INDONESIA/religious/praying/english/9.jpg,https://assets.nst.com.my/images/articles/eadf5_1584694193.jpg,INDONESIA,religious,praying,english,people praying in Indonesia,people praying in Indonesia,0.9088
images/INDONESIA/religious/praying/english/3.jpeg,https://www.globaltimes.cn/Portals/0/attachment/2022/2022-07-11/7ca45300-7000-4cc6-aa3a-cf560385c8e5.jpeg,INDONESIA,religious,praying,english,people praying in Indonesia,people praying in Indonesia,0.8477
images/INDONESIA/religious/praying/translated/8.jpg,https://static.republika.co.id/uploads/images/inpicture_slide/umat-islam-memanjatkan-doa-dalam-acara-usai-shalat-berjamaah-_140516224408-896.jpg,INDONESIA,religious,praying,translated,orang-orang sedang berdoa di Indonesia,people praying in Indonesia,0.8466
images/INDONESIA/religious/praying/english/4.jpg,http://www.xinhuanet.com/english/2019-06/05/138117538_15597050155431n.jpg,INDONESIA,religious,praying,english,people praying in Indonesia,people praying in Indonesia,0.8251
images/INDONESIA/religious/praying/english/8.jpg,https://i0.wp.com/fulcrum.sg/wp-content/uploads/2020-41-Fighting-Covid19-in-Indonesia-The-Nexus-of-Religion-and-the-State.jpg?fit=1248%2C559&amp;ssl=1,INDONESIA,religious,praying,english,people praying in Indonesia,people praying in Indonesia,0.8069
images/INDONESIA/religious/religious/english/9.jpeg,https://www.nowjakarta.co.id/wp-content/uploads/2025/03/WhatsApp-Image-2025-03-06-at-09.00.39-min-1024x683.jpeg,INDONESIA,religious,religious,english,people participating in a traditional religious event in Indonesia,people participating in a traditional religious event in Indonesia,0.8216
images/INDONESIA/religious/religious/english/2.jpg,https://img.12go.asia/0/plain/s3://12go-web-static/static/images/upload-media/1598.jpg,INDONESIA,religious,religious,english,people participating in a traditional religious event in Indonesia,people participating in a traditional religious event in Indonesia,0.8026
images/INDONESIA/religious/religious/english/4.jpg,https://www.baliholidaysecrets.com/wp-content/uploads/2025/03/Ceremony-in-Balinese-Hinduism.jpg,INDONESIA,religious,religious,english,people participating in a traditional religious event in Indonesia,people participating in a traditional religious event in Indonesia,0.7985
images/INDONESIA/religious/religious/translated/6.jpeg,https://cdn.kemenag.go.id/storage/posts/16_9/big/1645079189.jpeg,INDONESIA,religious,religious,translated,orang-orang berpartisipasi dalam acara keagamaan tradisional di Indonesia,people participating in a traditional religious event in Indonesia,0.7928
images/INDONESIA/religious/religious/english/1.jpeg,https://mytravelindonesia.com/Media/mytravel/blog/Religion/Niepy2.jpeg,INDONESIA,religious,religious,english,people participating in a traditional religious event in Indonesia,people participating in a traditional religious event in Indonesia,0.7851
images/INDONESIA/wedding/wedding/translated/3.jpg,https://koinworks.com/wp-content/uploads/2019/03/pernikahan-adat-termahal-di-Indonesia-1200x900.jpg,INDONESIA,wedding,wedding,translated,perayaan pernikahan di Indonesia,wedding celebration in Indonesia,0.8311
images/INDONESIA/wedding/wedding/english/8.jpg,"https://alexandra.bridestory.com/image/upload/q_80,w_412/blogs/palembang-fleur-de-lis-photography-BJsJ0c9rQ.jpg",INDONESIA,wedding,wedding,english,wedding celebration in Indonesia,wedding celebration in Indonesia,0.8276
images/INDONESIA/wedding/wedding/english/6.png,https://blogger.googleusercontent.com/img/b/R29vZ2xl/AVvXsEg-ZHMJpGfFKgkUqI1JZbKOYQ5XmJrwQPDVNCxoS4kNhARwnR4GKVMGEg-yuKSvFO2Vx3zqInlz3gkMDpc8cuDiDK-GkgLGxzpJxC3iFzZK-2JFVMrjaiVyeMg50LHaPTuIJglT6KgbBkRp/s1600/Javanese+Wedding+.png,INDONESIA,wedding,wedding,english,wedding celebration in Indonesia,wedding celebration in Indonesia,0.8137
images/INDONESIA/wedding/wedding/translated/7.jpg,https://static.dw.com/image/58054742_902.jpg,INDONESIA,wedding,wedding,translated,perayaan pernikahan di Indonesia,wedding celebration in Indonesia,0.8126
images/INDONESIA/wedding/wedding/translated/6.jpg,https://static.cdntap.com/tap-assets-prod/wp-content/uploads/sites/24/2020/09/pernikahan-adat-bugis-idn-times.jpg,INDONESIA,wedding,wedding,translated,perayaan pernikahan di Indonesia,wedding celebration in Indonesia,0.8107
images/IRAN/celebration/Chaharshanbe Suri/english/2.jpg,https://upload.wikimedia.org/wikipedia/commons/b/b9/Chaharshanbe_Suri_by_southern_Iranian_people.jpg,IRAN,celebration,Chaharshanbe Suri,english,people participating in Chaharshanbe Suri in Iran,people participating in Chaharshanbe Suri in Iran,0.9153
images/IRAN/celebration/Chaharshanbe Suri/translated/5.jpeg,https://last-cdn.com/2021/03/11/BBbb3Ynelyds8tm1y2onegvB9Z2SMEF2enpTOCUb.jpeg,IRAN,celebration,Chaharshanbe Suri,translated,افراد در حال شرکت در چهارشنبه‌سوری در ایران,people participating in Chaharshanbe Suri in Iran,0.8351
images/IRAN/celebration/Chaharshanbe Suri/translated/6.jpg,https://last-cdn.com/2022/03/14/L0CnKrvW3SMEEy8nIkjW5PUJhpHzD1L1QJBWy5yQ.jpg,IRAN,celebration,Chaharshanbe Suri,translated,افراد در حال شرکت در چهارشنبه‌سوری در ایران,people participating in Chaharshanbe Suri in Iran,0.8259
images/IRAN/celebration/Chaharshanbe Suri/english/5.jpg,https://profarsi.com/wp-content/uploads/2023/08/Chaharshanbe-Suri-6.jpg,IRAN,celebration,Chaharshanbe Suri,english,people participating in Chaharshanbe Suri in Iran,people participating in Chaharshanbe Suri in Iran,0.82
images/IRAN/celebration/Chaharshanbe Suri/english/3.jpg,https://www.tappersia.com/wp-content/uploads/2021/06/chaharshanbe-suri4.jpg,IRAN,celebration,Chaharshanbe Suri,english,people participating in Chaharshanbe Suri in Iran,people participating in Chaharshanbe Suri in Iran,0.8143
images/IRAN/celebration/Eid-e Fetr/translated/4.jpg,https://newsmedia.tasnimnews.com/Tasnim/Uploaded/Image/1401/02/11/1401021113324437125252374.jpg,IRAN,celebration,Eid-e Fetr,translated,افراد در حال شرکت در عید فطر در ایران,people participating in Eid-e Fetr in Iran,0.8651
images/IRAN/celebration/Eid-e Fetr/english/7.jpg,https://katu.com/resources/media/f43935a8-f2b3-4dba-bc92-631e0f557473-medium16x9_AP23112221865275.jpg?1682188321504,IRAN,celebration,Eid-e Fetr,english,people participating in Eid-e Fetr in Iran,people participating in Eid-e Fetr in Iran,0.7872
images/IRAN/celebration/Eid-e Fetr/translated/8.jpg,https://cdn.isna.ir/d/2023/04/22/3/62586488.jpg?ts\u003d1682147898057,IRAN,celebration,Eid-e Fetr,translated,افراد در حال شرکت در عید فطر در ایران,people participating in Eid-e Fetr in Iran,0.7787
images/IRAN/celebration/Eid-e Fetr/english/9.jpg,https://i.ytimg.com/vi/RRPCRtzgbc0/maxresdefault.jpg,IRAN,celebration,Eid-e Fetr,english,people participating in Eid-e Fetr in Iran,people participating in Eid-e Fetr in Iran,0.778
images/IRAN/celebration/Eid-e Fetr/translated/9.jpg,https://farsi.khamenei.ir/ndata/news/27104/B/13930507_5927104.jpg,IRAN,celebration,Eid-e Fetr,translated,افراد در حال شرکت در عید فطر در ایران,people participating in Eid-e Fetr in Iran,0.7772
images/IRAN/celebration/Jashn-e Sade/translated/3.jpg,https://images.kojaro.com/2021/1/249c53d9-03b1-4dad-8abe-d76b8ea29fe7.jpg,IRAN,celebration,Jashn-e Sade,translated,افراد در حال شرکت در جشن سده در ایران,people participating in Jashn-e Sade in Iran,0.8193
images/IRAN/celebration/Jashn-e Sade/english/3.jpg,https://fezana.org/wp-content/uploads/celeb-1024x681.jpg,IRAN,celebration,Jashn-e Sade,english,people participating in Jashn-e Sade in Iran,people participating in Jashn-e Sade in Iran,0.7862
images/IRAN/celebration/Jashn-e Sade/english/2.jpg,https://a57.foxnews.com/static.foxnews.com/foxnews.com/content/uploads/2024/01/1200/675/Iran-Fire.jpg?ve\u003d1\u0026tl\u003d1,IRAN,celebration,Jashn-e Sade,english,people participating in Jashn-e Sade in Iran,people participating in Jashn-e Sade in Iran,0.7745
images/IRAN/celebration/Jashn-e Sade/translated/8.jpg,https://img9.irna.ir/d/r2/2025/01/29/4/171651221.jpg?ts\u003d1738171584107,IRAN,celebration,Jashn-e Sade,translated,افراد در حال شرکت در جشن سده در ایران,people participating in Jashn-e Sade in Iran,0.741
images/IRAN/celebration/Jashn-e Sade/english/5.jpg,https://img9.irna.ir/d/r2/2023/01/31/4/170151367.jpg?ts\u003d1675142512895,IRAN,celebration,Jashn-e Sade,english,people participating in Jashn-e Sade in Iran,people participating in Jashn-e Sade in Iran,0.7376
images/IRAN/celebration/Nowruz/translated/7.jpg,https://esahar.ir/wp-content/uploads/2021/01/b8-360x236.jpg,IRAN,celebration,Nowruz,translated,افراد در حال شرکت در نوروز در ایران,people participating in Nowruz in Iran,0.8395
images/IRAN/celebration/Nowruz/english/9.jpg,https://media.mehrnews.com/d/2025/03/23/2/5434162.jpg?ts\u003d1742732884193,IRAN,celebration,Nowruz,english,people participating in Nowruz in Iran,people participating in Nowruz in Iran,0.8316
images/IRAN/celebration/Nowruz/translated/5.jpg,https://newsmedia.tasnimnews.com/Tasnim/Uploaded/Image/1398/01/07/1398010712342836417020814.jpg,IRAN,celebration,Nowruz,translated,افراد در حال شرکت در نوروز در ایران,people participating in Nowruz in Iran,0.8308
images/IRAN/celebration/Nowruz/english/5.jpg,https://iranamaze.com/wp-content/uploads/2022/03/nowroz-in-azarbayjan.jpg,IRAN,celebration,Nowruz,english,people participating in Nowruz in Iran,people participating in Nowruz in Iran,0.814
images/IRAN/celebration/Nowruz/translated/1.jpg,https://www.iranhotelonline.com/blog/wp-content/uploads/2023/05/1683197054_830_%D8%A2%D8%AF%D8%A7%D8%A8-%D9%88-%D8%B1%D8%B3%D9%88%D9%85-%D8%A7%DB%8C%D8%B1%D8%A7%D9%86%DB%8C%D8%A7%D9%86-%D8%AF%D8%B1-%D8%B9%DB%8C%D8%AF-%D9%86%D9%88%D8%B1%D9%88%D8%B2.jpg,IRAN,celebration,Nowruz,translated,افراد در حال شرکت در نوروز در ایران,people participating in Nowruz in Iran,0.8095
images/IRAN/celebration/Shab-e Yalda/english/2.jpeg,https://cdn.hungryonion.org/original/3X/0/1/01925b1173d4e036727d2a7b6dacdbc3e6b198f0.jpeg,IRAN,celebration,Shab-e Yalda,english,people participating in Shab-e Yalda in Iran,people participating in Shab-e Yalda in Iran,0.8605
images/IRAN/celebration/Shab-e Yalda/translated/4.jpg,https://img9.irna.ir/d/r2/2022/11/30/4/170041375.jpg?ts\u003d1669827210386,IRAN,celebration,Shab-e Yalda,translated,افراد در حال شرکت در شب یلدا در ایران,people participating in Shab-e Yalda in Iran,0.8507
images/IRAN/celebration/Shab-e Yalda/english/5.jpg,https://media.mehrnews.com/d/2018/12/19/3/2989659.jpg,IRAN,celebration,Shab-e Yalda,english,people participating in Shab-e Yalda in Iran,people participating in Shab-e Yalda in Iran,0.8322
images/IRAN/celebration/Shab-e Yalda/english/3.jpg,https://www.newarab.com/sites/default/files/2024-12/471166349_10161943235195709_785184659552985136_n.jpg,IRAN,celebration,Shab-e Yalda,english,people participating in Shab-e Yalda in Iran,people participating in Shab-e Yalda in Iran,0.812
images/IRAN/celebration/Shab-e Yalda/translated/2.jpg,https://snn.ir/files/fa/news/1403/9/30/2555233_600.jpg,IRAN,celebration,Shab-e Yalda,translated,افراد در حال شرکت در شب یلدا در ایران,people participating in Shab-e Yalda in Iran,0.8114
images/IRAN/celebration/Sizdah Bedar/translated/2.jpg,http://media.mehrnews.com/old/Original/1393/01/11/IMG13014505.jpg,IRAN,celebration,Sizdah Bedar,translated,افراد در حال شرکت در سیزده بدر در ایران,people participating in Sizdah Bedar in Iran,0.8189
images/IRAN/celebration/Sizdah Bedar/translated/9.jpg,http://mehremihan.ir/images/stories/PostImage/13bedar%2020.jpg,IRAN,celebration,Sizdah Bedar,translated,افراد در حال شرکت در سیزده بدر در ایران,people participating in Sizdah Bedar in Iran,0.7657
images/IRAN/celebration/Sizdah Bedar/english/4.jpg,https://media.imna.ir/d/2023/04/02/3/1857959.jpg?ts\u003d1680454859000,IRAN,celebration,Sizdah Bedar,english,people participating in Sizdah Bedar in Iran,people participating in Sizdah Bedar in Iran,0.7403
images/IRAN/celebration/Sizdah Bedar/english/7.jpg,https://i.ytimg.com/vi/VGumoToHCl0/maxresdefault.jpg,IRAN,celebration,Sizdah Bedar,english,people participating in Sizdah Bedar in Iran,people participating in Sizdah Bedar in Iran,0.7367
images/IRAN/celebration/Sizdah Bedar/english/2.jpg,https://theotheriran.com/wp-content/uploads/2015/04/sizdah-bedar-1394-in-iran-27.jpg,IRAN,celebration,Sizdah Bedar,english,people participating in Sizdah Bedar in Iran,people participating in Sizdah Bedar in Iran,0.7225
images/IRAN/celebration/celebration/translated/10.jpg,https://www.destinationiran.com/fa/wp-content/uploads/2020/08/%D8%A2%D8%AF%D8%A7%D8%A8-%D8%B1%D8%B3%D9%88%D9%85-%D9%85%D8%B1%D8%A7%D8%B3%D9%85-%D9%86%D9%88%D8%B1%D9%88%D8%B2-%DA%A9%D8%B1%D8%AF%D8%B3%D8%AA%D8%A7%D9%86.jpg,IRAN,celebration,celebration,translated,افراد در حال شرکت در جشن یا آیین سنتی در ایران,people participating in a traditional festival or observance in Iran,0.7981
images/IRAN/celebration/celebration/translated/9.jpg,https://dokantick.com/wp-content/uploads/2023/08/the-celebrations-of-ancient-Iran-25-.jpg,IRAN,celebration,celebration,translated,افراد در حال شرکت در جشن یا آیین سنتی در ایران,people participating in a traditional festival or observance in Iran,0.7515
images/IRAN/celebration/celebration/translated/1.jpg,https://www.alaedin.travel/Files/blogs/ffeb46fc-2b55-4a39-98af-588b64fe01bf.jpg,IRAN,celebration,celebration,translated,افراد در حال شرکت در جشن یا آیین سنتی در ایران,people participating in a traditional festival or observance in Iran,0.7471
images/IRAN/celebration/celebration/translated/3.jpg,https://www.iranhotelonline.com/blog/wp-content/uploads/2023/05/1683197054_830_%D8%A2%D8%AF%D8%A7%D8%A8-%D9%88-%D8%B1%D8%B3%D9%88%D9%85-%D8%A7%DB%8C%D8%B1%D8%A7%D9%86%DB%8C%D8%A7%D9%86-%D8%AF%D8%B1-%D8%B9%DB%8C%D8%AF-%D9%86%D9%88%D8%B1%D9%88%D8%B2.jpg,IRAN,celebration,celebration,translated,افراد در حال شرکت در جشن یا آیین سنتی در ایران,people participating in a traditional festival or observance in Iran,0.7446
images/IRAN/celebration/celebration/english/4.jpg,https://media.tehrantimes.com/d/t/2024/06/22/4/5039803.jpg?ts\u003d1719062788114,IRAN,celebration,celebration,english,people participating in a traditional festival or observance in Iran,people participating in a traditional festival or observance in Iran,0.7424
images/IRAN/concert/concert/translated/7.jpg,https://www.ganja2music.com/Image/News/04.1402/01.jpg,IRAN,concert,concert,translated,کنسرت در ایران,concert in Iran,0.8371
images/IRAN/concert/concert/english/3.jpg,https://en.radiozamaneh.com/wp-content/uploads/2017/08/Music-in-Iran-ban-cancel.jpg,IRAN,concert,concert,english,concert in Iran,concert in Iran,0.8352
images/IRAN/concert/concert/translated/2.jpg,"https://static1.bartarinha.ir/servev2/2JmODliYmM3Y/5Uwvb7W7Zm0,/file.jpg",IRAN,concert,concert,translated,کنسرت در ایران,concert in Iran,0.8068
images/IRAN/concert/concert/english/2.jpg,"https://i.iranintl.com/images/rdk9umy0/production/6b0ebd4b531c368011578e9e8cc8eb75cb5798d4-800x557.jpg?rect\u003d0,13,800,533\u0026w\u003d576\u0026h\u003d384\u0026q\u003d80\u0026fit\u003dmax\u0026auto\u003dformat",IRAN,concert,concert,english,concert in Iran,concert in Iran,0.799
images/IRAN/concert/concert/english/4.jpg,https://i.ytimg.com/vi/QvumsUX-eSk/hq720.jpg?sqp\u003d-oaymwEhCK4FEIIDSFryq4qpAxMIARUAAAAAGAElAADIQj0AgKJD\u0026rs\u003dAOn4CLBJ_FTjvchedHZFjevAUPhPgOdTvA,IRAN,concert,concert,english,concert in Iran,concert in Iran,0.7983
images/IRAN/concert/indoor/english/2.jpg,https://dalahoo.com/en/mi_news/show/1397/07/Big/123-101.jpg,IRAN,concert,indoor,english,indoor concert in Iran,indoor concert in Iran,0.8837
images/IRAN/concert/indoor/translated/4.jpg,https://media.mehrnews.com/d/2019/12/30/3/3332939.jpg,IRAN,concert,indoor,translated,کنسرت در فضای بسته در ایران,indoor concert in Iran,0.8402
images/IRAN/concert/indoor/translated/2.jpg,"https://static1.bartarinha.ir/servev2/2JmODliYmM3Y/5Uwvb7W7Zm0,/file.jpg",IRAN,concert,indoor,translated,کنسرت در فضای بسته در ایران,indoor concert in Iran,0.7921
images/IRAN/concert/indoor/english/8.jpg,https://i.ytimg.com/vi/igf6dP9TBok/hq720.jpg?sqp\u003d-oaymwEhCK4FEIIDSFryq4qpAxMIARUAAAAAGAElAADIQj0AgKJD\u0026rs\u003dAOn4CLDewZC0GLVboIlX6Je6Wgkr9IZgdA,IRAN,concert,indoor,english,indoor concert in Iran,indoor concert in Iran,0.787
images/IRAN/concert/indoor/translated/10.jpg,https://raymandkhorasan.com/files/static/1215-3lyryg8zndjwbs.jpg,IRAN,concert,indoor,translated,کنسرت در فضای بسته در ایران,indoor concert in Iran,0.7843
images/IRAN/concert/outdoor/translated/2.jpg,http://samarehnews.ir/wp-content/uploads/2019/08/resizer15663876530386.jpg,IRAN,concert,outdoor,translated,کنسرت در فضای باز در ایران,outdoor concert in Iran,0.8459
images/IRAN/concert/outdoor/translated/4.jpg,https://saremonline.ir/wp-content/uploads/2025/06/5195315.jpg,IRAN,concert,outdoor,translated,کنسرت در فضای باز در ایران,outdoor concert in Iran,0.6648
images/IRAN/concert/outdoor/translated/1.jpg,https://www.javaheribina.com/blogs/wp-content/uploads/2016/08/Concert8.jpg,IRAN,concert,outdoor,translated,کنسرت در فضای باز در ایران,outdoor concert in Iran,0.6536
images/IRAN/concert/outdoor/translated/7.jpg,https://media.mehrnews.com/d/2017/01/04/3/2328056.jpg?ts\u003d1486462047399,IRAN,concert,outdoor,translated,کنسرت در فضای باز در ایران,outdoor concert in Iran,0.6489
images/IRAN/concert/outdoor/translated/9.jpg,https://parsstock.ir/LargePhotos/10118/1229023-%DA%A9%D9%86%D8%B3%D8%B1%D8%AA-%D8%AF%D8%B1-%D9%81%D8%B6%D8%A7%DB%8C-%D8%A8%D8%A7%D8%B2-%D8%A7%D9%81%D8%B1%D8%A7%D8%AF-%D8%B4%D8%A7%D8%AF-%D8%A8%D8%A7-%D8%AF%D8%B3%D8%AA-%D9%87%D8%A7%DB%8C-%D8%A8%D9%84%D9%86%D8%AF-%D9%88-%D9%84%D8%B0%D8%AA-%D8%A8%D8%B1%D8%AF%D9%86-%D8%A7%D8%B2-%D8%B4%D8%A8-%D8%AF%D8%B1-%D8%A8%D8%A7%D8%B4%DA%AF%D8%A7%D9%87-%D8%B3%D8%B1%DA%AF%D8%B1%D9%85%DB%8C-%D8%B4%D8%A8%D8%A7%D9%86%D9%87-%D8%B3%D8%A8%DA%A9-%D8%B2%D9%86%D8%AF%DA%AF%DB%8C-%D9%81%D8%B9%D8%A7%D9%84-%D8%AC%D8%B4%D9%86-%D8%B3%D8%A7%D9%84-%D9%86%D9%88-%D9%85%D9%81%D9%87%D9%88%D9%85-%D9%85%D9%87%D9%85%D8%A7%D9%86%DB%8C.jpg,IRAN,concert,outdoor,translated,کنسرت در فضای باز در ایران,outdoor concert in Iran,0.6474
images/IRAN/dancing/Baba Karam/english/9.jpg,https://i.ytimg.com/vi/wQfhCSbuYeo/hq720.jpg?sqp\u003d-oaymwEhCK4FEIIDSFryq4qpAxMIARUAAAAAGAElAADIQj0AgKJD\u0026rs\u003dAOn4CLDqD5BFEg_NCiXuKNU97Cdfd-1fgQ,IRAN,dancing,Baba Karam,english,people dancing Baba Karam in Iran,people dancing Baba Karam in Iran,0.751
images/IRAN/dancing/Baba Karam/translated/1.jpg,https://i.ytimg.com/vi/aO_oo9PmS30/hq720.jpg?sqp\u003d-oaymwEhCK4FEIIDSFryq4qpAxMIARUAAAAAGAElAADIQj0AgKJD\u0026rs\u003dAOn4CLCoNsnBURly2kqiYvqayqSTKl5IKg,IRAN,dancing,Baba Karam,translated,افراد در حال رقص باباکرم در ایران,people dancing Baba Karam in Iran,0.737
images/IRAN/dancing/Baba Karam/translated/3.jpg,https://i.ytimg.com/vi/v09lxhh_6XI/hq720.jpg?sqp\u003d-oaymwE7CK4FEIIDSFryq4qpAy0IARUAAAAAGAElAADIQj0AgKJD8AEB-AH-CYAC0AWKAgwIABABGGUgZShlMA8\u003d\u0026rs\u003dAOn4CLCPn9QDHSTDj17H8pFoU-cOGRILww,IRAN,dancing,Baba Karam,translated,افراد در حال رقص باباکرم در ایران,people dancing Baba Karam in Iran,0.7232
images/IRAN/dancing/Baba Karam/translated/6.jpg,https://static.cdn.asset.aparat.com/avt/3662511-8891-b__2395.jpg,IRAN,dancing,Baba Karam,translated,افراد در حال رقص باباکرم در ایران,people dancing Baba Karam in Iran,0.6967
images/IRAN/dancing/Baba Karam/translated/8.jpg,https://i.ytimg.com/vi/2OSz2ZH4mkY/hq720.jpg?sqp\u003d-oaymwEhCK4FEIIDSFryq4qpAxMIARUAAAAAGAElAADIQj0AgKJD\u0026rs\u003dAOn4CLBBRvMEZke3zlxkdm5ijRIFCAhMtQ,IRAN,dancing,Baba Karam,translated,افراد در حال رقص باباکرم در ایران,people dancing Baba Karam in Iran,0.6569
images/IRAN/dancing/Bandari/translated/7.jpg,https://i.ytimg.com/vi/lQOBgJs4Dg8/hq720.jpg?sqp\u003d-oaymwEhCK4FEIIDSFryq4qpAxMIARUAAAAAGAElAADIQj0AgKJD\u0026rs\u003dAOn4CLC01DtvP8uomDHGYpukc91yDx1KFA,IRAN,dancing,Bandari,translated,افراد در حال رقص بندری در ایران,people dancing Bandari in Iran,0.8792
images/IRAN/dancing/Bandari/translated/6.jpg,https://eramblog.com/img/1584638273_26648.jpg,IRAN,dancing,Bandari,translated,افراد در حال رقص بندری در ایران,people dancing Bandari in Iran,0.8584
images/IRAN/dancing/Bandari/english/5.jpg,https://exploringtheiranianculture.wordpress.com/wp-content/uploads/2016/08/img12434185.jpg?w\u003d452\u0026h\u003d314,IRAN,dancing,Bandari,english,people dancing Bandari in Iran,people dancing Bandari in Iran,0.855
images/IRAN/dancing/Bandari/english/9.jpg,https://profarsi.com/wp-content/uploads/2025/05/unnamed.jpg,IRAN,dancing,Bandari,english,people dancing Bandari in Iran,people dancing Bandari in Iran,0.8163
images/IRAN/dancing/Bandari/english/6.jpg,https://i.pinimg.com/736x/ee/04/49/ee044918c4e835b08bbfd5c6368c3a54.jpg,IRAN,dancing,Bandari,english,people dancing Bandari in Iran,people dancing Bandari in Iran,0.7652
images/IRAN/dancing/Classical Persian dance/translated/2.jpg,https://www.beytoote.com/images/stories/economic/education-dance-iranian-eb070.jpg,IRAN,dancing,Classical Persian dance,translated,افراد در حال اجرای رقص کلاسیک ایرانی در ایران,people performing Classical Persian dance in Iran,0.8791
images/IRAN/dancing/Classical Persian dance/english/1.jpg,https://i.ytimg.com/vi/uq40CGTB1eg/hqdefault.jpg,IRAN,dancing,Classical Persian dance,english,people performing Classical Persian dance in Iran,people performing Classical Persian dance in Iran,0.8654
images/IRAN/dancing/Classical Persian dance/translated/7.jpg,https://amoozeshkhobe.com/wp-content/uploads/2024/05/best-dance-school-1.jpg,IRAN,dancing,Classical Persian dance,translated,افراد در حال اجرای رقص کلاسیک ایرانی در ایران,people performing Classical Persian dance in Iran,0.8484
images/IRAN/dancing/Classical Persian dance/translated/6.jpg,https://static.prod.iranwire.com/_versions_jpg/filer_public/e5/cb/e5cb3ab8-1701-4720-b6bd-d511b839fb8a/rqs_yrny_dr_frnkhfwrt_bkhsh_dwm__v516x270__.jpg,IRAN,dancing,Classical Persian dance,translated,افراد در حال اجرای رقص کلاسیک ایرانی در ایران,people performing Classical Persian dance in Iran,0.8473
images/IRAN/dancing/Classical Persian dance/english/9.jpg,http://www.laurelvictoriagray.com/uploads/1/0/7/6/10764216/1829971.jpg?355,IRAN,dancing,Classical Persian dance,english,people performing Classical Persian dance in Iran,people performing Classical Persian dance in Iran,0.825
images/IRAN/dancing/Kurdish chain dance/english/4.jpg,https://api.tasteiran.net/Files/kurdish-dance-b53a40.jpg,IRAN,dancing,Kurdish chain dance,english,people performing Kurdish chain dance in Iran,people performing Kurdish chain dance in Iran,0.9371
images/IRAN/dancing/Kurdish chain dance/translated/6.jpg,https://www.bia2aroosi.com/gallery/71662-87209.jpg,IRAN,dancing,Kurdish chain dance,translated,افراد در حال اجرای رقص زنجیره‌ای کردی در ایران,people performing Kurdish chain dance in Iran,0.9268
images/IRAN/dancing/Kurdish chain dance/translated/9.jpg,https://img9.irna.ir/old/Image/1396/13961218/82856558/N82856558-72228074.jpg,IRAN,dancing,Kurdish chain dance,translated,افراد در حال اجرای رقص زنجیره‌ای کردی در ایران,people performing Kurdish chain dance in Iran,0.8631
images/IRAN/dancing/Kurdish chain dance/english/2.jpg,https://d2wqffb2bc8st5.cloudfront.net/resources/files/2016/YarasanMehregan.jpg,IRAN,dancing,Kurdish chain dance,english,people performing Kurdish chain dance in Iran,people performing Kurdish chain dance in Iran,0.8365
images/IRAN/dancing/Kurdish chain dance/translated/10.jpg,https://cdn.asriran.com/files/fa/news/1398/1/28/957430_830.jpg,IRAN,dancing,Kurdish chain dance,translated,افراد در حال اجرای رقص زنجیره‌ای کردی در ایران,people performing Kurdish chain dance in Iran,0.8129
images/IRAN/dancing/Lezgi/translated/8.jpg,https://static.euronews.com/articles/stories/06/70/64/60/1669x933_cmsv2_7d3826a9-606b-5c47-9b60-da615af5710d-6706460.jpg,IRAN,dancing,Lezgi,translated,افراد در حال رقص لزگی در ایران,people dancing Lezgi in Iran,0.796
images/IRAN/dancing/Lezgi/english/2.jpg,https://i.ytimg.com/vi/fgHclVI5aIY/maxresdefault.jpg,IRAN,dancing,Lezgi,english,people dancing Lezgi in Iran,people dancing Lezgi in Iran,0.7706
images/IRAN/dancing/Lezgi/english/5.jpg,http://www.laurelvictoriagray.com/uploads/1/0/7/6/10764216/1829971.jpg?355,IRAN,dancing,Lezgi,english,people dancing Lezgi in Iran,people dancing Lezgi in Iran,0.7641
images/IRAN/dancing/Lezgi/translated/4.jpg,http://mehrevegan.ir/wp-content/uploads/2021/01/54787-4-min.jpg,IRAN,dancing,Lezgi,translated,افراد در حال رقص لزگی در ایران,people dancing Lezgi in Iran,0.7254
images/IRAN/dancing/Lezgi/english/3.jpg,https://cid-ds.org/wp-content/uploads/2023/05/irani12-1024x576.jpg,IRAN,dancing,Lezgi,english,people dancing Lezgi in Iran,people dancing Lezgi in Iran,0.7151
images/IRAN/dancing/Sama-o-raghs/translated/10.jpg,https://i.ytimg.com/vi/BMxtzYQnryU/sddefault.jpg,IRAN,dancing,Sama-o-raghs,translated,افراد در حال اجرای سماع و رقص در ایران,people performing Sama-o-raghs in Iran,0.815
images/IRAN/dancing/Sama-o-raghs/english/9.jpg,https://cdn01.eavartravel.com/2023/7/92cbd270-344f-46ce-9688-e68e6bf7a56d.jpg,IRAN,dancing,Sama-o-raghs,english,people performing Sama-o-raghs in Iran,people performing Sama-o-raghs in Iran,0.789
images/IRAN/dancing/Sama-o-raghs/translated/4.jpg,https://www.alaedin.travel/Files/blogs/612.jpg,IRAN,dancing,Sama-o-raghs,translated,افراد در حال اجرای سماع و رقص در ایران,people performing Sama-o-raghs in Iran,0.7861
images/IRAN/dancing/Sama-o-raghs/translated/7.jpg,https://majaleomumi.ir/wp-content/uploads/2023/10/78290-1.jpg,IRAN,dancing,Sama-o-raghs,translated,افراد در حال اجرای سماع و رقص در ایران,people performing Sama-o-raghs in Iran,0.7857
images/IRAN/dancing/Sama-o-raghs/english/3.jpg,https://images.news18.com/ibnlive/uploads/2021/10/sama-dance-iran-163490470816x9.jpg,IRAN,dancing,Sama-o-raghs,english,people performing Sama-o-raghs in Iran,people performing Sama-o-raghs in Iran,0.7704
images/IRAN/dancing/dancing/english/7.jpg,https://static01.nyt.com/images/2023/12/14/14vid-iran-dance-81024-cover/14vid-iran-dance-81024-cover-superJumbo.jpg,IRAN,dancing,dancing,english,people dancing in Iran,people dancing in Iran,0.8715
images/IRAN/dancing/dancing/translated/6.jpg,https://www.beytoote.com/images/stories/economic/education-dance-iranian-eb070.jpg,IRAN,dancing,dancing,translated,افراد در حال رقصیدن در ایران,people dancing in Iran,0.8182
images/IRAN/dancing/dancing/translated/3.jpg,https://i.ytimg.com/vi/oBTnHbtAAdg/maxresdefault.jpg,IRAN,dancing,dancing,translated,افراد در حال رقصیدن در ایران,people dancing in Iran,0.8118
images/IRAN/dancing/dancing/translated/5.jpg,http://hayatkhalvat.com/wp-content/uploads/2016/11/dance-hayatkhalvat-com-2.jpg,IRAN,dancing,dancing,translated,افراد در حال رقصیدن در ایران,people dancing in Iran,0.7547
images/IRAN/dancing/dancing/english/1.jpg,https://i.ytimg.com/vi/uq40CGTB1eg/hqdefault.jpg,IRAN,dancing,dancing,english,people dancing in Iran,people dancing in Iran,0.745
images/IRAN/eating/eating/translated/9.jpg,https://cdn.mashreghnews.ir/d/2018/10/24/3/2371095.jpg,IRAN,eating,eating,translated,افراد در حال خوردن غذا در ایران,people eating food in Iran,0.9084
images/IRAN/eating/eating/english/7.jpg,https://irangashttour.com/wp-content/uploads/2023/08/Places-to-Eat-Iranian-Food-and-Drinks.jpg,IRAN,eating,eating,english,people eating food in Iran,people eating food in Iran,0.8662
images/IRAN/eating/eating/english/8.jpg,https://www.packtoiran.com/media/ckeditor/20230907-141000-2592-PacktoIran-Culinary-Tour-(3).jpg,IRAN,eating,eating,english,people eating food in Iran,people eating food in Iran,0.8266
images/IRAN/eating/eating/translated/5.jpg,https://cdn.isna.ir/d/2024/09/25/3/63185644.jpg?ts\u003d1727267914378,IRAN,eating,eating,translated,افراد در حال خوردن غذا در ایران,people eating food in Iran,0.8262
images/IRAN/eating/eating/english/10.jpeg,https://friendlyiran.com/wp-content/uploads/2020/04/persian-dinner.jpeg,IRAN,eating,eating,english,people eating food in Iran,people eating food in Iran,0.809
images/IRAN/eating/home/english/8.jpeg,https://friendlyiran.com/wp-content/uploads/2020/04/persian-dinner.jpeg,IRAN,eating,home,english,people eating food at home in Iran,people eating food at home in Iran,0.8686
images/IRAN/eating/home/english/5.jpg,https://irangashttour.com/wp-content/uploads/2023/08/Places-to-Eat-Iranian-Food-and-Drinks.jpg,IRAN,eating,home,english,people eating food at home in Iran,people eating food at home in Iran,0.8595
images/IRAN/eating/home/english/2.jpg,https://i.ytimg.com/vi/DIiv_w0lSkg/hq720.jpg?sqp\u003d-oaymwEhCK4FEIIDSFryq4qpAxMIARUAAAAAGAElAADIQj0AgKJD\u0026rs\u003dAOn4CLDF4HuNjDFlfrSU8F1UaBUFYPs3fw,IRAN,eating,home,english,people eating food at home in Iran,people eating food at home in Iran,0.8458
images/IRAN/eating/home/english/3.jpg,https://d36tnp772eyphs.cloudfront.net/blogs/1/2016/09/iran5.jpg,IRAN,eating,home,english,people eating food at home in Iran,people eating food at home in Iran,0.8253
images/IRAN/eating/home/english/4.jpg,https://i.ytimg.com/vi/jAhEc2LhBWs/sddefault.jpg,IRAN,eating,home,english,people eating food at home in Iran,people eating food at home in Iran,0.7712
images/IRAN/eating/restaurant/english/9.jpg,https://irangashttour.com/wp-content/uploads/2023/08/Places-to-Eat-Iranian-Food-and-Drinks.jpg,IRAN,eating,restaurant,english,people eating food in restaurant in Iran,people eating food in restaurant in Iran,0.8855
images/IRAN/eating/restaurant/translated/1.jpg,https://tehraniyoon.com/wp-content/uploads/2024/05/The-best-Afghani-restaurant-in-Tehran.jpg,IRAN,eating,restaurant,translated,افراد در حال خوردن غذا در رستوران در ایران,people eating food in restaurant in Iran,0.8495
images/IRAN/eating/restaurant/english/5.jpeg,https://explorepartsunknown.com/wp-content/uploads/2017/09/23596_021_0014_cc.jpeg?quality\u003d95\u0026strip\u003dcolor\u0026w\u003d620\u0026h\u003d0,IRAN,eating,restaurant,english,people eating food in restaurant in Iran,people eating food in restaurant in Iran,0.7471
images/IRAN/eating/restaurant/translated/4.jpg,https://parsstock.ir/LargePhotos/10363/1715553-%D8%B2%D9%86%D8%A7%D9%86-%D8%AC%D9%88%D8%A7%D9%86-%D9%85%D8%B3%D9%84%D9%85%D8%A7%D9%86-%D8%AF%D8%B1-%D8%AD%D8%A7%D9%84-%D8%BA%D8%B0%D8%A7-%D8%AE%D9%88%D8%B1%D8%AF%D9%86-%D8%AF%D8%B1-%DA%A9%D8%A7%D9%81%D9%87.jpg,IRAN,eating,restaurant,translated,افراد در حال خوردن غذا در رستوران در ایران,people eating food in restaurant in Iran,0.7433
images/IRAN/eating/restaurant/english/1.jpg,https://i.ytimg.com/vi/f5lgtTx-eU8/hq720.jpg?sqp\u003d-oaymwEhCK4FEIIDSFryq4qpAxMIARUAAAAAGAElAADIQj0AgKJD\u0026rs\u003dAOn4CLBa1TKxKr7PK2szWNNeOU12cPssgA,IRAN,eating,restaurant,english,people eating food in restaurant in Iran,people eating food in restaurant in Iran,0.7278
images/IRAN/funeral/funeral/english/9.jpg,https://www.aljazeera.com/wp-content/uploads/2024/05/2024-05-22T071133Z_1015937742_RC2JV7A2ZEIE_RTRMADP_3_IRAN-SECURITY-PRESIDENT-FUNERAL-PRAYERS-1716362918.jpg,IRAN,funeral,funeral,english,people attending a funeral ceremony in Iran,people attending a funeral ceremony in Iran,0.8497
images/IRAN/funeral/funeral/english/6.jpg,https://newsmedia.tasnimnews.com/Tasnim/Uploaded/Image/1394/12/22/139412221732047217328914.jpg,IRAN,funeral,funeral,english,people attending a funeral ceremony in Iran,people attending a funeral ceremony in Iran,0.8416
images/IRAN/funeral/funeral/translated/10.jpg,https://media.mehrnews.com/d/2024/05/22/3/4997844.jpg?ts\u003d1716382142107,IRAN,funeral,funeral,translated,افراد در حال شرکت در مراسم تشییع جنازه در ایران,people attending a funeral ceremony in Iran,0.8295
images/IRAN/funeral/funeral/english/1.jpg,https://d3i6fh83elv35t.cloudfront.net/static/2024/05/2024-05-21T122626Z_793076292_RC20V7AV19LV_RTRMADP_3_IRAN-SECURITY-PRESIDENT-COMMEMORATION-TABRIZ-1024x682.jpg,IRAN,funeral,funeral,english,people attending a funeral ceremony in Iran,people attending a funeral ceremony in Iran,0.8113
images/IRAN/funeral/funeral/english/2.jpg,https://www.chinadailyhk.com/upload/main/image/2024/05/23/fd7f3b57fce3cb8b542e3aefa3949e75.jpg,IRAN,funeral,funeral,english,people attending a funeral ceremony in Iran,people attending a funeral ceremony in Iran,0.7737
images/IRAN/game/Choob bazi/translated/2.jpg,https://visitiran.ir/public/visitPic/de2e/public/2017-03/tarke%20bazi%20(2).jpg,IRAN,game,Choob bazi,translated,افراد در حال بازی چوب‌بازی در ایران,people playing Choob bazi in Iran,0.8082
images/IRAN/game/Choob bazi/translated/5.jpg,https://cdn.tourinpersia.com/main/2021/03/pacho.jpg,IRAN,game,Choob bazi,translated,افراد در حال بازی چوب‌بازی در ایران,people playing Choob bazi in Iran,0.7806
images/IRAN/game/Choob bazi/translated/3.jpg,https://partojonoob.ir/wp-content/uploads/2024/02/%D8%AA%D8%B1%DA%A9%D9%87-%D8%A8%D8%A7%D8%B2%DB%8C-300x300.jpg,IRAN,game,Choob bazi,translated,افراد در حال بازی چوب‌بازی در ایران,people playing Choob bazi in Iran,0.7655
images/IRAN/game/Choob bazi/english/8.jpg,https://visitiran.ir/public/visitPic/de2e/public/2017-03/khorasani%20dance%20(4).jpg,IRAN,game,Choob bazi,english,people playing Choob bazi in Iran,people playing Choob bazi in Iran,0.7639
images/IRAN/game/Choob bazi/translated/4.jpg,https://cdn.isna.ir/d/off/fars/2020/12/01/3/61792711.jpg,IRAN,game,Choob bazi,translated,افراد در حال بازی چوب‌بازی در ایران,people playing Choob bazi in Iran,0.7616
images/IRAN/game/Haft sang/english/7.jpg,https://i.ytimg.com/vi/Z1QAVnInwF4/hq720.jpg?sqp\u003d-oaymwEhCK4FEIIDSFryq4qpAxMIARUAAAAAGAElAADIQj0AgKJD\u0026rs\u003dAOn4CLA0PpOgGPcHSHq_bfJd1vvpMMebJw,IRAN,game,Haft sang,english,people playing Haft sang in Iran,people playing Haft sang in Iran,0.8097
images/IRAN/game/Haft sang/translated/8.jpg,https://newsmedia.tasnimnews.com/Tasnim/Uploaded/Image/139211261221138222130514.jpg,IRAN,game,Haft sang,translated,افراد در حال بازی هفت سنگ در ایران,people playing Haft sang in Iran,0.8084
images/IRAN/game/Haft sang/english/1.jpg,https://i.ytimg.com/vi/-f3z93gwZ9c/hq720.jpg?sqp\u003d-oaymwEhCK4FEIIDSFryq4qpAxMIARUAAAAAGAElAADIQj0AgKJD\u0026rs\u003dAOn4CLA0hocQW3AKDy_1Cmnh0LlHMLIRJA,IRAN,game,Haft sang,english,people playing Haft sang in Iran,people playing Haft sang in Iran,0.798
images/IRAN/game/Haft sang/english/10.jpeg,https://images.squarespace-cdn.com/content/v1/5e2e09cc10214c6701360d94/1647606317788-0P503LOUHU829NBERNN7/IMG-20220309-WA0002.jpeg,IRAN,game,Haft sang,english,people playing Haft sang in Iran,people playing Haft sang in Iran,0.7694
images/IRAN/game/Haft sang/translated/10.jpg,https://img9.irna.ir/d/r1/2021/02/15/3/157896510.jpg?ts\u003d1670059959379,IRAN,game,Haft sang,translated,افراد در حال بازی هفت سنگ در ایران,people playing Haft sang in Iran,0.7419
images/IRAN/game/Shelem/english/10.jpg,https://i.ytimg.com/vi/2cRiHQRuxJY/hq720.jpg?sqp\u003d-oaymwEhCK4FEIIDSFryq4qpAxMIARUAAAAAGAElAADIQj0AgKJD\u0026rs\u003dAOn4CLDx5LHRcFl2v8ScnV9I3BiVmp0QLw,IRAN,game,Shelem,english,people playing Shelem in Iran,people playing Shelem in Iran,0.7878
images/IRAN/game/Shelem/translated/8.jpg,https://i.ytimg.com/vi/ijTg3Ai3RCk/maxresdefault.jpg,IRAN,game,Shelem,translated,افراد در حال بازی شلم در ایران,people playing Shelem in Iran,0.7108
images/IRAN/game/Shelem/translated/10.jpg,https://flopbaz.net/wp-content/uploads/2023/10/dec-pos1t.jpg,IRAN,game,Shelem,translated,افراد در حال بازی شلم در ایران,people playing Shelem in Iran,0.7026
images/IRAN/game/Shelem/translated/2.jpg,"https://s.cafebazaar.ir/images/upload/screenshot/org.example.chelem3.jpg?x-img\u003dv1/resize,h_600,lossless_false/optimize",IRAN,game,Shelem,translated,افراد در حال بازی شلم در ایران,people playing Shelem in Iran,0.6923
images/IRAN/game/Shelem/english/7.jpg,https://cdn-bgp.bluestacks.com/BGP/us/gametiles_online.game.hokm.shelem.jpg,IRAN,game,Shelem,english,people playing Shelem in Iran,people playing Shelem in Iran,0.692
images/IRAN/game/Zu/translated/8.jpg,https://www.epubfa.ir/wp-content/uploads/2021/06/%D8%A8%D8%A7%D8%B2%DB%8C%E2%80%8C%D9%87%D8%A7%DB%8C-%D9%85%D8%AD%D9%84%DB%8C-%D9%88-%D8%A8%D9%88%D9%85%DB%8C-%D8%A7%DB%8C%D8%B1%D8%A7%D9%86-%D8%A8%D8%A7%D8%B2%DB%8C-%D9%87%D9%81%D8%AA%E2%80%8C%D8%B3%D9%86%DA%AF-310x165.jpg,IRAN,game,Zu,translated,افراد در حال بازی زو در ایران,people playing Zu in Iran,0.8473
images/IRAN/game/Zu/translated/7.jpg,https://setare.com/files/fa/news/1395/11/10/61193_757.jpg,IRAN,game,Zu,translated,افراد در حال بازی زو در ایران,people playing Zu in Iran,0.8044
images/IRAN/game/Zu/translated/2.jpg,https://setare.com/files/1395/11/10/Untitled-1-788x524.jpg,IRAN,game,Zu,translated,افراد در حال بازی زو در ایران,people playing Zu in Iran,0.7399
images/IRAN/game/Zu/translated/4.jpg,https://www.aryakid.com/wp-content/uploads/2022/02/Do-Zoo-games-for-kids.jpg,IRAN,game,Zu,translated,افراد در حال بازی زو در ایران,people playing Zu in Iran,0.6846
images/IRAN/game/Zu/translated/10.jpg,https://cdn.nody.ir/files/2021/09/09/nody-%D8%B9%DA%A9%D8%B3-%D8%A8%D8%A7%D8%B2%DB%8C-%D8%B2%D9%88%D8%A8%D8%A7-1631139310.jpg,IRAN,game,Zu,translated,افراد در حال بازی زو در ایران,people playing Zu in Iran,0.6702
images/IRAN/game/backgammon/translated/9.jpg,https://www.zarifa.ir/wp-content/uploads/2020/09/16361_178.jpg,IRAN,game,backgammon,translated,افراد در حال بازی تخته نرد در ایران,people playing backgammon in Iran,0.8163
images/IRAN/game/backgammon/english/8.jpg,https://www.traveladventures.org/countries/iran/images/golestan-palace14.jpg,IRAN,game,backgammon,english,people playing backgammon in Iran,people playing backgammon in Iran,0.7984
images/IRAN/game/backgammon/translated/3.jpg,https://www.beytoote.com/images/stories/scientific/educational2-game2-backgammon1.jpg,IRAN,game,backgammon,translated,افراد در حال بازی تخته نرد در ایران,people playing backgammon in Iran,0.7561
images/IRAN/game/backgammon/english/6.png,https://www.jta.org/wp-content/uploads/2018/06/Backgammon-580.png,IRAN,game,backgammon,english,people playing backgammon in Iran,people playing backgammon in Iran,0.7428
images/IRAN/game/backgammon/english/9.jpg,https://backgammonleagueme.com/uploads/top_players/photo/500x620/IMG_9034_(1).jpg,IRAN,game,backgammon,english,people playing backgammon in Iran,people playing backgammon in Iran,0.7173
images/IRAN/game/chess/translated/4.jpg,https://media.hamshahrionline.ir/d/2022/03/06/4/4652550.jpg?ts\u003d1646551052000,IRAN,game,chess,translated,افراد در حال بازی شطرنج در ایران,people playing chess in Iran,0.7365
images/IRAN/game/chess/translated/1.jpg,https://media.mehrnews.com/d/2018/03/07/4/2735677.jpg,IRAN,game,chess,translated,افراد در حال بازی شطرنج در ایران,people playing chess in Iran,0.7198
images/IRAN/game/chess/english/7.jpg,http://c.files.bbci.co.uk/7046/production/_91524782_3d826404-4b1e-48fd-80b9-26bd29697c8a.jpg,IRAN,game,chess,english,people playing chess in Iran,people playing chess in Iran,0.7144
images/IRAN/game/chess/translated/5.jpg,https://media.khabaronline.ir/d/2018/12/30/3/5114846.jpg,IRAN,game,chess,translated,افراد در حال بازی شطرنج در ایران,people playing chess in Iran,0.7084
images/IRAN/game/chess/english/4.jpg,https://img9.irna.ir/d/r2/2019/08/07/4/156532864.jpg,IRAN,game,chess,english,people playing chess in Iran,people playing chess in Iran,0.6951
images/IRAN/game/game/english/10.jpg,https://en.ifilmtv.ir/UploadedFiles/Images/02-06-2022/16_54_3809_14_006.jpg,IRAN,game,game,english,people playing game in Iran,people playing game in Iran,0.7617
images/IRAN/game/game/english/5.jpg,https://den.ir/sites/default/files/styles/slideshow_1000x360/public/article_images/7_kk_online_900_6.jpg?itok\u003d1_pak8lx,IRAN,game,game,english,people playing game in Iran,people playing game in Iran,0.7353
images/IRAN/game/game/translated/5.jpg,https://i.ytimg.com/vi/QcTu1lPywXY/sddefault.jpg,IRAN,game,game,translated,افراد در حال بازی کردن در ایران,people playing game in Iran,0.7261
images/IRAN/game/game/translated/1.jpg,https://setare.com/files/1395/11/10/Untitled-1-788x524.jpg,IRAN,game,game,translated,افراد در حال بازی کردن در ایران,people playing game in Iran,0.708
images/IRAN/game/game/translated/2.jpg,https://i.iranintl.com/images/rdk9umy0/production/2df215579cb07d669afc538419c56ebbab65238c-1079x1079.jpg,IRAN,game,game,translated,افراد در حال بازی کردن در ایران,people playing game in Iran,0.6879
images/IRAN/game/soccer/english/3.jpg,https://upload.wikimedia.org/wikipedia/commons/f/f8/Camelia_Fallah_Iranian_football_player_%28Women%27s_football_player%29_2.jpg,IRAN,game,soccer,english,people playing soccer in Iran,people playing soccer in Iran,0.7146
images/IRAN/game/soccer/english/5.jpg,"https://media-cldnry.s-nbcnews.com/image/upload/t_fit-1240w,f_auto,q_auto:best/rockcms/2022-11/221115-iran-world-cup-qualifier-se-517p-f9a722.jpg",IRAN,game,soccer,english,people playing soccer in Iran,people playing soccer in Iran,0.7105
images/IRAN/game/soccer/translated/2.jpg,https://media.hamshahrionline.ir/d/2022/03/19/3/4657255.jpg?ts\u003d1647676481000,IRAN,game,soccer,translated,افراد در حال بازی فوتبال در ایران,people playing soccer in Iran,0.6999
images/IRAN/game/soccer/translated/1.jpg,https://www.tinibt.com/wp-content/uploads/2022/06/gdf.jpg,IRAN,game,soccer,translated,افراد در حال بازی فوتبال در ایران,people playing soccer in Iran,0.6752
images/IRAN/game/soccer/translated/6.jpeg,https://cdn.oddrun.ir/@s/news/images/2025/08/29/17564763490784.jpeg,IRAN,game,soccer,translated,افراد در حال بازی فوتبال در ایران,people playing soccer in Iran,0.6567
images/IRAN/greeting/bow/translated/6.jpg,https://www.bishtarazyek.com/wp-content/uploads/2022/02/8.Pleasant-feeling.jpg,IRAN,greeting,bow,translated,دو نفر در حال احوالپرسی با تعظیم در ایران,two people greeting with bow in Iran,0.831
images/IRAN/greeting/bow/english/8.jpg,https://irantour.tours/images/Iranblog/EtiquetteinIran/Etiquette_in_Iran.jpg,IRAN,greeting,bow,english,two people greeting with bow in Iran,two people greeting with bow in Iran,0.7598
images/IRAN/greeting/bow/translated/2.jpg,https://www.bishtarazyek.com/wp-content/uploads/2024/01/5.Emotional-greetings.jpg,IRAN,greeting,bow,translated,دو نفر در حال احوالپرسی با تعظیم در ایران,two people greeting with bow in Iran,0.7537
images/IRAN/greeting/bow/translated/8.jpg,https://aliamuz.com/wp-content/uploads/2022/07/%DA%A9%D8%A7%D9%88%D8%B1-%D8%B3%D8%B1%D8%B5%D9%81%D8%AD%D9%87-%D9%81%D9%86-%D8%A8%DB%8C%D8%A7%D9%86-%D8%AF%D8%B1-%D8%A7%D8%AD%D9%88%D8%A7%D9%84%D9%BE%D8%B1%D8%B3%DB%8C.jpg,IRAN,greeting,bow,translated,دو نفر در حال احوالپرسی با تعظیم در ایران,two people greeting with bow in Iran,0.7328
images/IRAN/greeting/bow/translated/9.jpg,https://media.khabaronline.ir/d/2023/05/04/2/5848191.jpg?ts\u003d1683201778000,IRAN,greeting,bow,translated,دو نفر در حال احوالپرسی با تعظیم در ایران,two people greeting with bow in Iran,0.7273
images/IRAN/greeting/greeting/translated/5.jpg,https://www.bishtarazyek.com/wp-content/uploads/2022/02/8.Pleasant-feeling.jpg,IRAN,greeting,greeting,translated,افراد در حال سلام و احوالپرسی در ایران,people greeting in Iran,0.7665
images/IRAN/greeting/greeting/translated/7.jpg,https://aliamuz.com/wp-content/uploads/2022/07/%DA%A9%D8%A7%D9%88%D8%B1-%D8%B3%D8%B1%D8%B5%D9%81%D8%AD%D9%87-%D9%81%D9%86-%D8%A8%DB%8C%D8%A7%D9%86-%D8%AF%D8%B1-%D8%A7%D8%AD%D9%88%D8%A7%D9%84%D9%BE%D8%B1%D8%B3%DB%8C.jpg,IRAN,greeting,greeting,translated,افراد در حال سلام و احوالپرسی در ایران,people greeting in Iran,0.7606
images/IRAN/greeting/greeting/english/2.jpg,https://ww2.kqed.org/app/uploads/sites/10/2022/10/RS59217_DSC02020-qut.jpg,IRAN,greeting,greeting,english,people greeting in Iran,people greeting in Iran,0.745
images/IRAN/greeting/greeting/english/10.jpg,https://irantour.tours/images/Iranblog/Hijab-3.jpg,IRAN,greeting,greeting,english,people greeting in Iran,people greeting in Iran,0.7402
images/IRAN/greeting/greeting/english/9.jpg,https://irantour.tours/images/Iranblog/EtiquetteinIran/Etiquette_in_Iran.jpg,IRAN,greeting,greeting,english,people greeting in Iran,people greeting in Iran,0.7374
images/IRAN/greeting/handshake/translated/5.jpg,https://irajsharafi.com/wp-content/uploads/2020/08/greeting.jpg,IRAN,greeting,handshake,translated,دو نفر در حال احوالپرسی با دست دادن در ایران,two people greeting with handshake in Iran,0.8799
images/IRAN/greeting/handshake/translated/2.jpg,https://parsstock.ir/LargePhotos/10252/1493278-%D8%AF%D8%B3%D8%AA-%D8%B2%D8%AF%D9%86-%D8%A8%D9%87-%DA%A9%D8%B3%D8%A8-%D9%88-%DA%A9%D8%A7%D8%B1-%D9%88-%D9%85%D9%81%D8%A7%D9%87%DB%8C%D9%85-%D9%85%D8%B1%D8%A8%D9%88%D8%B7-%D8%A8%D9%87-%D8%A7%D9%81%D8%B1%D8%A7%D8%AF-%D8%AA%D8%AC%D8%A7%D8%B1%DB%8C-%D8%AF%D9%88-%D9%85%D8%B1%D8%AF-%D8%AF%D8%B1-%D8%AD%D8%A7%D9%84-%D8%AA%DA%A9%D8%A7%D9%86-%D8%AF%D8%A7%D8%AF%D9%86-%D8%AF%D8%B3%D8%AA%D8%A7%D9%86-%D8%AC%D8%AF%D8%A7-%D8%B4%D8%AF%D9%87-%D8%AF%D8%B1-%D8%B2%D9%85%DB%8C%D9%86%D9%87-%D8%B3%D9%81%DB%8C%D8%AF-%D8%AA%D8%B5%D9%88%DB%8C%D8%B1-%DA%A9%D9%84%D9%88%D8%B2%D8%A2%D9%BE-%D8%A7%D8%B2-%DB%8C%DA%A9-%D8%AF%D8%B3%D8%AA-%D9%85%D8%AD%DA%A9%D9%85-%D8%A8%DB%8C%D9%86-%D8%AF%D9%88-%D9%87%D9%85%DA%A9%D8%A7%D8%B1.jpg,IRAN,greeting,handshake,translated,دو نفر در حال احوالپرسی با دست دادن در ایران,two people greeting with handshake in Iran,0.8356
images/IRAN/greeting/handshake/english/1.jpg,https://static-cdn.toi-media.com/www/uploads/2012/09/Mideast-Iran-Nonalign_Horo.jpg,IRAN,greeting,handshake,english,two people greeting with handshake in Iran,two people greeting with handshake in Iran,0.7824
images/IRAN/greeting/handshake/english/7.jpg,https://www.datocms-assets.com/36798/1722346413-172232810041244700.jpg?crop\u003dfocalpoint\u0026fit\u003dcrop\u0026h\u003d478\u0026w\u003d850,IRAN,greeting,handshake,english,two people greeting with handshake in Iran,two people greeting with handshake in Iran,0.7823
images/IRAN/greeting/handshake/english/8.jpg,https://d39raawggeifpx.cloudfront.net/styles/16_9_desktop/s3/articleimages/175420871522625700.jpg,IRAN,greeting,handshake,english,two people greeting with handshake in Iran,two people greeting with handshake in Iran,0.774
images/IRAN/greeting/three-kiss/english/1.jpg,https://vid.alarabiya.net/images/2020/02/03/40c571cd-f48b-43ab-af4a-826d94498136/40c571cd-f48b-43ab-af4a-826d94498136.jpg?crop\u003d4:3\u0026width\u003d1200,IRAN,greeting,three-kiss,english,two people greeting with three-kiss in Iran,two people greeting with three-kiss in Iran,0.7869
images/IRAN/greeting/three-kiss/english/7.jpg,https://culturalcomparisonscom2722014.wordpress.com/wp-content/uploads/2014/10/kiss.jpg,IRAN,greeting,three-kiss,english,two people greeting with three-kiss in Iran,two people greeting with three-kiss in Iran,0.7129
images/IRAN/greeting/three-kiss/english/3.jpg,"https://lp-cms-production.imgix.net/2024-08/UAE-rubbing-noses.jpg?auto\u003dformat,compress\u0026q\u003d72\u0026fit\u003dcrop",IRAN,greeting,three-kiss,english,two people greeting with three-kiss in Iran,two people greeting with three-kiss in Iran,0.704
images/IRAN/greeting/three-kiss/translated/8.jpg,https://cdn.nody.ir/files/2021/06/30/nody2-%D8%B9%DA%A9%D8%B3-%D8%AF%D9%88%D9%86%D9%81%D8%B1%D9%87-%D8%B9%D8%A7%D8%B4%D9%82%D8%A7%D9%86%D9%87-%D8%AF%D8%B1-%D8%AD%D8%A7%D9%84-%D8%A8%D9%88%D8%B3%DB%8C%D8%AF%D9%86-1625069309.jpg,IRAN,greeting,three-kiss,translated,دو نفر در حال احوالپرسی با سه بوسه در ایران,two people greeting with three-kiss in Iran,0.679
images/IRAN/greeting/three-kiss/english/9.jpg,https://vid.alarabiya.net/images/2014/05/04/0b45d0b4-9298-47f5-8f27-63a2811a8a8f/0b45d0b4-9298-47f5-8f27-63a2811a8a8f.jpg?width\u003d555\u0026format\u003djpg,IRAN,greeting,three-kiss,english,two people greeting with three-kiss in Iran,two people greeting with three-kiss in Iran,0.6771
images/IRAN/religious/muharram/translated/2.jpg,https://media.khabaronline.ir/d/2024/07/14/4/6063336.jpg?ts\u003d1720949680000,IRAN,religious,muharram,translated,مراسم محرم در ایران,Muharram ceremony in Iran,0.8663
images/IRAN/religious/muharram/english/2.jpg,https://irandoostan.com/dostcont/uploads/2021/08/Ashura-Yazd.jpg,IRAN,religious,muharram,english,Muharram ceremony in Iran,Muharram ceremony in Iran,0.8634
images/IRAN/religious/muharram/translated/4.jpg,https://cdn.asriran.com/files/fa/news/1392/8/23/315357_330.jpg,IRAN,religious,muharram,translated,مراسم محرم در ایران,Muharram ceremony in Iran,0.8348
images/IRAN/religious/muharram/english/1.jpg,https://www.adventureiran.com/wp-content/uploads/2022/01/Muharram-in-Iran-e1710515959460.jpg,IRAN,religious,muharram,english,Muharram ceremony in Iran,Muharram ceremony in Iran,0.821
images/IRAN/religious/muharram/translated/9.jpeg,https://last-cdn.com/2019/09/03/1bpXu7AJYnD3bM5QtNOJ7OZFk7Fe7xQXkfhVm6g5.jpeg,IRAN,religious,muharram,translated,مراسم محرم در ایران,Muharram ceremony in Iran,0.8201
images/IRAN/religious/praying/english/5.jpg,https://newsmedia.tasnimnews.com/Tasnim/Uploaded/Image/1399/03/04/1399030408334964120473034.jpg,IRAN,religious,praying,english,people praying in Iran,people praying in Iran,0.8554
images/IRAN/religious/praying/english/8.jpeg,https://www.aljazeera.com/wp-content/uploads/2020/05/ae421e95877f486281b76e6997f01054_18.jpeg?resize\u003d770%2C513\u0026quality\u003d80,IRAN,religious,praying,english,people praying in Iran,people praying in Iran,0.851
images/IRAN/religious/praying/english/3.jpg,https://d3dqioy2sca31t.cloudfront.net/Projects/cms/production/000/029/555/original/49c91df45caa042b66b26d98dccac4f8/iran-praying-upright.jpg,IRAN,religious,praying,english,people praying in Iran,people praying in Iran,0.8421
images/IRAN/religious/praying/english/10.jpg,https://www.pbs.org/wgbh/pages/frontline/tehranbureau/legacyimg/2009/07/friday12.jpg,IRAN,religious,praying,english,people praying in Iran,people praying in Iran,0.8176
images/IRAN/religious/praying/english/7.jpeg,https://images.pond5.com/iran-men-praying-inside-mosque-033650152_prevstill.jpeg,IRAN,religious,praying,english,people praying in Iran,people praying in Iran,0.7829
images/IRAN/religious/religious/english/8.jpg,https://unesco-tichct.ir/wp-content/uploads/2024/02/15248-HUG.jpg,IRAN,religious,religious,english,people participating in a traditional religious event in Iran,people participating in a traditional religious event in Iran,0.8291
images/IRAN/religious/religious/translated/5.jpg,https://www.beytoote.com/images/stories/economic/en5365.jpg,IRAN,religious,religious,translated,افراد در حال شرکت در مراسم مذهبی سنتی در ایران,people participating in a traditional religious event in Iran,0.8247
images/IRAN/religious/religious/english/1.jpg,https://jinhaagency.com/uploads/en/articles/2023/11/20231102-20231102-20231101-102218-jpg59cdd4-image-jpg07db77-image-jpga42b49-image.jpg,IRAN,religious,religious,english,people participating in a traditional religious event in Iran,people participating in a traditional religious event in Iran,0.8028
images/IRAN/religious/religious/english/3.jpg,https://a57.foxnews.com/static.foxnews.com/foxnews.com/content/uploads/2024/01/1200/675/Iran-Fire.jpg?ve\u003d1\u0026tl\u003d1,IRAN,religious,religious,english,people participating in a traditional religious event in Iran,people participating in a traditional religious event in Iran,0.8022
images/IRAN/religious/religious/translated/8.jpg,https://newsmedia.tasnimnews.com/Tasnim/Uploaded/Image/1403/07/13/140307131202047031127634.jpg,IRAN,religious,religious,translated,افراد در حال شرکت در مراسم مذهبی سنتی در ایران,people participating in a traditional religious event in Iran,0.7972
images/IRAN/religious/tazieh/english/5.jpg,https://cdn1.iranpress.com/image/2/innermedia/2023/07/31/638264125082245200.jpg,IRAN,religious,tazieh,english,Tazieh performance in Iran,Tazieh performance in Iran,0.8816
images/IRAN/religious/tazieh/english/4.jpg,https://pbs.twimg.com/media/DnXXOhpU8AEHZ4o.jpg,IRAN,religious,tazieh,english,Tazieh performance in Iran,Tazieh performance in Iran,0.8387
images/IRAN/religious/tazieh/english/7.jpg,https://media.mehrnews.com/d/2025/03/05/3/5408831.jpg?ts\u003d1741159740774,IRAN,religious,tazieh,english,Tazieh performance in Iran,Tazieh performance in Iran,0.8296
images/IRAN/religious/tazieh/translated/3.jpg,https://cdn.isna.ir/d/2019/09/03/3/57937291.jpg,IRAN,religious,tazieh,translated,اجرای تعزیه در ایران,Tazieh performance in Iran,0.781
images/IRAN/religious/tazieh/english/1.jpg,https://pbs.twimg.com/media/DnXXP0HUYAAChkA.jpg,IRAN,religious,tazieh,english,Tazieh performance in Iran,Tazieh performance in Iran,0.7774
images/IRAN/wedding/wedding/translated/5.jpg,https://nabzkhabar.ir/wp-content/uploads/2020/02/1661017703-talab-org.jpg,IRAN,wedding,wedding,translated,جشن عروسی در ایران,wedding celebration in Iran,0.7917
images/IRAN/wedding/wedding/translated/1.jpg,https://www.beytoote.com/images/stories/wedlock/e3.jpg,IRAN,wedding,wedding,translated,جشن عروسی در ایران,wedding celebration in Iran,0.7757
images/IRAN/wedding/wedding/english/9.jpg,https://cdn.shopify.com/s/files/1/1221/9418/files/wedding_iran.jpg?14988315142467617831,IRAN,wedding,wedding,english,wedding celebration in Iran,wedding celebration in Iran,0.7713
images/IRAN/wedding/wedding/translated/8.jpg,https://www.aroosin.com/Files/MagPoster/%20%D9%BE%D9%88%D8%B3%D8%AA%D8%B1%20-431368755%D8%B9%D8%B1%D9%88%D8%B3%DB%8C%20%D8%A7%DB%8C%D8%B1%D8%A7%D9%86%DB%8C.jpg,IRAN,wedding,wedding,translated,جشن عروسی در ایران,wedding celebration in Iran,0.7701
images/IRAN/wedding/wedding/english/5.jpg,https://wp-media-partyslate.imgix.net/2022/08/elegant-persian-wedding-at-westfields-marriott-in-chantilly-va_1230745.jpg?auto\u003dcompress%2Cformat\u0026fit\u003dscale\u0026h\u003d841\u0026ixlib\u003dphp-3.3.1\u0026w\u003d1260\u0026wpsize\u003dhuge,IRAN,wedding,wedding,english,wedding celebration in Iran,wedding celebration in Iran,0.7622
images/ITALY/celebration/calcio storico fiorentino/translated/4.jpg,https://cdn.huopenair.com/huopenair/sbandieratori.jpg,ITALY,celebration,calcio storico fiorentino,translated,persone che partecipano al Calcio Storico Fiorentino in Italia,people participating in Calcio Storico Fiorentino in Italy,0.9411
images/ITALY/celebration/calcio storico fiorentino/english/3.jpg,https://i.ytimg.com/vi/Gf02zvm-5sg/maxresdefault.jpg?sqp\u003d-oaymwEmCIAKENAF8quKqQMa8AEB-AH-CYAC0AWKAgwIABABGFQgWyhlMA8\u003d\u0026rs\u003dAOn4CLBpAZFDl1_fZd1XeOhDKQnWJI_uhg,ITALY,celebration,calcio storico fiorentino,english,people participating in Calcio Storico Fiorentino in Italy,people participating in Calcio Storico Fiorentino in Italy,0.9285
images/ITALY/celebration/calcio storico fiorentino/english/10.jpg,https://italysegreta.com/wp-content/uploads/2023/06/w1500h740fitfillfcenter___images.ctfassets.net_7dc7gq8ix1ml_3cdQWhRZwhlY1AAxziOCGF_0add0dc3d4fddbd9165531a186429fc0_DSCF9215-1400x691.jpg,ITALY,celebration,calcio storico fiorentino,english,people participating in Calcio Storico Fiorentino in Italy,people participating in Calcio Storico Fiorentino in Italy,0.9004
images/ITALY/celebration/calcio storico fiorentino/translated/5.jpg,https://www.ilpost.it/wp-content/uploads/2012/12/Il-documentario-sul-calcio-fiorentino.jpg,ITALY,celebration,calcio storico fiorentino,translated,persone che partecipano al Calcio Storico Fiorentino in Italia,people participating in Calcio Storico Fiorentino in Italy,0.8791
images/ITALY/celebration/calcio storico fiorentino/translated/10.png,https://www.055firenze.it/ridimensiona.html/cms/1920/1080/100_100_100/cms/custom/files/100005/ct50012_id213825_t1/Immagine_2022-06-08_103326.png,ITALY,celebration,calcio storico fiorentino,translated,persone che partecipano al Calcio Storico Fiorentino in Italia,people participating in Calcio Storico Fiorentino in Italy,0.8614
images/ITALY/celebration/carnevale di venezia/translated/5.jpg,https://www.bloggaviaggio.com/wp-content/uploads/2022/03/carnevale-venezia.jpg,ITALY,celebration,carnevale di venezia,translated,persone che partecipano al Carnevale di Venezia in Italia,people participating in Carnevale di Venezia in Italy,1.0
images/ITALY/celebration/carnevale di venezia/translated/10.jpg,https://statics.cedscdn.it/photos/MED_HIGH/18/42/7901842_29122706_carnevale_san_marco.jpg,ITALY,celebration,carnevale di venezia,translated,persone che partecipano al Carnevale di Venezia in Italia,people participating in Carnevale di Venezia in Italy,0.9345
images/ITALY/celebration/carnevale di venezia/translated/9.jpg,https://www.bloggaviaggio.com/wp-content/uploads/2022/03/carnevale-venezia-costume-696x464.jpg,ITALY,celebration,carnevale di venezia,translated,persone che partecipano al Carnevale di Venezia in Italia,people participating in Carnevale di Venezia in Italy,0.9145
images/ITALY/celebration/carnevale di venezia/english/3.jpg,https://www.italyguides.it/images/veneto/venezia/blog/carnevale02.jpg,ITALY,celebration,carnevale di venezia,english,people participating in Carnevale di Venezia in Italy,people participating in Carnevale di Venezia in Italy,0.9019
images/ITALY/celebration/carnevale di venezia/translated/2.jpg,https://siviaggia.it/wp-content/uploads/sites/2/2023/01/Carnevale-Venezia-2025.jpg?w\u003d350\u0026h\u003d197\u0026quality\u003d80\u0026strip\u003dall\u0026crop\u003d1,ITALY,celebration,carnevale di venezia,translated,persone che partecipano al Carnevale di Venezia in Italia,people participating in Carnevale di Venezia in Italy,0.8961
images/ITALY/celebration/celebration/translated/3.jpg,https://www.uciimtorino.it/europa/immagini_europa_insintonia/imm_occlitur_festapopol1.jpg,ITALY,celebration,celebration,translated,persone che partecipano a una festa o ricorrenza tradizionale in Italia,people participating in a traditional festival or observance in Italy,0.7714
images/ITALY/celebration/celebration/english/7.jpg,https://marcodilauro.com/wp-content/uploads/2015/09/MDL_ITALIAN_CELEBRATION005-1024x683.jpg,ITALY,celebration,celebration,english,people participating in a traditional festival or observance in Italy,people participating in a traditional festival or observance in Italy,0.7597
images/ITALY/celebration/celebration/english/4.jpeg,https://www.walksofitaly.com/blog/wp-content/uploads/2020/01/Romes_Birthday_Parade_2012_-_panoramio.jpeg,ITALY,celebration,celebration,english,people participating in a traditional festival or observance in Italy,people participating in a traditional festival or observance in Italy,0.7557
images/ITALY/celebration/celebration/english/6.png,https://touritalynow.com/wp-content/uploads/2019/09/Scoppio-del-Carro-Florence.png,ITALY,celebration,celebration,english,people participating in a traditional festival or observance in Italy,people participating in a traditional festival or observance in Italy,0.7546
images/ITALY/celebration/celebration/english/10.jpeg,https://www.walksofitaly.com/blog/wp-content/uploads/2020/01/Sagre_2014_-_6998.jpeg,ITALY,celebration,celebration,english,people participating in a traditional festival or observance in Italy,people participating in a traditional festival or observance in Italy,0.7404
images/ITALY/celebration/la notte della taranta/translated/10.jpg,https://www.salentoweb.tv/sites/default/files/images/news/21/07/2015_-_1305/taranta.jpg,ITALY,celebration,la notte della taranta,translated,persone che partecipano a La Notte della Taranta in Italia,people participating in La Notte della Taranta in Italy,0.7753
images/ITALY/celebration/la notte della taranta/translated/1.jpg,https://www.ansa.it/webimages/img_700/2019/8/25/98d336343b39f8980bc9583fcd827311.jpg,ITALY,celebration,la notte della taranta,translated,persone che partecipano a La Notte della Taranta in Italia,people participating in La Notte della Taranta in Italy,0.7707
images/ITALY/celebration/la notte della taranta/english/1.jpg,https://www.marianolight.it/wp-content/uploads/2022/09/Marianolight-22-Melpignano-Notte-della-taranta-1.jpg,ITALY,celebration,la notte della taranta,english,people participating in La Notte della Taranta in Italy,people participating in La Notte della Taranta in Italy,0.733
images/ITALY/celebration/la notte della taranta/english/6.jpg,https://www.italybyevents.com/wp-content/uploads/2016/03/Puglia-Notte_dellaTaranta.jpg,ITALY,celebration,la notte della taranta,english,people participating in La Notte della Taranta in Italy,people participating in La Notte della Taranta in Italy,0.7206
images/ITALY/celebration/la notte della taranta/translated/6.jpg,https://postiepasti.com/wp-content/uploads/2022/10/IMMAGINE-7_NOTTEDELLATARANTA.jpg,ITALY,celebration,la notte della taranta,translated,persone che partecipano a La Notte della Taranta in Italia,people participating in La Notte della Taranta in Italy,0.7175
images/ITALY/celebration/new year/english/1.jpg,https://ilglobo.com/media/listing_images/2017/03/22/fny.jpg,ITALY,celebration,new year,english,people participating in New Year in Italy,people participating in New Year in Italy,0.7918
images/ITALY/celebration/new year/translated/10.jpg,https://www.corriere.it/methode_image/2021/12/31/Interni/Foto%20Interni%20-%20Trattate/5427ec46c125d9ec13154f90bcb5cddf-k0FH-U33101122203030EZD-656x492@Corriere-Web-Sezioni.jpg,ITALY,celebration,new year,translated,persone che partecipano al Capodanno in Italia,people participating in New Year in Italy,0.7829
images/ITALY/celebration/new year/translated/1.jpg,https://travel.thewom.it/content/uploads/sites/4/2024/12/Capodanno-in-Italia.jpg,ITALY,celebration,new year,translated,persone che partecipano al Capodanno in Italia,people participating in New Year in Italy,0.7739
images/ITALY/celebration/new year/english/9.jpg,https://www.italyperfect.com/blog/wp-content/uploads/2018/12/5-New-Years-Traditions-in-Italy-by-Italy-Perfect3.jpg,ITALY,celebration,new year,english,people participating in New Year in Italy,people participating in New Year in Italy,0.7691
images/ITALY/celebration/new year/english/10.png,https://romeitalytravel.com/wp-content/uploads/2023/12/5-2-1024x576.png,ITALY,celebration,new year,english,people participating in New Year in Italy,people participating in New Year in Italy,0.7649
images/ITALY/celebration/palio di siena/translated/5.jpg,https://www.ilpaliodisiena.eu/Palio/Regole/immagini/contrade%20estinte.jpg,ITALY,celebration,palio di siena,translated,persone che partecipano al Palio di Siena in Italia,people participating in Palio di Siena in Italy,0.961
images/ITALY/celebration/palio di siena/english/8.jpg,"https://www.visittuscany.com/shared/visittuscany/immagini/siena-palio-tuscany.jpg?__scale\u003dw:1920,h:1000,t:2,q:85",ITALY,celebration,palio di siena,english,people participating in Palio di Siena in Italy,people participating in Palio di Siena in Italy,0.921
images/ITALY/celebration/palio di siena/english/4.jpg,"https://cdn.contexttravel.com/image/upload/w_1500,q_60/v1680800153/blog/Siena%2C%20Italy:%20An%20Insider%27s%20Guide%20to%20Planning%20Your%20Visit%20to%20the%20Siena%20Palio/22.jpg",ITALY,celebration,palio di siena,english,people participating in Palio di Siena in Italy,people participating in Palio di Siena in Italy,0.9161
images/ITALY/celebration/palio di siena/english/5.jpg,https://media.cntraveller.com/photos/611bf2bbdb797d0116fd502e/master/w_1600%2Cc_limit/palio-di-siena-horse-race-siena-italy-conde-nast-traveller-21sept15-pr_2.jpg,ITALY,celebration,palio di siena,english,people participating in Palio di Siena in Italy,people participating in Palio di Siena in Italy,0.9085
images/ITALY/celebration/palio di siena/translated/7.jpg,https://www.varesenews.it/photogallery_new/images/2024/07/palio-siena-1696665.610x431.jpg,ITALY,celebration,palio di siena,translated,persone che partecipano al Palio di Siena in Italia,people participating in Palio di Siena in Italy,0.8954
images/ITALY/concert/concert/english/5.jpg,https://assets.italianamericanherald.com/2025/05/Cover_Working-June2025_1200x800.jpg,ITALY,concert,concert,english,concert in Italy,concert in Italy,0.789
images/ITALY/concert/concert/translated/4.jpeg,https://www.milanotoday.it/~media/horizontal-hi/7842687258631/concerto-radio-italia-live-2025-duomo.jpeg,ITALY,concert,concert,translated,concerto in Italia,concert in Italy,0.7794
images/ITALY/concert/concert/english/4.jpg,https://selectitaly.com/blog/wp-content/uploads/2013/08/3122.jpg,ITALY,concert,concert,english,concert in Italy,concert in Italy,0.7595
images/ITALY/concert/concert/translated/5.png,https://www.chigiana.org/wp-content/uploads/15-luglio-2022-1.png,ITALY,concert,concert,translated,concerto in Italia,concert in Italy,0.7321
images/ITALY/concert/concert/translated/7.jpg,https://www.gedistatic.it/content/gnn/img/lastampa/2022/05/20/112403460-43690d5f-0fe5-4a6d-8e3c-b933392571ce.jpg,ITALY,concert,concert,translated,concerto in Italia,concert in Italy,0.7304
images/ITALY/concert/indoor/english/1.jpg,https://www.vivovenetia.com/wp-content/uploads/2016/04/venezia-di-sera-concerto-musica-classica-1024x768.jpg,ITALY,concert,indoor,english,indoor concert in Italy,indoor concert in Italy,0.8405
images/ITALY/concert/indoor/english/3.png,https://www.michelangelo.travel/fileadmin/_processed_/f/5/csm_08_Venice_TeatroLaFenice_fenice_95810534df.png,ITALY,concert,indoor,english,indoor concert in Italy,indoor concert in Italy,0.7858
images/ITALY/concert/indoor/translated/2.jpg,https://www.raiplay.it/resizegd/1440x-/dl/img/2022/07/25/1658752871019_2048x1152.jpg,ITALY,concert,indoor,translated,concerto al chiuso in Italia,indoor concert in Italy,0.7694
images/ITALY/concert/indoor/english/4.jpg,https://selectitaly.com/blog/wp-content/uploads/2013/08/3122.jpg,ITALY,concert,indoor,english,indoor concert in Italy,indoor concert in Italy,0.7657
images/ITALY/concert/indoor/english/10.jpg,https://mbbm-bso.com/projects/photos/M83909_03.jpg,ITALY,concert,indoor,english,indoor concert in Italy,indoor concert in Italy,0.7335
images/ITALY/concert/outdoor/translated/1.jpg,https://www.intoscana.it/wp-content/uploads/LIRICA-IN-PIAZZA.jpg,ITALY,concert,outdoor,translated,concerto all'aperto in Italia,outdoor concert in Italy,0.8767
images/ITALY/concert/outdoor/english/9.jpg,https://i.pinimg.com/736x/fb/9b/4b/fb9b4be3dbfb89b7446051262e85ec19.jpg,ITALY,concert,outdoor,english,outdoor concert in Italy,outdoor concert in Italy,0.8221
images/ITALY/concert/outdoor/english/6.jpg,https://dynamic-media-cdn.tripadvisor.com/media/photo-o/08/a6/ae/91/ravello-festival-2015.jpg?w\u003d900\u0026h\u003d500\u0026s\u003d1,ITALY,concert,outdoor,english,outdoor concert in Italy,outdoor concert in Italy,0.8066
images/ITALY/concert/outdoor/english/8.jpg,https://i.ytimg.com/vi/ADsl5yakB7s/maxresdefault.jpg,ITALY,concert,outdoor,english,outdoor concert in Italy,outdoor concert in Italy,0.7977
images/ITALY/concert/outdoor/translated/9.png,https://www.chigiana.org/wp-content/uploads/15-luglio-2022-1.png,ITALY,concert,outdoor,translated,concerto all'aperto in Italia,outdoor concert in Italy,0.7948
images/ITALY/dancing/dancing/translated/8.jpg,https://i.ytimg.com/vi/NJaZfKJZhQM/sddefault.jpg?sqp\u003d-oaymwEmCIAFEOAD8quKqQMa8AEB-AHOBYACkAOKAgwIABABGGwgbChsMA8\u003d\u0026rs\u003dAOn4CLClVbcExs6zON7lamIHKJ-ZKf8OAg,ITALY,dancing,dancing,translated,persone che ballano in Italia,people dancing in Italy,0.8591
images/ITALY/dancing/dancing/english/9.jpg,https://i.ytimg.com/vi/NkBWD0FPKZI/hqdefault.jpg?v\u003d66286270,ITALY,dancing,dancing,english,people dancing in Italy,people dancing in Italy,0.8451
images/ITALY/dancing/dancing/english/3.jpg,https://i.pinimg.com/474x/c7/ac/b5/c7acb59419b67010bf23e9cd6ed767f0.jpg,ITALY,dancing,dancing,english,people dancing in Italy,people dancing in Italy,0.7866
images/ITALY/dancing/dancing/english/8.png,https://hipsdontlie.com/wp-content/uploads/2025/04/italian-dance-performance-page-optimized.png,ITALY,dancing,dancing,english,people dancing in Italy,people dancing in Italy,0.7808
images/ITALY/dancing/dancing/english/5.jpg,https://www.lagazzettaitaliana.com/media/k2/items/cache/35e298b270e49311eadb01b32399cfd3_XL.jpg,ITALY,dancing,dancing,english,people dancing in Italy,people dancing in Italy,0.7442
images/ITALY/dancing/furlana/translated/3.jpg,https://i.ytimg.com/vi/3pHHa1o6ffk/sddefault.jpg,ITALY,dancing,furlana,translated,persone che ballano la furlana in Italia,people dancing furlana in Italy,0.8622
images/ITALY/dancing/furlana/translated/2.jpeg,https://blogger.googleusercontent.com/img/b/R29vZ2xl/AVvXsEhT35mxIFgAqcI7KRC3Rscx_j4mlRfzDT5zaR_YhDw4kI57adcBoebo2EXOao0NpSK5b3TLR4hGqKihhDF2-pqKL1DRtm3U-SaQgiBaUrQVTje5NNyHZF1GMkZdlOMAsRqd9fDpPaSLmWAQ0XvqIbDNq91ZAv1fYYNcArsS4bmXx2tkeZPIcReQyw/w300-h400/Feston_foto%20Luca%20Xodo.jpeg,ITALY,dancing,furlana,translated,persone che ballano la furlana in Italia,people dancing furlana in Italy,0.8577
images/ITALY/dancing/furlana/english/5.jpg,https://i.ytimg.com/vi/NkBWD0FPKZI/hqdefault.jpg?v\u003d66286270,ITALY,dancing,furlana,english,people dancing furlana in Italy,people dancing furlana in Italy,0.8543
images/ITALY/dancing/furlana/english/6.jpg,https://folkdanceworld.com/images/2010/12/tarantella-italian-folk-dance.jpg,ITALY,dancing,furlana,english,people dancing furlana in Italy,people dancing furlana in Italy,0.8345
images/ITALY/dancing/furlana/english/7.jpg,https://i.ytimg.com/vi/c62vAhUI4Gw/hqdefault.jpg?sqp\u003d-oaymwEmCOADEOgC8quKqQMa8AEB-AH-BIAC4AOKAgwIABABGE0gXChlMA8\u003d\u0026rs\u003dAOn4CLDyJHuo6mke46CyaOoqxnKjby6jAg,ITALY,dancing,furlana,english,people dancing furlana in Italy,people dancing furlana in Italy,0.813
images/ITALY/dancing/pizzica/translated/9.jpg,https://i.ytimg.com/vi/fvSfeCDVgnM/hq720.jpg?sqp\u003d-oaymwEhCK4FEIIDSFryq4qpAxMIARUAAAAAGAElAADIQj0AgKJD\u0026rs\u003dAOn4CLCKYnxxdlJ9S5xkcJaxGJX6V3y3hg,ITALY,dancing,pizzica,translated,persone che ballano la pizzica in Italia,people dancing pizzica in Italy,0.9211
images/ITALY/dancing/pizzica/translated/5.jpg,https://video.salento.it/wp-content/uploads/2022/11/dove-si-puo-sentire-la-pizzica-salentina.jpg,ITALY,dancing,pizzica,translated,persone che ballano la pizzica in Italia,people dancing pizzica in Italy,0.8546
images/ITALY/dancing/pizzica/english/5.jpg,https://i.ytimg.com/vi/du2YzW793oU/hqdefault.jpg?sqp\u003d-oaymwEmCOADEOgC8quKqQMa8AEB-AG-AoAC8AGKAgwIABABGGUgXChKMA8\u003d\u0026rs\u003dAOn4CLAyFGjIzJUYNfOKrXuRUq5LQmG7zA,ITALY,dancing,pizzica,english,people dancing pizzica in Italy,people dancing pizzica in Italy,0.8307
images/ITALY/dancing/pizzica/english/3.jpg,https://img.atlasobscura.com/DJFKoWioLdlhCqCKUiLAuGdiDV3TWG2oDzdCOG9YDao/rs:fill:600:800:1/g:ce/q:81/sm:1/scp:1/ar:1/aHR0cHM6Ly9hdGxh/cy1kZXYuczMuYW1h/em9uYXdzLmNvbS91/cGxvYWRzL2V4cGVy/aWVuY2Vfc2VyaWVz/X2ltYWdlcy84MGYw/NjNiMS1iYWEwLTRi/NWMtYmIzZi0xNmEx/Njk3MDIwYTdkNDhl/ZDFjMTQ5NDZlNzMy/NzVfVW50aXRsZWQu/anBn.jpg,ITALY,dancing,pizzica,english,people dancing pizzica in Italy,people dancing pizzica in Italy,0.8048
images/ITALY/dancing/pizzica/translated/4.jpg,https://i.ytimg.com/vi/ZQJS2aJSe8I/hqdefault.jpg,ITALY,dancing,pizzica,translated,persone che ballano la pizzica in Italia,people dancing pizzica in Italy,0.7898
images/ITALY/dancing/saltarello/translated/7.jpg,http://www.limattidemonteco.it/wp-content/uploads/2012/11/fermo.jpg,ITALY,dancing,saltarello,translated,persone che ballano il saltarello in Italia,people dancing saltarello in Italy,0.8708
images/ITALY/dancing/saltarello/english/4.jpg,https://discoverplaces.travel/images/Che-foto.jpg,ITALY,dancing,saltarello,english,people dancing saltarello in Italy,people dancing saltarello in Italy,0.836
images/ITALY/dancing/saltarello/english/10.jpg,https://upload.wikimedia.org/wikipedia/commons/8/8d/Saltarelle_by_Bartolomeo_Pinelli.jpg,ITALY,dancing,saltarello,english,people dancing saltarello in Italy,people dancing saltarello in Italy,0.7967
images/ITALY/dancing/saltarello/english/1.jpg,https://eccolemarche.eu/wp-content/uploads/2019/10/P1170636-300x225.jpg,ITALY,dancing,saltarello,english,people dancing saltarello in Italy,people dancing saltarello in Italy,0.7889
images/ITALY/dancing/saltarello/english/6.jpg,https://www.socalfolkdance.org/images/italian_tarantella_dancers.jpg,ITALY,dancing,saltarello,english,people dancing saltarello in Italy,people dancing saltarello in Italy,0.784
images/ITALY/dancing/tammurriata/translated/9.jpg,http://elpregonero.info/fotos-midis/Tammurriata-2.jpg,ITALY,dancing,tammurriata,translated,persone che ballano la tammurriata in Italia,people dancing tammurriata in Italy,0.8761
images/ITALY/dancing/tammurriata/translated/6.jpg,https://grandenapoli.it/wp-content/uploads/2021/04/tammurriatanera.jpg,ITALY,dancing,tammurriata,translated,persone che ballano la tammurriata in Italia,people dancing tammurriata in Italy,0.8606
images/ITALY/dancing/tammurriata/english/5.jpg,https://www.socalfolkdance.org/images/italian_tarantella_dancers.jpg,ITALY,dancing,tammurriata,english,people dancing tammurriata in Italy,people dancing tammurriata in Italy,0.7911
images/ITALY/dancing/tammurriata/translated/5.jpg,http://www.prolococervinara.it/wp-content/uploads/2012/11/Immagine49.jpg,ITALY,dancing,tammurriata,translated,persone che ballano la tammurriata in Italia,people dancing tammurriata in Italy,0.7825
images/ITALY/dancing/tammurriata/english/6.jpg,https://i.ytimg.com/vi/7tYMIEBNeZo/hq720.jpg?sqp\u003d-oaymwE7CK4FEIIDSFryq4qpAy0IARUAAAAAGAElAADIQj0AgKJD8AEB-AH-CYAC0AWKAgwIABABGHIgXChDMA8\u003d\u0026rs\u003dAOn4CLBXs3L4Drl5kWpA--hVuwCTr6oP-g,ITALY,dancing,tammurriata,english,people dancing tammurriata in Italy,people dancing tammurriata in Italy,0.7638
images/ITALY/dancing/tarantella/translated/9.jpg,http://www.lamuffrina.it/balli/image011.jpg,ITALY,dancing,tarantella,translated,persone che ballano la tarantella in Italia,people dancing tarantella in Italy,0.8695
images/ITALY/dancing/tarantella/translated/8.jpg,https://i.ytimg.com/vi/_IuHP0Qlq4M/maxresdefault.jpg,ITALY,dancing,tarantella,translated,persone che ballano la tarantella in Italia,people dancing tarantella in Italy,0.8388
images/ITALY/dancing/tarantella/english/2.jpg,https://img.atlasobscura.com/DJFKoWioLdlhCqCKUiLAuGdiDV3TWG2oDzdCOG9YDao/rs:fill:600:800:1/g:ce/q:81/sm:1/scp:1/ar:1/aHR0cHM6Ly9hdGxh/cy1kZXYuczMuYW1h/em9uYXdzLmNvbS91/cGxvYWRzL2V4cGVy/aWVuY2Vfc2VyaWVz/X2ltYWdlcy84MGYw/NjNiMS1iYWEwLTRi/NWMtYmIzZi0xNmEx/Njk3MDIwYTdkNDhl/ZDFjMTQ5NDZlNzMy/NzVfVW50aXRsZWQu/anBn.jpg,ITALY,dancing,tarantella,english,people dancing tarantella in Italy,people dancing tarantella in Italy,0.8352
images/ITALY/dancing/tarantella/english/3.jpg,https://www.lagazzettaitaliana.com/media/k2/items/cache/35e298b270e49311eadb01b32399cfd3_XL.jpg,ITALY,dancing,tarantella,english,people dancing tarantella in Italy,people dancing tarantella in Italy,0.8258
images/ITALY/dancing/tarantella/english/6.jpg,https://www.socalfolkdance.org/images/italian_tarantella_dancers.jpg,ITALY,dancing,tarantella,english,people dancing tarantella in Italy,people dancing tarantella in Italy,0.8178
images/ITALY/eating/eating/translated/8.jpg,https://i.ytimg.com/vi/hgDLSxk2vao/hq720.jpg?sqp\u003d-oaymwEhCK4FEIIDSFryq4qpAxMIARUAAAAAGAElAADIQj0AgKJD\u0026rs\u003dAOn4CLA5OCRBGj69W8rFxffLBaJQolR61Q,ITALY,eating,eating,translated,persone che mangiano cibo in Italia,people eating food in Italy,0.7229
images/ITALY/eating/eating/translated/3.jpg,https://i.ytimg.com/vi/xxp_hzq3eIA/maxresdefault.jpg,ITALY,eating,eating,translated,persone che mangiano cibo in Italia,people eating food in Italy,0.7161
images/ITALY/eating/eating/english/2.jpg,https://i.ytimg.com/vi/OOrt7Li4Ndc/hq720.jpg?sqp\u003d-oaymwEhCK4FEIIDSFryq4qpAxMIARUAAAAAGAElAADIQj0AgKJD\u0026rs\u003dAOn4CLAwk9C17q-c4jdlrp6GGu_Sw-FVYg,ITALY,eating,eating,english,people eating food in Italy,people eating food in Italy,0.6944
images/ITALY/eating/eating/english/6.jpg,https://www.celebritycruises.com/blog/content/uploads/2021/05/italian-food-culture-sunday-family-lunch-1024x683.jpg,ITALY,eating,eating,english,people eating food in Italy,people eating food in Italy,0.6603
images/ITALY/eating/eating/english/3.jpg,https://www.walksofitaly.com/blog/wp-content/uploads/2023/07/Food-tour-Bologna-DevourTours-269.jpg,ITALY,eating,eating,english,people eating food in Italy,people eating food in Italy,0.6566
images/ITALY/eating/home/english/2.jpg,https://www.pelago.com/img/products/IT-Italy/cooking-eating-with-locals-in-their-home-kitchen-in-rome/b64eb6d7-972b-4ea4-bb74-d79c7124bcbc_cooking-eating-with-locals-in-their-home-kitchen-in-rome.jpg,ITALY,eating,home,english,people eating food at home in Italy,people eating food at home in Italy,0.8049
images/ITALY/eating/home/english/4.jpg,https://www.celebritycruises.com/blog/content/uploads/2021/05/italian-food-culture-sunday-family-lunch-1024x683.jpg,ITALY,eating,home,english,people eating food at home in Italy,people eating food at home in Italy,0.7215
images/ITALY/eating/home/english/7.jpg,https://www.gourmetproject.net/wp-content/uploads/2019/06/italian-eating.jpg,ITALY,eating,home,english,people eating food at home in Italy,people eating food at home in Italy,0.7086
images/ITALY/eating/home/english/10.jpg,https://i.ytimg.com/vi/UBBXF7ahIvg/hq720.jpg?sqp\u003d-oaymwEhCK4FEIIDSFryq4qpAxMIARUAAAAAGAElAADIQj0AgKJD\u0026rs\u003dAOn4CLCQeIi_Y58Rszbkl3LiFJvNn-4pjg,ITALY,eating,home,english,people eating food at home in Italy,people eating food at home in Italy,0.7024
images/ITALY/eating/home/english/5.jpg,https://compote.slate.com/images/42e6724a-d3a5-4c34-86d0-7815542ec7b3.jpg,ITALY,eating,home,english,people eating food at home in Italy,people eating food at home in Italy,0.6854
images/ITALY/eating/restaurant/english/7.jpg,https://eatingarounditaly.com/wp-content/uploads/2023/12/birreria-la-corte-venice-best-pizza-2-1024x768.jpg,ITALY,eating,restaurant,english,people eating food in restaurant in Italy,people eating food in restaurant in Italy,0.7578
images/ITALY/eating/restaurant/english/9.jpg,https://www.walksofitaly.com/blog/wp-content/uploads/2023/09/Devour_Naples_Pizza-Tour_High-Res_0165resize.jpg,ITALY,eating,restaurant,english,people eating food in restaurant in Italy,people eating food in restaurant in Italy,0.7555
images/ITALY/eating/restaurant/translated/7.jpeg,https://images2.corriereobjects.it/methode_image/2024/07/26/Cucina/Foto-Cucina-Trattate/6446b2d7f3194-kfLC-U34801820392125UxE-526x284@Corriere-Web-Sezioni.jpeg,ITALY,eating,restaurant,translated,persone che mangiano cibo al ristorante in Italia,people eating food in restaurant in Italy,0.7425
images/ITALY/eating/restaurant/english/5.jpg,https://static01.nyt.com/images/2010/04/11/travel/11Frugal_CA0/11Frugal_CA0-articleLarge.jpg?year\u003d2010\u0026h\u003d363\u0026w\u003d600\u0026s\u003db92a1ebb1814d862b0644d3689ddc9cfde4781057ef302c9978b954c9cca65c9\u0026k\u003dZQJBKqZ0VN\u0026tw\u003d1,ITALY,eating,restaurant,english,people eating food in restaurant in Italy,people eating food in restaurant in Italy,0.7307
images/ITALY/eating/restaurant/translated/6.jpg,https://www.tuscanypeople.com/wp-content/uploads/2019/04/amici_ristorante.jpg,ITALY,eating,restaurant,translated,persone che mangiano cibo al ristorante in Italia,people eating food in restaurant in Italy,0.7156
images/ITALY/funeral/funeral/english/6.jpg,https://catholicweekly.com.au/wp-content/uploads/2020/04/feature.jpg,ITALY,funeral,funeral,english,people attending a funeral ceremony in Italy,people attending a funeral ceremony in Italy,0.8168
images/ITALY/funeral/funeral/english/10.jpg,https://www.pbs.org/newshour/app/uploads/2016/02/RTX26O0B-1024x643.jpg,ITALY,funeral,funeral,english,people attending a funeral ceremony in Italy,people attending a funeral ceremony in Italy,0.7907
images/ITALY/funeral/funeral/english/7.jpg,"https://media-cldnry.s-nbcnews.com/image/upload/t_fit-560w,f_auto,q_auto:best/streams/2012/April/120419/330604-120419-morosini-funeral-hmed-5a.jpg",ITALY,funeral,funeral,english,people attending a funeral ceremony in Italy,people attending a funeral ceremony in Italy,0.7802
images/ITALY/funeral/funeral/english/5.jpg,https://e3.365dm.com/23/06/2048x1152/skynews-silvio-berlusconi-funeral_6187262.jpg,ITALY,funeral,funeral,english,people attending a funeral ceremony in Italy,people attending a funeral ceremony in Italy,0.7741
images/ITALY/funeral/funeral/english/4.jpg,https://s.abcnews.com/images/US/italy-1-ap-er-190728_hpMain.jpg,ITALY,funeral,funeral,english,people attending a funeral ceremony in Italy,people attending a funeral ceremony in Italy,0.7324
images/ITALY/game/bocce/translated/8.jpg,https://casa-belvedere.org/wp-content/uploads/2021/07/Casa-Bocce-2018-scaled.jpg,ITALY,game,bocce,translated,persone che giocano a bocce in Italia,people playing bocce in Italy,0.8541
images/ITALY/game/bocce/english/2.jpg,https://seeingandsavoringitaly.wordpress.com/wp-content/uploads/2012/06/b0fd4-bocce-court.jpg,ITALY,game,bocce,english,people playing bocce in Italy,people playing bocce in Italy,0.8035
images/ITALY/game/bocce/english/7.jpg,https://ephemeralnewyork.wordpress.com/wp-content/uploads/2014/02/boccecourts.jpg,ITALY,game,bocce,english,people playing bocce in Italy,people playing bocce in Italy,0.7757
images/ITALY/game/bocce/english/4.png,https://www.hiltonheadisland.com/wp-content/uploads/2015/07/Playing-Bocce-Ball-on-the-Beach.png,ITALY,game,bocce,english,people playing bocce in Italy,people playing bocce in Italy,0.7718
images/ITALY/game/bocce/english/3.jpg,https://wamu.org/wp-content/uploads/2013/08/07/bocce_01_wide-cb1a811c936d95e65de20e21b5ef3fe76faea32c-1500x843.jpg,ITALY,game,bocce,english,people playing bocce in Italy,people playing bocce in Italy,0.7519
images/ITALY/game/briscola/translated/8.jpg,https://www.ilgazzettinovesuviano.com/wp-content/uploads/2020/08/giochi-di-carte.jpg,ITALY,game,briscola,translated,persone che giocano a briscola in Italia,people playing briscola in Italy,0.8334
images/ITALY/game/briscola/translated/9.jpg,https://www.ilpost.it/wp-content/uploads/2020/07/cart.jpg,ITALY,game,briscola,translated,persone che giocano a briscola in Italia,people playing briscola in Italy,0.7931
images/ITALY/game/briscola/english/7.jpg,https://italysegreta.com/wp-content/uploads/2023/08/DSCF4663-2.jpg,ITALY,game,briscola,english,people playing briscola in Italy,people playing briscola in Italy,0.7337
images/ITALY/game/briscola/translated/5.jpg,https://t4.ftcdn.net/jpg/00/94/34/07/360_F_94340768_VtizZHy2HZETgp0yWCKDP9CtaJq0UBGp.jpg,ITALY,game,briscola,translated,persone che giocano a briscola in Italia,people playing briscola in Italy,0.7245
images/ITALY/game/briscola/english/3.jpg,https://siciliangodmother.com/wp-content/uploads/2013/01/sicilian-clubs.jpg?w\u003d1000,ITALY,game,briscola,english,people playing briscola in Italy,people playing briscola in Italy,0.7137
images/ITALY/game/game/translated/3.jpg,https://www.ilgazzettinovesuviano.com/wp-content/uploads/2020/08/giochi-di-carte.jpg,ITALY,game,game,translated,persone che giocano in Italia,people playing game in Italy,0.7773
images/ITALY/game/game/english/6.jpg,https://italoamericano.org/wp-content/uploads/2020/05/maros1.jpg,ITALY,game,game,english,people playing game in Italy,people playing game in Italy,0.7574
images/ITALY/game/game/english/1.jpg,https://histclo.com/imagef/date/2017/01/ig-morra94s.jpg,ITALY,game,game,english,people playing game in Italy,people playing game in Italy,0.6864
images/ITALY/game/game/english/9.jpg,https://italysegreta.com/wp-content/uploads/2023/08/IMG_9283-1050x1400.jpg,ITALY,game,game,english,people playing game in Italy,people playing game in Italy,0.6657
images/ITALY/game/game/english/4.jpg,https://content.whygo.com/wp-content/uploads/sites/2/2010/06/worldcup_milan.jpg,ITALY,game,game,english,people playing game in Italy,people playing game in Italy,0.6396
images/ITALY/game/morra/translated/7.jpg,https://langhe.net/wp-content/uploads/2024/08/IMMAGINE-1-1.jpg,ITALY,game,morra,translated,persone che giocano a morra in Italia,people playing morra in Italy,0.7987
images/ITALY/game/morra/english/10.jpg,https://juliasalbum.com/wp-content/uploads/2019/04/La-Morra-Piedmont-Italy-41.jpg,ITALY,game,morra,english,people playing morra in Italy,people playing morra in Italy,0.7093
images/ITALY/game/morra/translated/10.jpg,https://blogger.googleusercontent.com/img/b/R29vZ2xl/AVvXsEgdnenHc_kLpBGuTYjdc73P_92JacbFTuKLdvDFebfQ-Izi-JBYXY2WmW0VweP2hyrDqhbuuo8W7266jF-TgvM7bK8RkJspKXxlT1DiRkCNNF-Xniufd-3UFf2djfRnsYe0gAIL99BAfRM/s1600/giochi-romani7.jpg,ITALY,game,morra,translated,persone che giocano a morra in Italia,people playing morra in Italy,0.7077
images/ITALY/game/morra/english/7.jpg,https://www.thehistoryoflondon.co.uk/wp-content/uploads/2025/01/Little-Italy-playing-morra-Living-London-i-P188-coloured-1-scaled.jpg,ITALY,game,morra,english,people playing morra in Italy,people playing morra in Italy,0.7024
images/ITALY/game/morra/english/5.jpg,http://www.grandvoyageitaly.com/uploads/3/7/2/7/37277491/8091826_orig.jpg?448,ITALY,game,morra,english,people playing morra in Italy,people playing morra in Italy,0.6827
images/ITALY/game/scopa/translated/10.jpg,https://i.ytimg.com/vi/3-B1QJglKC8/hqdefault.jpg,ITALY,game,scopa,translated,persone che giocano a scopa in Italia,people playing scopa in Italy,0.9235
images/ITALY/game/scopa/english/6.jpg,https://i.ytimg.com/vi/_ht7Acs6Y98/maxresdefault.jpg,ITALY,game,scopa,english,people playing scopa in Italy,people playing scopa in Italy,0.8942
images/ITALY/game/scopa/english/2.jpg,https://i.pinimg.com/474x/1d/f7/2a/1df72aaf67301ef7466390fbfba0bc60.jpg,ITALY,game,scopa,english,people playing scopa in Italy,people playing scopa in Italy,0.8814
images/ITALY/game/scopa/english/1.jpg,https://i.ytimg.com/vi/xWsHBBRU7p8/hq720.jpg?sqp\u003d-oaymwEhCK4FEIIDSFryq4qpAxMIARUAAAAAGAElAADIQj0AgKJD\u0026rs\u003dAOn4CLAzE0Nua0oISSFPp4G_mVRuZo9nzA,ITALY,game,scopa,english,people playing scopa in Italy,people playing scopa in Italy,0.8389
images/ITALY/game/scopa/translated/3.jpg,https://i.ytimg.com/vi/uo4EGOHXMq4/hqdefault.jpg,ITALY,game,scopa,translated,persone che giocano a scopa in Italia,people playing scopa in Italy,0.7951
images/ITALY/game/tamburello/english/3.jpg,https://i.ytimg.com/vi/HOx0LXkUmFY/maxresdefault.jpg,ITALY,game,tamburello,english,people playing tamburello in Italy,people playing tamburello in Italy,0.7544
images/ITALY/game/tamburello/translated/9.jpg,https://digilander.libero.it/barc50/immagini/image002.jpg,ITALY,game,tamburello,translated,persone che giocano a tamburello in Italia,people playing tamburello in Italy,0.7474
images/ITALY/game/tamburello/translated/5.jpg,https://digilander.libero.it/barc50/immagini/bardolino_campo.jpg,ITALY,game,tamburello,translated,persone che giocano a tamburello in Italia,people playing tamburello in Italy,0.7382
images/ITALY/game/tamburello/english/2.jpg,https://experiencesicily.com/wp-content/uploads/2014/06/wpid-img_20140621_114011.jpg,ITALY,game,tamburello,english,people playing tamburello in Italy,people playing tamburello in Italy,0.7025
images/ITALY/game/tamburello/english/7.jpg,https://folklife.si.edu/Media/Default/Talk%20Story/alessandra-belloni-drum.jpg,ITALY,game,tamburello,english,people playing tamburello in Italy,people playing tamburello in Italy,0.6513
images/ITALY/greeting/greeting/english/2.jpg,https://i.ytimg.com/vi/aoCVkMWBrlI/hq720.jpg?sqp\u003d-oaymwEhCK4FEIIDSFryq4qpAxMIARUAAAAAGAElAADIQj0AgKJD\u0026rs\u003dAOn4CLC8OkyWpVJqgXV6oHsq2JN87Q3Aig,ITALY,greeting,greeting,english,people greeting in Italy,people greeting in Italy,0.7595
images/ITALY/greeting/greeting/english/9.jpg,https://erudera.com/media/images/italian-greetings.2e16d0ba.fill-16000x9000.jpg,ITALY,greeting,greeting,english,people greeting in Italy,people greeting in Italy,0.6779
images/ITALY/greeting/greeting/english/7.png,https://lifeinitaly.com/wp-content/uploads/2018/08/a_handshake.png,ITALY,greeting,greeting,english,people greeting in Italy,people greeting in Italy,0.6584
images/ITALY/greeting/greeting/translated/4.png,https://i0.wp.com/affrescodellalinguaitaliana.com/wp-content/uploads/2020/09/imparando-il-passato-prossimo-27.png?fit\u003d1000%2C500\u0026ssl\u003d1,ITALY,greeting,greeting,translated,persone che si salutano in Italia,people greeting in Italy,0.6471
images/ITALY/greeting/greeting/english/5.jpg,https://blog.collinsdictionary.com/wp-content/uploads/sites/39/2020/09/italian-hello-633443438-720-e1623227725471.jpg,ITALY,greeting,greeting,english,people greeting in Italy,people greeting in Italy,0.6439
images/ITALY/greeting/handshake/english/5.png,https://lifeinitaly.com/wp-content/uploads/2018/08/a_handshake.png,ITALY,greeting,handshake,english,two people greeting with handshake in Italy,two people greeting with handshake in Italy,0.8575
images/ITALY/greeting/handshake/translated/10.jpg,https://www.bergamonews.it/photogallery_new/images/2020/04/stretta-di-mano-674563.jpg,ITALY,greeting,handshake,translated,due persone che si salutano con una stretta di mano in Italia,two people greeting with handshake in Italy,0.7959
images/ITALY/greeting/handshake/translated/7.jpg,https://taranto2.assoraider.it/wp-content/uploads/2016/09/stretta-sinistra.jpg,ITALY,greeting,handshake,translated,due persone che si salutano con una stretta di mano in Italia,two people greeting with handshake in Italy,0.7687
images/ITALY/greeting/handshake/translated/2.jpg,https://www.studentessamatta.com/wp-content/uploads/2021/10/Italian-Greetings-Goodbyes-Formal-Informal-StudentessaMatta20.jpg,ITALY,greeting,handshake,translated,due persone che si salutano con una stretta di mano in Italia,two people greeting with handshake in Italy,0.7397
images/ITALY/greeting/handshake/english/6.jpg,https://emilypost.com/client_media/images/blogs/Handshake-home-or-abroad-2.jpg,ITALY,greeting,handshake,english,two people greeting with handshake in Italy,two people greeting with handshake in Italy,0.7364
images/ITALY/greeting/hug/translated/9.png,https://cdn.hometogo.net/assets/wl-blog/dc7e940c14a714661524f2258a104dcd_IT-650x365.png,ITALY,greeting,hug,translated,due persone che si salutano con un abbraccio in Italia,two people greeting with hug in Italy,0.7765
images/ITALY/greeting/hug/translated/5.jpg,https://osservatoriosenior.it/wp-content/uploads/2015/02/love-4552087_1280.jpg,ITALY,greeting,hug,translated,due persone che si salutano con un abbraccio in Italia,two people greeting with hug in Italy,0.7312
images/ITALY/greeting/hug/translated/6.jpg,https://media.meer.com/attachments/41ae443a1af32fa3ebb49052b2753cf643722142/store/fill/1090/613/5eb97015054f692a13bcb1c73ecc04a94d300429d5975378c2d01e45c07f/Limportanza-di-un-abbraccio.jpg,ITALY,greeting,hug,translated,due persone che si salutano con un abbraccio in Italia,two people greeting with hug in Italy,0.7168
images/ITALY/greeting/hug/translated/2.jpg,https://upload.wikimedia.org/wikipedia/commons/c/c6/El_Beso_%28Pinacoteca_de_Brera%2C_Mil%C3%A1n%2C_1859%29.jpg,ITALY,greeting,hug,translated,due persone che si salutano con un abbraccio in Italia,two people greeting with hug in Italy,0.7156
images/ITALY/greeting/hug/english/5.jpeg,https://preply.com/wp-content/uploads/2021/01/greetings_hug.jpeg,ITALY,greeting,hug,english,two people greeting with hug in Italy,two people greeting with hug in Italy,0.7041
images/ITALY/greeting/kiss on cheeks/english/6.jpg,https://civilisable.com/wp-content/uploads/2024/12/Social-Cover-and-featured-image-of-Italian-kiss17.jpg,ITALY,greeting,kiss on cheeks,english,two people greeting with kiss on cheeks in Italy,two people greeting with kiss on cheeks in Italy,0.7822
images/ITALY/greeting/kiss on cheeks/translated/8.jpg,https://www.stile.it/wp-content/uploads/2017/07/bacio-e1501231140947.jpg,ITALY,greeting,kiss on cheeks,translated,due persone che si salutano con un bacio sulle guance in Italia,two people greeting with kiss on cheeks in Italy,0.7385
images/ITALY/greeting/kiss on cheeks/translated/2.jpg,https://blogger.googleusercontent.com/img/b/R29vZ2xl/AVvXsEjJZmWNNqdBjiaW4UFd1HWv3wkQ1zlLcvwxfLv85bGo0GEq0AQdaY59gD4UB86Gm-34IDK5QeFUvZ7WPqeCvAcVZfmGbEU1A1Fm_YpaPdgsiknfe4_DCv8CpXnmlzUsDWQa-4a9lYviZ3QV/s280/images+1.jpg,ITALY,greeting,kiss on cheeks,translated,due persone che si salutano con un bacio sulle guance in Italia,two people greeting with kiss on cheeks in Italy,0.7324
images/ITALY/greeting/kiss on cheeks/english/3.png,https://newseu.cgtn.com/news/3355444f3363444e304d444e316b6a4e774d444f31457a6333566d54/img/714130d09bfc4229b9dc1c1affbb0baa/714130d09bfc4229b9dc1c1affbb0baa.png,ITALY,greeting,kiss on cheeks,english,two people greeting with kiss on cheeks in Italy,two people greeting with kiss on cheeks in Italy,0.7319
images/ITALY/greeting/kiss on cheeks/translated/6.jpg,https://www.r101.it/resizer/600/315/true/1567430517384.jpg--bacio_sulla_guancia.jpg,ITALY,greeting,kiss on cheeks,translated,due persone che si salutano con un bacio sulle guance in Italia,two people greeting with kiss on cheeks in Italy,0.7223
images/ITALY/religious/catholic mass/english/9.jpg,https://ouritalianjourney.com/wp-content/uploads/2017/04/20170415_210747.jpg,ITALY,religious,catholic mass,english,Catholic mass in Italy,Catholic mass in Italy,0.8048
images/ITALY/religious/catholic mass/english/4.jpg,https://events.nd.edu/assets/449728/600x/language_masses_event_image_hogan.jpg,ITALY,religious,catholic mass,english,Catholic mass in Italy,Catholic mass in Italy,0.7778
images/ITALY/religious/catholic mass/translated/6.jpg,https://www.secoloditalia.it/files/2015/12/messa-di-natale-opt.jpg,ITALY,religious,catholic mass,translated,messa cattolica in Italia,Catholic mass in Italy,0.7749
images/ITALY/religious/catholic mass/translated/5.jpg,https://www.toscanaoggi.it/wp-content/uploads/2025/09/la-sacra-cintola.jpg,ITALY,religious,catholic mass,translated,messa cattolica in Italia,Catholic mass in Italy,0.7724
images/ITALY/religious/catholic mass/english/1.jpg,http://data.kataweb.it/kpmimages/kpm3/misc/chiesa/2010/08/06/jpg_1344390.jpg,ITALY,religious,catholic mass,english,Catholic mass in Italy,Catholic mass in Italy,0.7709
images/ITALY/religious/pilgrimage to assisi/translated/9.jpg,https://i.ytimg.com/vi/ljx0U-avQrI/hqdefault.jpg,ITALY,religious,pilgrimage to assisi,translated,pellegrinaggio ad Assisi in Italia,pilgrimage to Assisi in Italy,0.8983
images/ITALY/religious/pilgrimage to assisi/english/10.jpg,https://mycatholicpilgrimages.com/wp-content/uploads/2024/04/The-Basilica-of-St-Claire-in-Assisi-Italy--1024x768.jpg,ITALY,religious,pilgrimage to assisi,english,pilgrimage to Assisi in Italy,pilgrimage to Assisi in Italy,0.8808
images/ITALY/religious/pilgrimage to assisi/translated/2.jpg,https://ospitalitareligiosa.it/images/assisi.jpg,ITALY,religious,pilgrimage to assisi,translated,pellegrinaggio ad Assisi in Italia,pilgrimage to Assisi in Italy,0.8726
images/ITALY/religious/pilgrimage to assisi/english/4.jpeg,https://images.squarespace-cdn.com/content/v1/609d3f1781f4a87463f238cb/1711036363813-1DBYF4X9VENP6AU70XS2/image-asset.jpeg,ITALY,religious,pilgrimage to assisi,english,pilgrimage to Assisi in Italy,pilgrimage to Assisi in Italy,0.8718
images/ITALY/religious/pilgrimage to assisi/translated/4.jpeg,https://www.biancoviaggi.com/wp-content/uploads/2024/10/assisi-01.jpeg,ITALY,religious,pilgrimage to assisi,translated,pellegrinaggio ad Assisi in Italia,pilgrimage to Assisi in Italy,0.8625
images/ITALY/religious/praying/translated/10.jpg,https://www.piuculture.it/wp-content/uploads/2019/05/Preghiera-nella-Grande-Moschea-di-Roma-1-e1557985063376.jpg,ITALY,religious,praying,translated,persone che pregano in Italia,people praying in Italy,0.7785
images/ITALY/religious/praying/english/3.jpeg,https://www.aljazeera.com/wp-content/uploads/2015/07/919b73041b874e768a00fb4f58acc834_18.jpeg?resize\u003d770%2C513\u0026quality\u003d80,ITALY,religious,praying,english,people praying in Italy,people praying in Italy,0.7649
images/ITALY/religious/praying/english/6.jpg,https://static-cdn.toi-media.com/www/uploads/2015/05/Italy-Venice-Biennale_Horo-e1432474139123.jpg,ITALY,religious,praying,english,people praying in Italy,people praying in Italy,0.7586
images/ITALY/religious/praying/english/5.jpg,https://www.arabnews.com/sites/default/files/styles/n_670_395/public/2022/05/02/3207641-1367740356.jpg?itok\u003d3YpUcg-X,ITALY,religious,praying,english,people praying in Italy,people praying in Italy,0.7576
images/ITALY/religious/praying/translated/4.jpg,https://citynews-romatoday.stgy.ovh/~media/horizontal-low/69553775404791/ramadam-roma-parco-sangalli-foto-lapresse-cecilia-fabiani.jpg,ITALY,religious,praying,translated,persone che pregano in Italia,people praying in Italy,0.7407
images/ITALY/religious/religious/translated/9.jpg,https://www.orioloborgopiubelloditalia.it/wp-content/uploads/2025/06/VID_20250424_164850_010_2025-06-04_23-16-20_screenshot_v1-scaled.jpg,ITALY,religious,religious,translated,persone che partecipano a un evento religioso tradizionale in Italia,people participating in a traditional religious event in Italy,0.8069
images/ITALY/religious/religious/english/5.jpg,https://marcodilauro.com/wp-content/uploads/2015/09/MDL_ITALIAN_CELEBRATION005-1024x683.jpg,ITALY,religious,religious,english,people participating in a traditional religious event in Italy,people participating in a traditional religious event in Italy,0.7676
images/ITALY/religious/religious/translated/6.jpg,https://static2-viaggi.corriereobjects.it/wp-content/uploads/2018/06/2-sant-agata-salvo-puccio-1080x646.jpg?v\u003d1572450812,ITALY,religious,religious,translated,persone che partecipano a un evento religioso tradizionale in Italia,people participating in a traditional religious event in Italy,0.7664
images/ITALY/religious/religious/english/10.jpg,https://greeking.me/images/blog/images/Italy-Vacations/Cultural-festivals-in-italy/palio-di-siena.jpg,ITALY,religious,religious,english,people participating in a traditional religious event in Italy,people participating in a traditional religious event in Italy,0.7655
images/ITALY/religious/religious/english/8.jpg,https://italianspecialoccasions.com/wp-content/uploads/2015/03/Easter-Angel-Run-Ischia-Easter.jpg,ITALY,religious,religious,english,people participating in a traditional religious event in Italy,people participating in a traditional religious event in Italy,0.7563
images/ITALY/wedding/wedding/english/8.jpg,https://i.pinimg.com/736x/e8/72/f4/e872f4a9287c090d6b1abad73d24c011.jpg,ITALY,wedding,wedding,english,wedding celebration in Italy,wedding celebration in Italy,0.7799
images/ITALY/wedding/wedding/translated/8.jpg,https://www.weddingsicily.com/images/easyblog_images/918/b2ap3_large_41.jpg,ITALY,wedding,wedding,translated,celebrazione di matrimonio in Italia,wedding celebration in Italy,0.757
images/ITALY/wedding/wedding/english/10.jpg,https://www.blissthewedding.com/wp-content/uploads/2025/01/Green-wedding-in-Italy-Bliss-the-wedding-71-1024x681.jpg,ITALY,wedding,wedding,english,wedding celebration in Italy,wedding celebration in Italy,0.7499
images/ITALY/wedding/wedding/translated/4.jpg,https://www.geventiwedding.it/wp-content/uploads/2021/03/il-matrimonio-italiano.jpg,ITALY,wedding,wedding,translated,celebrazione di matrimonio in Italia,wedding celebration in Italy,0.7428
images/ITALY/wedding/wedding/translated/1.jpg,https://www.thaelo.it/wp-content/uploads/2023/01/matrimonio-milazzo-castello-thaelo-wedding-planner-specialist-1024x683.jpg,ITALY,wedding,wedding,translated,celebrazione di matrimonio in Italia,wedding celebration in Italy,0.7131
images/MEXICO/celebration/Day of the Virgin of Guadalupe/english/6.jpg,https://d.latintimes.com/en/full/358971/di-de-la-virgen-de-guadalupe-2015.jpg,MEXICO,celebration,Day of the Virgin of Guadalupe,english,people participating in Day of the Virgin of Guadalupe in Mexico,people participating in Day of the Virgin of Guadalupe in Mexico,0.899
images/MEXICO/celebration/Day of the Virgin of Guadalupe/english/2.jpeg,http://ourladyofguadalupe.weebly.com/uploads/1/4/8/7/14873904/6944173.jpeg?374,MEXICO,celebration,Day of the Virgin of Guadalupe,english,people participating in Day of the Virgin of Guadalupe in Mexico,people participating in Day of the Virgin of Guadalupe in Mexico,0.8843
images/MEXICO/celebration/Day of the Virgin of Guadalupe/english/3.jpg,"https://media-cldnry.s-nbcnews.com/image/upload/t_fit-760w,f_auto,q_auto:best/newscms/2016_50/1829726/afp_j08h9.jpg",MEXICO,celebration,Day of the Virgin of Guadalupe,english,people participating in Day of the Virgin of Guadalupe in Mexico,people participating in Day of the Virgin of Guadalupe in Mexico,0.8665
images/MEXICO/celebration/Day of the Virgin of Guadalupe/english/5.jpg,https://images.theconversation.com/files/563447/original/file-20231204-29-iolfko.jpg?ixlib\u003drb-4.1.0\u0026q\u003d45\u0026auto\u003dformat\u0026w\u003d1000\u0026fit\u003dclip,MEXICO,celebration,Day of the Virgin of Guadalupe,english,people participating in Day of the Virgin of Guadalupe in Mexico,people participating in Day of the Virgin of Guadalupe in Mexico,0.865
images/MEXICO/celebration/Day of the Virgin of Guadalupe/english/9.jpg,https://www.ncronline.org/files/AP6760885821047877.jpg,MEXICO,celebration,Day of the Virgin of Guadalupe,english,people participating in Day of the Virgin of Guadalupe in Mexico,people participating in Day of the Virgin of Guadalupe in Mexico,0.8587
images/MEXICO/celebration/Día de los Muertos/english/5.jpeg,https://ik.imgkit.net/3vlqs5axxjf/TP/ik-seo/images/99999999-9999-9999-9999-999999999999/3013917f-0fa1-416a-9b4f-b3b92d37c549/source/Image-Women-celebrating-Dia-de-los-Muertos-in-Mexi.jpeg?tr\u003dw-1400%2Ch-650%2Cfo-auto,MEXICO,celebration,Día de los Muertos,english,people participating in Día de los Muertos in Mexico,people participating in Día de los Muertos in Mexico,0.875
images/MEXICO/celebration/Día de los Muertos/english/3.jpg,https://thetablet.org/wp-content/uploads/2017/11/dia_muertos.jpg,MEXICO,celebration,Día de los Muertos,english,people participating in Día de los Muertos in Mexico,people participating in Día de los Muertos in Mexico,0.8701
images/MEXICO/celebration/Día de los Muertos/translated/2.jpg,https://hotelsotavento.info/wp-content/uploads/2022/10/Dia-de-Muertos-Cancun.jpg,MEXICO,celebration,Día de los Muertos,translated,personas participando en el Día de los Muertos en México,people participating in Día de los Muertos in Mexico,0.8631
images/MEXICO/celebration/Día de los Muertos/translated/10.png,https://imagenes.eleconomista.com.mx/files/image_768_768/uploads/2023/11/01/66e851a0cf185.png,MEXICO,celebration,Día de los Muertos,translated,personas participando en el Día de los Muertos en México,people participating in Día de los Muertos in Mexico,0.8613
images/MEXICO/celebration/Día de los Muertos/english/9.jpeg,https://cdn.greenvelope.com/blog/wp-content/uploads/candles-and-fruits-for-Dia-de-los-Muertos-celebration.jpeg,MEXICO,celebration,Día de los Muertos,english,people participating in Día de los Muertos in Mexico,people participating in Día de los Muertos in Mexico,0.8548
images/MEXICO/celebration/Guelaguetza/english/1.jpg,https://www.mexconnect.com/wp-content/uploads/2020/06/f_0708_large.jpg,MEXICO,celebration,Guelaguetza,english,people participating in Guelaguetza in Mexico,people participating in Guelaguetza in Mexico,0.8305
images/MEXICO/celebration/Guelaguetza/english/9.jpg,https://cdn.shopify.com/s/files/1/0067/0433/2860/files/guelaguetza-1024x586_480x480.jpg?v\u003d1626841680,MEXICO,celebration,Guelaguetza,english,people participating in Guelaguetza in Mexico,people participating in Guelaguetza in Mexico,0.7958
images/MEXICO/celebration/Guelaguetza/translated/10.jpg,https://oaxacanundua.com/wp-content/uploads/2025/07/IMG_0719.jpg,MEXICO,celebration,Guelaguetza,translated,personas participando en la Guelaguetza en México,people participating in Guelaguetza in Mexico,0.7824
images/MEXICO/celebration/Guelaguetza/translated/4.jpg,https://media.gq.com.mx/photos/64c468c7fb852355e03225c0/master/pass/Guelaguetza%20(1).jpg,MEXICO,celebration,Guelaguetza,translated,personas participando en la Guelaguetza en México,people participating in Guelaguetza in Mexico,0.7742
images/MEXICO/celebration/Guelaguetza/translated/3.jpg,https://conectaarizona.com/wp-content/uploads/2023/06/Guelaguetza-2022.jpg,MEXICO,celebration,Guelaguetza,translated,personas participando en la Guelaguetza en México,people participating in Guelaguetza in Mexico,0.7733
images/MEXICO/celebration/Independence Day/english/7.jpg,https://images.squarespace-cdn.com/content/v1/59f67799e45a7c25d682a619/1513471484867-ERNG3B63PTRGPCO93J43/CDMX+Independence+Day+2.jpg,MEXICO,celebration,Independence Day,english,people participating in Independence Day in Mexico,people participating in Independence Day in Mexico,0.8461
images/MEXICO/celebration/Independence Day/english/10.jpeg,https://www.aljazeera.com/wp-content/uploads/2020/09/518d317df3e04490bceda80b5be143bb_8.jpeg?fit\u003d1170%2C782\u0026quality\u003d80,MEXICO,celebration,Independence Day,english,people participating in Independence Day in Mexico,people participating in Independence Day in Mexico,0.8307
images/MEXICO/celebration/Independence Day/translated/8.jpg,http://spanish.xinhuanet.com/americadelnorte/2018-09/10/137458010_15365698386501n.jpg,MEXICO,celebration,Independence Day,translated,personas participando en el Día de la Independencia en México,people participating in Independence Day in Mexico,0.7782
images/MEXICO/celebration/Independence Day/english/8.jpg,https://media.khou.com/assets/KHOU/images/9fe10739-823f-488a-86b1-7d588e8d6508/9fe10739-823f-488a-86b1-7d588e8d6508_1140x641.jpg,MEXICO,celebration,Independence Day,english,people participating in Independence Day in Mexico,people participating in Independence Day in Mexico,0.7749
images/MEXICO/celebration/Independence Day/translated/6.jpg,https://www.dailypress.com/wp-content/uploads/migration/2021/09/16/X353W6LFJZGDJEYI3KK6BBS3QY.jpg,MEXICO,celebration,Independence Day,translated,personas participando en el Día de la Independencia en México,people participating in Independence Day in Mexico,0.77
images/MEXICO/celebration/Las Posadas/translated/7.jpg,https://www.prensalibre.com/wp-content/uploads/2018/12/fbe4a842-87d7-4d06-99b4-4f18817064a3.jpg?quality\u003d52\u0026w\u003d640,MEXICO,celebration,Las Posadas,translated,personas participando en Las Posadas en México,people participating in Las Posadas in Mexico,0.8376
images/MEXICO/celebration/Las Posadas/translated/2.jpg,https://i.ytimg.com/vi/YmKcm5OIrf0/mqdefault.jpg,MEXICO,celebration,Las Posadas,translated,personas participando en Las Posadas en México,people participating in Las Posadas in Mexico,0.8108
images/MEXICO/celebration/Las Posadas/english/2.jpeg,https://npr.brightspotcdn.com/b5/51/35b9756a4fd2b4d92afb33c570f6/homesteadposadas15.jpeg,MEXICO,celebration,Las Posadas,english,people participating in Las Posadas in Mexico,people participating in Las Posadas in Mexico,0.808
images/MEXICO/celebration/Las Posadas/english/1.jpg,"https://media-cldnry.s-nbcnews.com/image/upload/t_fit-560w,f_auto,q_auto:best/newscms/2016_48/1814626/161130_bolivia_2.jpg",MEXICO,celebration,Las Posadas,english,people participating in Las Posadas in Mexico,people participating in Las Posadas in Mexico,0.8071
images/MEXICO/celebration/Las Posadas/english/6.jpg,https://angelusnews.com/wp-content/uploads/2023/12/20190101T0700-FAITH-ALIVE-CHRISTMAS-BONUS-607951-1024x683.jpg,MEXICO,celebration,Las Posadas,english,people participating in Las Posadas in Mexico,people participating in Las Posadas in Mexico,0.8063
images/MEXICO/celebration/New Year/english/8.jpg,https://www.learnspanish.com.mx/wp-content/uploads/FiestaMex.jpg,MEXICO,celebration,New Year,english,people participating in New Year in Mexico,people participating in New Year in Mexico,0.8318
images/MEXICO/celebration/New Year/english/4.jpg,https://i.ytimg.com/vi/6ozeU2aXNpc/sddefault.jpg,MEXICO,celebration,New Year,english,people participating in New Year in Mexico,people participating in New Year in Mexico,0.8045
images/MEXICO/celebration/New Year/translated/6.jpg,https://spanish.news.cn/20240102/e81cc31ebf17440797ea81cb2df05620/20240102e81cc31ebf17440797ea81cb2df05620_20240102367f7cb849484ca3bd6ca24048565be7.jpg,MEXICO,celebration,New Year,translated,personas participando en el Año Nuevo en México,people participating in New Year in Mexico,0.7888
images/MEXICO/celebration/New Year/translated/8.jpg,https://mazatlaninteractivo.com.mx/wp-content/uploads/2019/01/Nace-la-Tradici%C3%B3n-de-A%C3%B1o-Nuevo-en-Mazatl%C3%A1n-en-2019-9-a-1.jpg,MEXICO,celebration,New Year,translated,personas participando en el Año Nuevo en México,people participating in New Year in Mexico,0.7603
images/MEXICO/celebration/New Year/english/9.jpg,https://cdn.shopify.com/s/files/1/0067/0433/2860/files/NYE_Acapulco_480x480.jpg?v\u003d1640757146,MEXICO,celebration,New Year,english,people participating in New Year in Mexico,people participating in New Year in Mexico,0.7429
images/MEXICO/celebration/celebration/english/1.jpg,https://coolsandiegosights.com/wp-content/uploads/2017/09/img_8511z-every-year-fiestas-patrias-which-celebrates-mexican-independence-from-spain-in-1821-includes-fun-and-traditional-entertainment-for-the-entire-family.jpg?w\u003d660,MEXICO,celebration,celebration,english,people participating in a traditional festival or observance in Mexico,people participating in a traditional festival or observance in Mexico,0.8633
images/MEXICO/celebration/celebration/translated/1.jpg,https://www.gob.mx/cms/uploads/press/main_image/89228/post_vida_y_muerte580f93bc4c5b4__1_.jpg,MEXICO,celebration,celebration,translated,personas participando en un festival o celebración tradicional en México,people participating in a traditional festival or observance in Mexico,0.8115
images/MEXICO/celebration/celebration/english/5.jpeg,https://lastaquerias.com/wp-content/uploads/2024/09/image-13.jpeg,MEXICO,celebration,celebration,english,people participating in a traditional festival or observance in Mexico,people participating in a traditional festival or observance in Mexico,0.801
images/MEXICO/celebration/celebration/translated/6.jpg,https://amlo.presidente.gob.mx/wp-content/uploads/2019/09/15-09-19-FESTIVAL-CULTURAS-MEXICANAS-GRITO-INDEPENDENCIA-MICHOACA%CC%81N-FOTO-03.jpg,MEXICO,celebration,celebration,translated,personas participando en un festival o celebración tradicional en México,people participating in a traditional festival or observance in Mexico,0.7954
images/MEXICO/celebration/celebration/translated/2.jpg,https://conectaarizona.com/wp-content/uploads/2023/06/Guelaguetza-2022.jpg,MEXICO,celebration,celebration,translated,personas participando en un festival o celebración tradicional en México,people participating in a traditional festival or observance in Mexico,0.7938
images/MEXICO/concert/concert/translated/8.jpg,https://factormeetings.com/wp-content/uploads/2024/12/CDMX-Concierto.jpg,MEXICO,concert,concert,translated,concierto en México,concert in Mexico,0.8527
images/MEXICO/concert/concert/translated/3.png,https://noticias.imer.mx/wp-content/uploads/2022/07/Diseno-sin-titulo.png,MEXICO,concert,concert,translated,concierto en México,concert in Mexico,0.7713
images/MEXICO/concert/concert/english/10.jpg,https://www.tucsonsymphony.org/wp-content/uploads/2023/08/IB0A0193-scaled.jpg,MEXICO,concert,concert,english,concert in Mexico,concert in Mexico,0.7581
images/MEXICO/concert/concert/english/7.jpg,https://media.timeout.com/images/100565503/750/562/image.jpg,MEXICO,concert,concert,english,concert in Mexico,concert in Mexico,0.7486
images/MEXICO/concert/concert/translated/4.jpg,https://cdn-p.smehost.net/sites/de91b69fe49447f291327cadcf533792/wp-content/uploads/2018/06/Guadalajara.jpg,MEXICO,concert,concert,translated,concierto en México,concert in Mexico,0.7406
images/MEXICO/concert/indoor/translated/1.jpeg,https://queretaro.quadratin.com.mx/www/wp-content/uploads/2024/09/WhatsApp-Image-2024-09-25-at-9.35.10-AM-1160x700.jpeg,MEXICO,concert,indoor,translated,concierto en interior en México,indoor concert in Mexico,0.7362
images/MEXICO/concert/indoor/translated/6.jpeg,https://cultura.michoacan.gob.mx/wp-content/uploads/2024/11/B191124-11-scaled.jpeg,MEXICO,concert,indoor,translated,concierto en interior en México,indoor concert in Mexico,0.7268
images/MEXICO/concert/indoor/english/2.jpg,https://images.discotech.me/venue/None/654b646c-6526-46a5-9de9-242cddbf9d42.jpg,MEXICO,concert,indoor,english,indoor concert in Mexico,indoor concert in Mexico,0.7184
images/MEXICO/concert/indoor/english/1.jpg,https://blogger.googleusercontent.com/img/b/R29vZ2xl/AVvXsEgkokEkK6tph3shQLTvjzv4orz03zrLMuiP56EeDNwijYXqLCvr3jQip8URTP2gKE4HHLDrxInvn_1nwjgfFGIZoBan23B2JsGFg5rP11sNWVZ2u0HZzCrb1BC3FIcdPhXe2MUBLDTjANI/w1200-h630-p-k-no-nu/Neza+1.jpg,MEXICO,concert,indoor,english,indoor concert in Mexico,indoor concert in Mexico,0.7012
images/MEXICO/concert/indoor/english/3.jpg,https://www.rogerhodgson.com/documents/auditorionacional1.jpg,MEXICO,concert,indoor,english,indoor concert in Mexico,indoor concert in Mexico,0.6997
images/MEXICO/concert/outdoor/translated/4.jpg,https://pbs.twimg.com/media/GYKrh6yaYAAlR1B.jpg,MEXICO,concert,outdoor,translated,concierto al aire libre en México,outdoor concert in Mexico,0.7378
images/MEXICO/concert/outdoor/english/8.jpg,https://media.timeout.com/images/100565503/750/562/image.jpg,MEXICO,concert,outdoor,english,outdoor concert in Mexico,outdoor concert in Mexico,0.7367
images/MEXICO/concert/outdoor/english/6.jpg,https://pbs.twimg.com/media/FPuHPX2aAAARGK7.jpg,MEXICO,concert,outdoor,english,outdoor concert in Mexico,outdoor concert in Mexico,0.7329
images/MEXICO/concert/outdoor/english/2.jpg,https://www.ifc.org/content/dam/ifc/migration/Vive-latino-festival.jpg,MEXICO,concert,outdoor,english,outdoor concert in Mexico,outdoor concert in Mexico,0.7149
images/MEXICO/concert/outdoor/translated/3.jpg,"https://media.feverup.com/image/upload/f_auto,w_800,c_fill/v1716974409/01_akgovs.jpg",MEXICO,concert,outdoor,translated,concierto al aire libre en México,outdoor concert in Mexico,0.7135
images/MEXICO/dancing/Concheros/english/8.jpg,https://cf-images.eu-west-1.prod.boltdns.net/v1/static/1579648260001/4708a48f-a4c8-4ac0-bdfb-bb84022127e5/08d814ba-60a8-405e-94f5-3a8abfdf85de/640x480/match/image.jpg,MEXICO,dancing,Concheros,english,people performing Concheros in Mexico,people performing Concheros in Mexico,0.8605
images/MEXICO/dancing/Concheros/english/9.jpg,https://www.catholicsandcultures.org/sites/default/files/styles/full_3_2/public/pages/dscn8795.jpg?itok\u003d10eLJ4wv,MEXICO,dancing,Concheros,english,people performing Concheros in Mexico,people performing Concheros in Mexico,0.8122
images/MEXICO/dancing/Concheros/translated/4.png,https://mxc.com.mx/wp-content/uploads/2016/02/concheros.png,MEXICO,dancing,Concheros,translated,personas realizando Concheros en México,people performing Concheros in Mexico,0.7799
images/MEXICO/dancing/Concheros/translated/10.jpg,https://oxfordre.com/latinamericanhistory/doc/10.1093/acrefore/9780199366439.001.0001/acrefore-9780199366439-e-764-graphic-003-full.jpg,MEXICO,dancing,Concheros,translated,personas realizando Concheros en México,people performing Concheros in Mexico,0.7665
images/MEXICO/dancing/Concheros/english/7.jpg,https://i.ytimg.com/vi/MlNI5agC5FE/maxresdefault.jpg,MEXICO,dancing,Concheros,english,people performing Concheros in Mexico,people performing Concheros in Mexico,0.7603
images/MEXICO/dancing/Danza de los Viejitos/english/5.jpg,https://zihrena.net/wp-content/uploads/P1220352.jpg,MEXICO,dancing,Danza de los Viejitos,english,people performing Danza de los Viejitos in Mexico,people performing Danza de los Viejitos in Mexico,0.8912
images/MEXICO/dancing/Danza de los Viejitos/english/2.jpg,https://www.missworld.com/.image/ar_100:100%2Cc_fill%2Ccs_srgb%2Cfl_progressive%2Cq_auto:good%2Cw_860/MTg3NDkyMTQwNzU3MTY1ODM5/09ac5519-e1d2-4943-8f2c-475146273e2c.jpg,MEXICO,dancing,Danza de los Viejitos,english,people performing Danza de los Viejitos in Mexico,people performing Danza de los Viejitos in Mexico,0.7702
images/MEXICO/dancing/Danza de los Viejitos/translated/10.jpg,http://maninimx.com/cdn/shop/articles/dancing-with-the-viejitos.jpg?v\u003d1682780324,MEXICO,dancing,Danza de los Viejitos,translated,personas realizando la Danza de los Viejitos en México,people performing Danza de los Viejitos in Mexico,0.7626
images/MEXICO/dancing/Danza de los Viejitos/english/10.jpeg,https://upload.wikimedia.org/wikipedia/commons/6/6f/Danza_de_los_Viejitos1.jpeg,MEXICO,dancing,Danza de los Viejitos,english,people performing Danza de los Viejitos in Mexico,people performing Danza de los Viejitos in Mexico,0.7494
images/MEXICO/dancing/Danza de los Viejitos/english/4.jpg,https://images.robertharding.com/zoom/RM/RH/HORIZONTAL/797-10349.jpg,MEXICO,dancing,Danza de los Viejitos,english,people performing Danza de los Viejitos in Mexico,people performing Danza de los Viejitos in Mexico,0.7463
images/MEXICO/dancing/Jarabe Tapatío/english/9.jpg,https://cdn.britannica.com/90/118090-138-C535BA8F/de-la-negra-Dancers-Jalisco-Mex-dance.jpg?w\u003d400\u0026h\u003d225\u0026c\u003dcrop,MEXICO,dancing,Jarabe Tapatío,english,people dancing Jarabe Tapatío in Mexico,people dancing Jarabe Tapatío in Mexico,0.9186
images/MEXICO/dancing/Jarabe Tapatío/english/3.jpg,https://www.guinnessworldrecords.com/news/2011/9/images/mexican-folk-dancing-main-13051.jpg,MEXICO,dancing,Jarabe Tapatío,english,people dancing Jarabe Tapatío in Mexico,people dancing Jarabe Tapatío in Mexico,0.8425
images/MEXICO/dancing/Jarabe Tapatío/english/1.jpg,https://blogger.googleusercontent.com/img/b/R29vZ2xl/AVvXsEiILDrPMfyWq5tClJDHt-vBqOLleqHXJbK6cqB0bp11yiPb9phsooloQzAj_1LeFEdXtuAO1k_WVpPjjrjbG03Z4NUHmveRu8GaZqJkdm39pYMvfDH4NlAOTIWvo68cFPYP2g2-mewDmAg/s1600/DSC_0464.jpg,MEXICO,dancing,Jarabe Tapatío,english,people dancing Jarabe Tapatío in Mexico,people dancing Jarabe Tapatío in Mexico,0.8247
images/MEXICO/dancing/Jarabe Tapatío/translated/7.jpg,https://www.danceus.org/parse/files/Bjy5anNVI0Q81M8bmrwIiuU20x4kepQTxzDBfqpR/e75ba119564a5093dafa0ae9432cd9b2_jarabe-tapatio-dance.jpg,MEXICO,dancing,Jarabe Tapatío,translated,personas bailando Jarabe Tapatío en México,people dancing Jarabe Tapatío in Mexico,0.8176
images/MEXICO/dancing/Jarabe Tapatío/translated/3.jpg,https://i.ytimg.com/vi/0CRSIjT0sYY/maxresdefault.jpg,MEXICO,dancing,Jarabe Tapatío,translated,personas bailando Jarabe Tapatío en México,people dancing Jarabe Tapatío in Mexico,0.813
images/MEXICO/dancing/Son Jarocho/english/10.jpeg,https://pulse.berklee.edu/content/study/electives/coco/images/son_jar.jpeg,MEXICO,dancing,Son Jarocho,english,people performing Son Jarocho in Mexico,people performing Son Jarocho in Mexico,0.8521
images/MEXICO/dancing/Son Jarocho/english/5.jpg,https://i.ytimg.com/vi/tqkkiSno8nI/hqdefault.jpg,MEXICO,dancing,Son Jarocho,english,people performing Son Jarocho in Mexico,people performing Son Jarocho in Mexico,0.8388
images/MEXICO/dancing/Son Jarocho/translated/5.jpg,https://i.ytimg.com/vi/zgfZwe-oURI/hq720.jpg?sqp\u003d-oaymwE7CK4FEIIDSFryq4qpAy0IARUAAAAAGAElAADIQj0AgKJD8AEB-AH-CYAC0AWKAgwIABABGH8gWignMA8\u003d\u0026rs\u003dAOn4CLBww_8Eo1b0-K4lq4dctJ2oXXySiA,MEXICO,dancing,Son Jarocho,translated,personas realizando Son Jarocho en México,people performing Son Jarocho in Mexico,0.8307
images/MEXICO/dancing/Son Jarocho/translated/4.jpg,https://i.ytimg.com/vi/vmvve0bEW4Y/hq720.jpg?sqp\u003d-oaymwE7CK4FEIIDSFryq4qpAy0IARUAAAAAGAElAADIQj0AgKJD8AEB-AH-CYAC0AWKAgwIABABGEogUChlMA8\u003d\u0026rs\u003dAOn4CLAFzRI4-TKsuJCj1PiXCVWyfQT5VQ,MEXICO,dancing,Son Jarocho,translated,personas realizando Son Jarocho en México,people performing Son Jarocho in Mexico,0.8218
images/MEXICO/dancing/Son Jarocho/english/6.jpg,https://encartes.mx/wp-content/uploads/2024/03/Fotografia-1-1200x800.jpg,MEXICO,dancing,Son Jarocho,english,people performing Son Jarocho in Mexico,people performing Son Jarocho in Mexico,0.8164
images/MEXICO/dancing/dancing/english/5.jpg,https://i1.pickpik.com/photos/535/269/286/danzon-dance-mexican-couple-preview.jpg,MEXICO,dancing,dancing,english,people dancing in Mexico,people dancing in Mexico,0.8613
images/MEXICO/dancing/dancing/english/9.png,https://mexicandancemasks.com/wp-content/uploads/2014/07/xonalpubanner.png,MEXICO,dancing,dancing,english,people dancing in Mexico,people dancing in Mexico,0.8128
images/MEXICO/dancing/dancing/english/3.jpg,https://www.guinnessworldrecords.com/news/2011/9/images/mexican-folk-dancing-main-13051.jpg,MEXICO,dancing,dancing,english,people dancing in Mexico,people dancing in Mexico,0.8083
images/MEXICO/dancing/dancing/english/7.jpg,https://i.ytimg.com/vi/MEmKvB5FU6c/maxresdefault.jpg,MEXICO,dancing,dancing,english,people dancing in Mexico,people dancing in Mexico,0.7936
images/MEXICO/dancing/dancing/translated/4.jpg,https://i.ytimg.com/vi/Jc39CK9VLZo/maxresdefault.jpg,MEXICO,dancing,dancing,translated,personas bailando en México,people dancing in Mexico,0.789
images/MEXICO/eating/eating/english/8.jpg,https://www.ediblegeography.com/wp-content/uploads/2010/07/93-Food-stand.jpg,MEXICO,eating,eating,english,people eating food in Mexico,people eating food in Mexico,0.8107
images/MEXICO/eating/eating/translated/4.jpg,https://i.ytimg.com/vi/TODmILuYwA4/mqdefault.jpg,MEXICO,eating,eating,translated,personas comiendo comida en México,people eating food in Mexico,0.8072
images/MEXICO/eating/eating/translated/9.jpg,https://i.ytimg.com/vi/9abM12L8uSo/hqdefault.jpg,MEXICO,eating,eating,translated,personas comiendo comida en México,people eating food in Mexico,0.8028
images/MEXICO/eating/eating/english/9.jpg,https://i.ytimg.com/vi/C6BmqXXVt6Q/hqdefault.jpg,MEXICO,eating,eating,english,people eating food in Mexico,people eating food in Mexico,0.7986
images/MEXICO/eating/eating/translated/5.jpg,https://i.ytimg.com/vi/E2jypa84Sq8/hq720.jpg?sqp\u003d-oaymwEhCK4FEIIDSFryq4qpAxMIARUAAAAAGAElAADIQj0AgKJD\u0026rs\u003dAOn4CLAVXtA7Poiv8oas7elE2Efw-X2zpg,MEXICO,eating,eating,translated,personas comiendo comida en México,people eating food in Mexico,0.7823
images/MEXICO/eating/home/translated/10.jpg,https://i.ytimg.com/vi/68Gd-vJuT68/hqdefault.jpg?v\u003d63f7fdf3,MEXICO,eating,home,translated,personas comiendo comida en casa en México,people eating food at home in Mexico,0.8626
images/MEXICO/eating/home/english/7.jpg,https://i.ytimg.com/vi/1-vAe2VUFuM/sddefault.jpg,MEXICO,eating,home,english,people eating food at home in Mexico,people eating food at home in Mexico,0.8312
images/MEXICO/eating/home/english/9.jpeg,https://lailluminator.com/wp-content/uploads/2025/03/fatima-scaled-1-1536x1152.jpeg,MEXICO,eating,home,english,people eating food at home in Mexico,people eating food at home in Mexico,0.8183
images/MEXICO/eating/home/english/10.jpg,https://i.ytimg.com/vi/_K9j54gq4Hk/sddefault.jpg,MEXICO,eating,home,english,people eating food at home in Mexico,people eating food at home in Mexico,0.7849
images/MEXICO/eating/home/translated/6.jpg,https://i.ytimg.com/vi/bohB5-HstRI/sddefault.jpg,MEXICO,eating,home,translated,personas comiendo comida en casa en México,people eating food at home in Mexico,0.7799
images/MEXICO/eating/restaurant/translated/5.jpg,https://i.ytimg.com/vi/TODmILuYwA4/hqdefault.jpg,MEXICO,eating,restaurant,translated,personas comiendo comida en un restaurante en México,people eating food in restaurant in Mexico,0.816
images/MEXICO/eating/restaurant/english/9.jpeg,https://bethgraham.com/wp-content/uploads/2025/04/IMG_6181-393x524.jpeg,MEXICO,eating,restaurant,english,people eating food in restaurant in Mexico,people eating food in restaurant in Mexico,0.752
images/MEXICO/eating/restaurant/translated/6.jpg,https://i.ytimg.com/vi/y97JzvWGUCI/maxresdefault.jpg,MEXICO,eating,restaurant,translated,personas comiendo comida en un restaurante en México,people eating food in restaurant in Mexico,0.7222
images/MEXICO/eating/restaurant/translated/1.jpg,https://i.ytimg.com/vi/_u43Pq2zDDw/maxresdefault.jpg,MEXICO,eating,restaurant,translated,personas comiendo comida en un restaurante en México,people eating food in restaurant in Mexico,0.7189
images/MEXICO/eating/restaurant/english/10.jpg,https://mxunderground.com/wp-content/uploads/2023/06/dishes-1024x1024.jpg,MEXICO,eating,restaurant,english,people eating food in restaurant in Mexico,people eating food in restaurant in Mexico,0.7069
images/MEXICO/funeral/funeral/english/3.jpg,https://gdb.voanews.com/3bd38dc9-dbee-4fd5-9fc4-47d50cebc704_cx0_cy4_cw0_w408_r1_s.jpg,MEXICO,funeral,funeral,english,people attending a funeral ceremony in Mexico,people attending a funeral ceremony in Mexico,0.7898
images/MEXICO/funeral/funeral/english/5.jpg,https://cloudfront-us-east-2.images.arcpublishing.com/reuters/LBAXE3GFKZLTPHKY3OIZPGS6OY.jpg,MEXICO,funeral,funeral,english,people attending a funeral ceremony in Mexico,people attending a funeral ceremony in Mexico,0.7443
images/MEXICO/funeral/funeral/translated/5.jpg,https://i.ytimg.com/vi/W8kaS_5YRcw/hq720.jpg?sqp\u003d-oaymwEhCK4FEIIDSFryq4qpAxMIARUAAAAAGAElAADIQj0AgKJD\u0026rs\u003dAOn4CLCPZFG8aOmjpacJgz-zHhFGi2Za3w,MEXICO,funeral,funeral,translated,personas asistiendo a una ceremonia fúnebre en México,people attending a funeral ceremony in Mexico,0.7092
images/MEXICO/funeral/funeral/english/1.jpg,https://deathscent.com/wp-content/uploads/2021/11/img-674.jpg,MEXICO,funeral,funeral,english,people attending a funeral ceremony in Mexico,people attending a funeral ceremony in Mexico,0.7069
images/MEXICO/funeral/funeral/translated/9.jpg,https://nuestra-zona.com/wp-content/uploads/2020/04/funeral2.jpg,MEXICO,funeral,funeral,translated,personas asistiendo a una ceremonia fúnebre en México,people attending a funeral ceremony in Mexico,0.7067
images/MEXICO/game/Dominoes/translated/8.jpg,https://blogger.googleusercontent.com/img/b/R29vZ2xl/AVvXsEhlUG-_utGVyNyV7OtN2nyjYDznt73gRew6NRSeWwBuygAuzUrsUoFo1Otm1KOO4apm8bK04xqTNEDRH480xj7zJRFUDEX6KAB-8Mkun7Ey_wGH46AAg155_1hIzx50R9mqSsAVl_sxyro8/s220/domino%252C+cubanos.jpg,MEXICO,game,Dominoes,translated,personas jugando dominó en México,people playing dominoes in Mexico,0.988
images/MEXICO/game/Dominoes/translated/3.jpg,https://images.freeimages.com/images/premium/previews/2158/21580508-poeple-playing-domino.jpg,MEXICO,game,Dominoes,translated,personas jugando dominó en México,people playing dominoes in Mexico,0.879
images/MEXICO/game/Dominoes/english/5.jpg,https://www.coololdgames.com/wp-content/uploads/2019/03/mexican-train-dominoes-players.jpg,MEXICO,game,Dominoes,english,people playing dominoes in Mexico,people playing dominoes in Mexico,0.8626
images/MEXICO/game/Dominoes/translated/4.jpg,https://www.caribbeantours.ch/wp-content/uploads/2022/06/bt-meet-cuban-people-play-domino-caribbean-tours.jpg,MEXICO,game,Dominoes,translated,personas jugando dominó en México,people playing dominoes in Mexico,0.8595
images/MEXICO/game/Dominoes/translated/6.jpg,https://sergrande-web.com/wp-content/uploads/2021/02/Domino-juego-origen-historia-1.jpg,MEXICO,game,Dominoes,translated,personas jugando dominó en México,people playing dominoes in Mexico,0.8428
images/MEXICO/game/Lotería/english/5.png,https://muertolandia.com/cdn/shop/articles/blog-loteria_345x345@2x.png?v\u003d1606771877,MEXICO,game,Lotería,english,people playing Lotería in Mexico,people playing Lotería in Mexico,0.8838
images/MEXICO/game/Lotería/english/4.jpg,https://www.lamaruniversitypress.com/_files/images/2019/10/loteria3-10-10-es.jpg,MEXICO,game,Lotería,english,people playing Lotería in Mexico,people playing Lotería in Mexico,0.8034
images/MEXICO/game/Lotería/translated/2.jpg,https://www.debate.com.mx/__export/1680710517457/sites/debate/img/2023/04/05/loteria_meme.jpg_1902800913.jpg,MEXICO,game,Lotería,translated,personas jugando Lotería en México,people playing Lotería in Mexico,0.7693
images/MEXICO/game/Lotería/english/7.jpg,https://i.ytimg.com/vi/UZWAN18n474/hq720.jpg?sqp\u003d-oaymwEhCK4FEIIDSFryq4qpAxMIARUAAAAAGAElAADIQj0AgKJD\u0026rs\u003dAOn4CLCQOKu_KHjW3L6YSOPCH7kzVW9F6Q,MEXICO,game,Lotería,english,people playing Lotería in Mexico,people playing Lotería in Mexico,0.769
images/MEXICO/game/Lotería/english/9.jpg,https://images.squarespace-cdn.com/content/v1/59cc5e2132601e71f0d04b1f/1517690984420-JTILRQKKOHRKFWYOD4KS/loteria-mexican-game-traditions-4.jpg,MEXICO,game,Lotería,english,people playing Lotería in Mexico,people playing Lotería in Mexico,0.755
images/MEXICO/game/Pelota mixteca/english/6.jpg,https://img.globaltimoto.com/covers/game-25_auto_cover.jpg,MEXICO,game,Pelota mixteca,english,people playing Pelota mixteca in Mexico,people playing Pelota mixteca in Mexico,0.793
images/MEXICO/game/Pelota mixteca/translated/6.jpg,https://imparcialoaxaca.mx/wp-content/uploads/2019/09/Pelota-4-2.jpg,MEXICO,game,Pelota mixteca,translated,personas jugando Pelota mixteca en México,people playing Pelota mixteca in Mexico,0.7787
images/MEXICO/game/Pelota mixteca/translated/8.jpg,https://upload.wikimedia.org/wikipedia/commons/a/aa/Pelota_mixteca_ball%2C_glove%2C_%26_player_%28S_Kraft%29.jpg,MEXICO,game,Pelota mixteca,translated,personas jugando Pelota mixteca en México,people playing Pelota mixteca in Mexico,0.7544
images/MEXICO/game/Pelota mixteca/english/1.jpeg,https://www.traditionalsports.org/images/sports/north_america/pelota_mixteca/gallery/Pelota_Mixteca3.jpeg,MEXICO,game,Pelota mixteca,english,people playing Pelota mixteca in Mexico,people playing Pelota mixteca in Mexico,0.7388
images/MEXICO/game/Pelota mixteca/english/9.jpg,https://www.vivapuerto.com/vp21/images/pelota3_full.jpg,MEXICO,game,Pelota mixteca,english,people playing Pelota mixteca in Mexico,people playing Pelota mixteca in Mexico,0.7315
images/MEXICO/game/Pelota purépecha/translated/3.jpg,https://www.gob.mx/cms/uploads/article/main_image/126439/1_Auct_ctonos_Ethnodeporte_2.jpg,MEXICO,game,Pelota purépecha,translated,personas jugando Pelota purépecha en México,people playing Pelota purépecha in Mexico,0.7416
images/MEXICO/game/Pelota purépecha/english/3.jpg,https://blogger.googleusercontent.com/img/b/R29vZ2xl/AVvXsEjTZ-niJ95As42WB8mFoUNckE6F8CKYjxA-mqXWRBvkUli6FSRIczyQcsutm1kfExLJDkQvQnqsEYul-Tpc_zrzV0yW-aAOAj57AE8NTlVOlAtJ5H8j79TWgGWF5VDUWMbPwKrXcu3lllZN/s1600/pelota_encendida_sml.jpg,MEXICO,game,Pelota purépecha,english,people playing Pelota purépecha in Mexico,people playing Pelota purépecha in Mexico,0.7163
images/MEXICO/game/Pelota purépecha/translated/5.jpg,https://cloudfront-us-east-1.images.arcpublishing.com/eluniversal/RVUOBKQDLFEGLOFBNXBK2BFOCA.jpg,MEXICO,game,Pelota purépecha,translated,personas jugando Pelota purépecha en México,people playing Pelota purépecha in Mexico,0.7139
images/MEXICO/game/Pelota purépecha/english/10.jpg,https://static01.nyt.com/images/2018/03/15/fashion/15pelota-mixteca-print-1/merlin_134249111_c8aff5b8-0935-48ce-99be-1ca2b26ef067-superJumbo.jpg,MEXICO,game,Pelota purépecha,english,people playing Pelota purépecha in Mexico,people playing Pelota purépecha in Mexico,0.7008
images/MEXICO/game/Pelota purépecha/english/7.jpg,https://i.ytimg.com/vi/JhBSDX4IHqQ/mqdefault.jpg,MEXICO,game,Pelota purépecha,english,people playing Pelota purépecha in Mexico,people playing Pelota purépecha in Mexico,0.6542
images/MEXICO/game/Ulama/translated/3.jpg,https://mxc.com.mx/wp-content/uploads/2024/08/rescate-juego-pelota-unam-12.jpg-8.jpg,MEXICO,game,Ulama,translated,personas jugando Ulama en México,people playing Ulama in Mexico,0.7642
images/MEXICO/game/Ulama/translated/4.jpg,https://www.gob.mx/cms/uploads/image/file/968839/Ulama_3.jpg,MEXICO,game,Ulama,translated,personas jugando Ulama en México,people playing Ulama in Mexico,0.7575
images/MEXICO/game/Ulama/translated/8.jpeg,https://www.gob.mx/cms/uploads/image/file/822148/Ulama_de_cadera.jpeg,MEXICO,game,Ulama,translated,personas jugando Ulama en México,people playing Ulama in Mexico,0.7546
images/MEXICO/game/Ulama/translated/9.jpg,https://mazatlaninteractivo.com.mx/wp-content/uploads/2020/03/Ulama-Rescate-Elaboraci%C3%B3n-de-Pelota-UNAM-Roberto-Roch%C3%ADn-2020-8-1008x1024.jpg,MEXICO,game,Ulama,translated,personas jugando Ulama en México,people playing Ulama in Mexico,0.7345
images/MEXICO/game/Ulama/english/10.jpg,https://www.americanindianmagazine.org/sites/default/files/styles/max_1300x1300/public/2017-12/fig_16_ulama_players_in_xcaret_quintana_roo_disguised_as_ancient_maya_foto-_manuel_aguilar-moreno.jpg?itok\u003de8QAqYB-,MEXICO,game,Ulama,english,people playing Ulama in Mexico,people playing Ulama in Mexico,0.7131
images/MEXICO/game/game/english/10.jpg,"https://res.cloudinary.com/jerrick/image/upload/d_642250b563292b35f27461a7.png,f_jpg,q_auto,w_720/6238eca548b99f001d83a87d.jpg",MEXICO,game,game,english,people playing game in Mexico,people playing game in Mexico,0.786
images/MEXICO/game/game/english/8.jpg,https://bloximages.newyork1.vip.townnews.com/benningtonbanner.com/content/tncms/assets/v3/editorial/b/26/b26cc010-cfa9-11ef-bc1e-6ba938255216/6781ab9a2c2b5.image.jpg?resize\u003d750%2C500,MEXICO,game,game,english,people playing game in Mexico,people playing game in Mexico,0.7572
images/MEXICO/game/game/english/6.jpg,https://media.npr.org/assets/img/2010/06/11/IMG_5069_wide-63ff3c84412f8011205847b6981b2dc4bff99bcc.jpg?s\u003d1100\u0026c\u003d50\u0026f\u003djpeg,MEXICO,game,game,english,people playing game in Mexico,people playing game in Mexico,0.6835
images/MEXICO/game/game/english/1.jpg,https://enthusiasticaboutlife.com/wp-content/uploads/2016/06/copa-america-3.jpg,MEXICO,game,game,english,people playing game in Mexico,people playing game in Mexico,0.6767
images/MEXICO/game/game/english/7.jpg,https://plazamariachi.com/wp-content/uploads/2020/05/loteria-fam.jpg,MEXICO,game,game,english,people playing game in Mexico,people playing game in Mexico,0.669
images/MEXICO/greeting/abrazo/english/8.jpg,https://i.ytimg.com/vi/5490FTj4wbs/hq2.jpg?sqp\u003d-oaymwEYCOgCEOgCSFryq4qpAwoIARUAAIhC0AEB\u0026rs\u003dAOn4CLCcvgTm00bLXXBztu_iXJCn8RaN2A,MEXICO,greeting,abrazo,english,two people greeting with abrazo in Mexico,two people greeting with abrazo in Mexico,0.806
images/MEXICO/greeting/abrazo/english/9.jpg,https://gdb.voanews.com/36315851-59b6-4353-b7af-85466e331d30_w408_r1_s.jpg,MEXICO,greeting,abrazo,english,two people greeting with abrazo in Mexico,two people greeting with abrazo in Mexico,0.7487
images/MEXICO/greeting/abrazo/translated/10.png,https://www.protocolo.org/extfiles/i-11837-cG.22552.1.png,MEXICO,greeting,abrazo,translated,dos personas saludándose con un abrazo en México,two people greeting with abrazo in Mexico,0.7142
images/MEXICO/greeting/abrazo/translated/2.jpg,https://us.images.westend61.de/0001741190pw/mujeres-sentadas-juntas-en-un-cafe-saludandose-con-un-abrazo-dos-amigas-reunidas-en-un-cafe-JLPSF14431.jpg,MEXICO,greeting,abrazo,translated,dos personas saludándose con un abrazo en México,two people greeting with abrazo in Mexico,0.698
images/MEXICO/greeting/abrazo/english/7.jpg,https://s.abcnews.com/images/US/abc_reunionfam_le_170201_4x3t_992.jpg,MEXICO,greeting,abrazo,english,two people greeting with abrazo in Mexico,two people greeting with abrazo in Mexico,0.698
images/MEXICO/greeting/greeting/translated/5.jpg,https://www.gob.mx/cms/uploads/article/main_image/1901/Blog04061510.jpg,MEXICO,greeting,greeting,translated,personas saludando en México,people greeting in Mexico,0.79
images/MEXICO/greeting/greeting/english/6.jpg,https://www.hindustantimes.com/ht-img/img/2025/05/02/550x309/Cinco-de-Mayo-celebrations_1745933714667_1746195577703.jpg,MEXICO,greeting,greeting,english,people greeting in Mexico,people greeting in Mexico,0.7355
images/MEXICO/greeting/greeting/translated/4.jpg,https://cloudfront-us-east-1.images.arcpublishing.com/infobae/KZAZGRO7ERHFZATKJIIOX6YAXQ.jpg,MEXICO,greeting,greeting,translated,personas saludando en México,people greeting in Mexico,0.7147
images/MEXICO/greeting/greeting/english/8.jpg,https://globaldiversityhub.com/wp-content/uploads/2023/09/Peru-Greetings-300x237.jpg,MEXICO,greeting,greeting,english,people greeting in Mexico,people greeting in Mexico,0.7022
images/MEXICO/greeting/greeting/translated/10.jpg,http://www.contrareplica.mx/uploads/2023/09/11/normal/0b587b6a179ab3b1b7a8988bda1ac2c2.jpg,MEXICO,greeting,greeting,translated,personas saludando en México,people greeting in Mexico,0.6727
images/MEXICO/greeting/handshake/english/4.jpg,"https://www.economist.com/cdn-cgi/image/width\u003d1424,quality\u003d80,format\u003dauto/sites/default/files/images/print-edition/20160820_AMP002_0.jpg",MEXICO,greeting,handshake,english,two people greeting with handshake in Mexico,two people greeting with handshake in Mexico,0.8417
images/MEXICO/greeting/handshake/translated/4.jpg,https://as1.ftcdn.net/jpg/03/98/95/96/1000_F_398959640_miNqNT9xVU6I5zgsxQDCH9NK8nj8L8ux.jpg,MEXICO,greeting,handshake,translated,dos personas saludándose con un apretón de manos en México,two people greeting with handshake in Mexico,0.8169
images/MEXICO/greeting/handshake/translated/8.jpg,https://t4.ftcdn.net/jpg/01/28/45/93/360_F_128459390_ozdeZEyAIFrUgQSMITZbFWY8s4iAagDF.jpg,MEXICO,greeting,handshake,translated,dos personas saludándose con un apretón de manos en México,two people greeting with handshake in Mexico,0.7865
images/MEXICO/greeting/handshake/english/7.jpg,https://upload.wikimedia.org/wikipedia/commons/6/69/Hermandad_-_friendship.jpg,MEXICO,greeting,handshake,english,two people greeting with handshake in Mexico,two people greeting with handshake in Mexico,0.7784
images/MEXICO/greeting/handshake/translated/2.png,https://w7.pngwing.com/pngs/658/510/png-transparent-2-people-shaking-hands-sincerely-handshake-hand-two-hands.png,MEXICO,greeting,handshake,translated,dos personas saludándose con un apretón de manos en México,two people greeting with handshake in Mexico,0.775
images/MEXICO/greeting/kiss on the cheek/translated/5.jpg,https://album.mediaset.es/eimg/2024/11/19/beso-en-la-mejilla_f6dc.jpg?w\u003d480,MEXICO,greeting,kiss on the cheek,translated,dos personas saludándose con un beso en la mejilla en México,two people greeting with kiss on the cheek in Mexico,0.7693
images/MEXICO/greeting/kiss on the cheek/translated/8.jpg,https://www.chilevision.cl/chilevision/wp-content/imag/205897.jpg,MEXICO,greeting,kiss on the cheek,translated,dos personas saludándose con un beso en la mejilla en México,two people greeting with kiss on the cheek in Mexico,0.7666
images/MEXICO/greeting/kiss on the cheek/translated/3.jpeg,https://listindiario.com/files/main_image/uploads/2019/09/07/642e353156658.jpeg,MEXICO,greeting,kiss on the cheek,translated,dos personas saludándose con un beso en la mejilla en México,two people greeting with kiss on the cheek in Mexico,0.7554
images/MEXICO/greeting/kiss on the cheek/translated/4.jpg,https://www.laprensagrafica.com/__export/1505083453819/sites/prensagrafica/img/2017/05/25/e95a3800-7dbc-4499-81e5-262f5343f9d5.jpg_20896918.jpg,MEXICO,greeting,kiss on the cheek,translated,dos personas saludándose con un beso en la mejilla en México,two people greeting with kiss on the cheek in Mexico,0.736
images/MEXICO/greeting/kiss on the cheek/translated/7.png,https://i0.wp.com/cidi.com/wp-content/uploads/2023/05/Dos-besos-saludo.png?resize\u003d1140%2C333\u0026ssl\u003d1,MEXICO,greeting,kiss on the cheek,translated,dos personas saludándose con un beso en la mejilla en México,two people greeting with kiss on the cheek in Mexico,0.7347
images/MEXICO/religious/Catholic mass/translated/1.jpg,https://www.colimanoticias.com/wp-content/uploads/2020/03/misas-cato%CC%81licas.jpg,MEXICO,religious,Catholic mass,translated,misa católica en México,Catholic mass in Mexico,0.8657
images/MEXICO/religious/Catholic mass/english/2.jpg,https://onepeterfive.com/wp-content/uploads/2018/05/Campeche-2.jpg,MEXICO,religious,Catholic mass,english,Catholic mass in Mexico,Catholic mass in Mexico,0.8384
images/MEXICO/religious/Catholic mass/english/1.jpg,https://cloudfront-us-east-2.images.arcpublishing.com/reuters/VCNBIBMXSVKVPLNSGWCEI4TI4Q.jpg,MEXICO,religious,Catholic mass,english,Catholic mass in Mexico,Catholic mass in Mexico,0.8168
images/MEXICO/religious/Catholic mass/english/6.jpg,https://i.pinimg.com/736x/75/ff/60/75ff604ef0bb43e4f9b56d33e910402f.jpg,MEXICO,religious,Catholic mass,english,Catholic mass in Mexico,Catholic mass in Mexico,0.8073
images/MEXICO/religious/Catholic mass/english/8.jpeg,https://blogger.googleusercontent.com/img/b/R29vZ2xl/AVvXsEgggYMpQ2HD_cuFGnBKXA3DaMGAmq5LLuTYlcqkdgsVUervma57rpNtiG2mOVpVGtvWr6YH_DK3Mo82H_pNzF_2_jGSLcpPN3BEM0b7Di7hp52FimXsRInExmPD49QiocJmE5mG/s1600/1902.jpeg,MEXICO,religious,Catholic mass,english,Catholic mass in Mexico,Catholic mass in Mexico,0.7746
images/MEXICO/religious/pilgrimage to Basilica of Guadalupe/english/4.jpg,https://i.ytimg.com/vi/Riy0O8ylG2k/maxresdefault.jpg,MEXICO,religious,pilgrimage to Basilica of Guadalupe,english,pilgrimage to Basilica of Guadalupe in Mexico,pilgrimage to Basilica of Guadalupe in Mexico,0.8278
images/MEXICO/religious/pilgrimage to Basilica of Guadalupe/english/8.jpg,https://www.206tours.com/cms/wp-content/uploads/2023/08/our-lady-of-guadalupe-pilgrimage.jpg,MEXICO,religious,pilgrimage to Basilica of Guadalupe,english,pilgrimage to Basilica of Guadalupe in Mexico,pilgrimage to Basilica of Guadalupe in Mexico,0.789
images/MEXICO/religious/pilgrimage to Basilica of Guadalupe/translated/10.jpg,https://preferiscoilparadiso.com/wp-content/uploads/2024/08/guadalupe-high.jpg,MEXICO,religious,pilgrimage to Basilica of Guadalupe,translated,peregrinación a la Basílica de Guadalupe en México,pilgrimage to Basilica of Guadalupe in Mexico,0.788
images/MEXICO/religious/pilgrimage to Basilica of Guadalupe/english/1.jpg,https://cloudfront-us-east-2.images.arcpublishing.com/reuters/VCNBIBMXSVKVPLNSGWCEI4TI4Q.jpg,MEXICO,religious,pilgrimage to Basilica of Guadalupe,english,pilgrimage to Basilica of Guadalupe in Mexico,pilgrimage to Basilica of Guadalupe in Mexico,0.7647
images/MEXICO/religious/pilgrimage to Basilica of Guadalupe/translated/6.jpg,https://www.euroamerica.pl/img/produkty/xmin40-pielgrzymka-guadelupe1.jpg.pagespeed.ic.X2_6OAJ8gS.jpg,MEXICO,religious,pilgrimage to Basilica of Guadalupe,translated,peregrinación a la Basílica de Guadalupe en México,pilgrimage to Basilica of Guadalupe in Mexico,0.7637
images/MEXICO/religious/praying/english/6.jpg,https://i.ytimg.com/vi/ssuWcix9Ypo/sddefault.jpg,MEXICO,religious,praying,english,people praying in Mexico,people praying in Mexico,0.795
images/MEXICO/religious/praying/english/10.jpg,https://broadview.org/wp-content/uploads/2019/10/webRNS-Interfaith-Border4-102819.jpg,MEXICO,religious,praying,english,people praying in Mexico,people praying in Mexico,0.7639
images/MEXICO/religious/praying/english/2.jpg,https://johnnymonsarrat.net/wp-content/uploads/2009/11/image604.jpg,MEXICO,religious,praying,english,people praying in Mexico,people praying in Mexico,0.7622
images/MEXICO/religious/praying/english/4.jpg,http://www.oclarim.com.mo/en/files/2023/09/FOTO-2.jpg,MEXICO,religious,praying,english,people praying in Mexico,people praying in Mexico,0.7428
images/MEXICO/religious/praying/english/3.jpeg,https://akm-img-a-in.tosshub.com/indiatoday/images/story/202211/mexcio%20lead-sixteen_nine_7.jpeg?VersionId\u003dGJl9y093tHpvD5DtzLSTNJIk5pexgZkx\u0026size\u003d690:388,MEXICO,religious,praying,english,people praying in Mexico,people praying in Mexico,0.7172
images/MEXICO/religious/religious/translated/1.jpg,https://unamglobal.unam.mx/wp-content/uploads/2023/04/8-3-scaled.jpg,MEXICO,religious,religious,translated,personas participando en un evento religioso tradicional en México,people participating in a traditional religious event in Mexico,0.8396
images/MEXICO/religious/religious/translated/7.jpg,https://mexicana.cultura.gob.mx/work/models/repositorio/Resource/291/1/images/fiestas_2.jpg,MEXICO,religious,religious,translated,personas participando en un evento religioso tradicional en México,people participating in a traditional religious event in Mexico,0.7915
images/MEXICO/religious/religious/english/4.jpg,https://i0.wp.com/blog.vibeadventures.com/wp-content/uploads/2025/03/Curandero_-_Traditional_Healer_19906586511.jpg?resize\u003d1024%2C819\u0026ssl\u003d1,MEXICO,religious,religious,english,people participating in a traditional religious event in Mexico,people participating in a traditional religious event in Mexico,0.7902
images/MEXICO/religious/religious/english/9.jpg,https://upload.wikimedia.org/wikipedia/commons/c/c4/Gran_Guelaguetza.jpg,MEXICO,religious,religious,english,people participating in a traditional religious event in Mexico,people participating in a traditional religious event in Mexico,0.7631
images/MEXICO/religious/religious/translated/6.png,https://www.tuxpan-jal.gob.mx/webok/wp-content/uploads/2023/08/SEMANA.png,MEXICO,religious,religious,translated,personas participando en un evento religioso tradicional en México,people participating in a traditional religious event in Mexico,0.7609
images/MEXICO/wedding/wedding/english/8.jpg,https://www.eivans.com/wp-content/uploads/2020/06/mexican-wedding-55.jpg,MEXICO,wedding,wedding,english,wedding celebration in Mexico,wedding celebration in Mexico,0.8142
images/MEXICO/wedding/wedding/english/5.png,https://jladsonweddings.com/wp-content/uploads/2024/06/image-48-684x1024.png,MEXICO,wedding,wedding,english,wedding celebration in Mexico,wedding celebration in Mexico,0.8019
images/MEXICO/wedding/wedding/translated/8.jpg,https://i.ytimg.com/vi/Up9g8rd7H_4/sddefault.jpg,MEXICO,wedding,wedding,translated,celebración de boda en México,wedding celebration in Mexico,0.7983
images/MEXICO/wedding/wedding/translated/2.jpg,https://bodasyweddings.com/wp-content/uploads/2016/11/Fiesta-en-el-jardin.jpg,MEXICO,wedding,wedding,translated,celebración de boda en México,wedding celebration in Mexico,0.7735
images/MEXICO/wedding/wedding/translated/3.jpg,https://album.mediaset.es/eimg/10000/2022/02/23/clipping_NtlXSH_fb64.jpg?w\u003d1200,MEXICO,wedding,wedding,translated,celebración de boda en México,wedding celebration in Mexico,0.7734
images/NEPAL/celebration/Dashain/english/4.jpg,https://i.ytimg.com/vi/IvzGwzxh_xQ/hqdefault.jpg,NEPAL,celebration,Dashain,english,people participating in Dashain in Nepal,people participating in Dashain in Nepal,0.8318
images/NEPAL/celebration/Dashain/english/10.jpg,https://namastenepaltrekking.com/wp-content/uploads/2024/10/Tika-image-1024x577.jpg,NEPAL,celebration,Dashain,english,people participating in Dashain in Nepal,people participating in Dashain in Nepal,0.7686
images/NEPAL/celebration/Dashain/english/5.jpg,https://www.magicalnepal.com/wp-content/uploads/2024/12/dashain-gathering-scaled-1-684x1024.jpg,NEPAL,celebration,Dashain,english,people participating in Dashain in Nepal,people participating in Dashain in Nepal,0.7503
images/NEPAL/celebration/Dashain/english/1.jpg,https://www.relaxgetaways.com/uploads/media/10%20Places%20Most%20of%20the%20Travelers%20Miss%20In%20Nepal/Autumn%20Festivals%20in%20Nepal:%20Dashain%20and%20Tihar%20Celebrations/Dashain%20and%20Tihar%20Celebrations.jpg,NEPAL,celebration,Dashain,english,people participating in Dashain in Nepal,people participating in Dashain in Nepal,0.7246
images/NEPAL/celebration/Dashain/english/8.jpg,https://himalayantrekkers.com/api/images/5d1c0c0497b78c296fcac86c27987a76.jpg,NEPAL,celebration,Dashain,english,people participating in Dashain in Nepal,people participating in Dashain in Nepal,0.7088
images/NEPAL/celebration/Gai Jatra/translated/3.jpg,https://images.nagariknewscdn.com/archive/17-20/media/2019/August/gaijatra.jpg,NEPAL,celebration,Gai Jatra,translated,नेपालमा गाई जात्रामा सहभागी हुने मानिसहरू,people participating in Gai Jatra in Nepal,0.9032
images/NEPAL/celebration/Gai Jatra/english/8.jpg,https://travellerstreasure.com/wp-content/uploads/2015/08/gai-jatra-kathmandu-2.jpg,NEPAL,celebration,Gai Jatra,english,people participating in Gai Jatra in Nepal,people participating in Gai Jatra in Nepal,0.8518
images/NEPAL/celebration/Gai Jatra/english/2.jpg,https://d3lzcn6mbbadaf.cloudfront.net/media/details/77f40372-3f78-4531-8771-a78476feec732022081317034420220813174306.jpg,NEPAL,celebration,Gai Jatra,english,people participating in Gai Jatra in Nepal,people participating in Gai Jatra in Nepal,0.8501
images/NEPAL/celebration/Gai Jatra/english/1.jpg,https://www.volunteerworldnepal.org/wp-content/uploads/2024/08/celebrations-of-gai-jatra-festival-in-kathmandu-valley.jpg,NEPAL,celebration,Gai Jatra,english,people participating in Gai Jatra in Nepal,people participating in Gai Jatra in Nepal,0.8167
images/NEPAL/celebration/Gai Jatra/english/6.jpg,https://www.nepalsanctuarytreks.com/wp-content/uploads/2018/08/gai-jatra-fastival-in-bhaktapur.jpg,NEPAL,celebration,Gai Jatra,english,people participating in Gai Jatra in Nepal,people participating in Gai Jatra in Nepal,0.814
images/NEPAL/celebration/Holi/translated/10.jpg,https://breaknlinks.blr1.cdn.digitaloceanspaces.com/tarai.jpg,NEPAL,celebration,Holi,translated,नेपालमा होलीमा सहभागी हुने मानिसहरू,people participating in Holi in Nepal,0.8742
images/NEPAL/celebration/Holi/english/7.jpg,https://assets-cdn.kathmandupost.com/uploads/source/news/2020/miscellaneous/PICT0413%20(1).jpg,NEPAL,celebration,Holi,english,people participating in Holi in Nepal,people participating in Holi in Nepal,0.8741
images/NEPAL/celebration/Holi/translated/1.jpg,https://annapurnapost.prixacdn.net/media/albums/HOLI_BlRrGZa9cy_X1CFPrHCV4.jpg,NEPAL,celebration,Holi,translated,नेपालमा होलीमा सहभागी हुने मानिसहरू,people participating in Holi in Nepal,0.8716
images/NEPAL/celebration/Holi/english/2.jpg,https://himalayancircuit.com/blog/wp-content/uploads/2024/03/IMG_1001-scaled-e1710652513673-1024x577.jpg,NEPAL,celebration,Holi,english,people participating in Holi in Nepal,people participating in Holi in Nepal,0.8506
images/NEPAL/celebration/Holi/translated/6.jpg,https://npcdn.ratopati.com/media/news/holi_JOUSDV8SP3.jpg,NEPAL,celebration,Holi,translated,नेपालमा होलीमा सहभागी हुने मानिसहरू,people participating in Holi in Nepal,0.8273
images/NEPAL/celebration/Indra Jatra/translated/7.jpg,https://www.khabarhub.com/wp-content/uploads/2019/09/indrajatra_6.jpg,NEPAL,celebration,Indra Jatra,translated,नेपालमा इन्द्र जात्रामा सहभागी हुने मानिसहरू,people participating in Indra Jatra in Nepal,0.9134
images/NEPAL/celebration/Indra Jatra/english/3.jpg,https://republicaimg.nagariknewscdn.com/shared/web/uploads/media/Indra-jatra-main-sept-11_20190911163621.jpg,NEPAL,celebration,Indra Jatra,english,people participating in Indra Jatra in Nepal,people participating in Indra Jatra in Nepal,0.8939
images/NEPAL/celebration/Indra Jatra/english/9.jpg,https://risingnepaldaily.com/storage/media/58786/Untitled-1.jpg,NEPAL,celebration,Indra Jatra,english,people participating in Indra Jatra in Nepal,people participating in Indra Jatra in Nepal,0.8578
images/NEPAL/celebration/Indra Jatra/english/4.jpg,http://www.xinhuanet.com/english/2017-09/06/136587064_15046542099971n.jpg,NEPAL,celebration,Indra Jatra,english,people participating in Indra Jatra in Nepal,people participating in Indra Jatra in Nepal,0.8509
images/NEPAL/celebration/Indra Jatra/english/7.jpg,https://myhotelandhome.com/Images/images/Screenshot_20220908-153140.jpg,NEPAL,celebration,Indra Jatra,english,people participating in Indra Jatra in Nepal,people participating in Indra Jatra in Nepal,0.8423
images/NEPAL/celebration/Nepali New Year/english/3.jpg,https://www.gulf-times.com/uploads/imported_images/Upload/Slider/102016312252478664602141.jpg,NEPAL,celebration,Nepali New Year,english,people participating in Nepali New Year in Nepal,people participating in Nepali New Year in Nepal,0.8518
images/NEPAL/celebration/Nepali New Year/english/8.jpg,https://akm-img-a-in.tosshub.com/indiatoday/images/photo_gallery/202412/nepal_new_year_24365270204451.jpg?VersionId\u003dJGGlcx27dbP2M_rwTqnHypOA63rTCMNg\u0026size\u003d686:*,NEPAL,celebration,Nepali New Year,english,people participating in Nepali New Year in Nepal,people participating in Nepali New Year in Nepal,0.8166
images/NEPAL/celebration/Nepali New Year/english/6.jpg,https://v.greattibettour.com/photos/2021/02/bisket-jatra-04-16842.jpg,NEPAL,celebration,Nepali New Year,english,people participating in Nepali New Year in Nepal,people participating in Nepali New Year in Nepal,0.8103
images/NEPAL/celebration/Nepali New Year/english/4.jpg,https://blog.urbanadventures.com/wp-content/uploads/2014/12/Swasthani-Brata-Katha.jpg,NEPAL,celebration,Nepali New Year,english,people participating in Nepali New Year in Nepal,people participating in Nepali New Year in Nepal,0.755
images/NEPAL/celebration/Nepali New Year/english/2.jpg,https://data.tibettravel.org/assets/images/bhutan/nepal-new-year.jpg,NEPAL,celebration,Nepali New Year,english,people participating in Nepali New Year in Nepal,people participating in Nepali New Year in Nepal,0.755
images/NEPAL/celebration/Tihar/english/4.jpg,https://nht-api.nepalhikingteam.com/media/attachments/media-a8dd2ae4-1744714191.jpg,NEPAL,celebration,Tihar,english,people participating in Tihar in Nepal,people participating in Tihar in Nepal,0.8795
images/NEPAL/celebration/Tihar/english/9.jpg,https://v.greattibettour.com/photos/2021/09/mandala-on-gai-tihar-12-81647.jpg,NEPAL,celebration,Tihar,english,people participating in Tihar in Nepal,people participating in Tihar in Nepal,0.8789
images/NEPAL/celebration/Tihar/english/7.jpg,https://www.himalayandream.team/public/uploads/govardhan-puja.jpg,NEPAL,celebration,Tihar,english,people participating in Tihar in Nepal,people participating in Tihar in Nepal,0.7663
images/NEPAL/celebration/Tihar/english/5.jpg,https://i.ytimg.com/vi/nB1pOr6LyMw/hq720.jpg?sqp\u003d-oaymwEhCK4FEIIDSFryq4qpAxMIARUAAAAAGAElAADIQj0AgKJD\u0026rs\u003dAOn4CLBRa7x3edW_MmAvuP_iea_NX_yQdg,NEPAL,celebration,Tihar,english,people participating in Tihar in Nepal,people participating in Tihar in Nepal,0.7423
images/NEPAL/celebration/Tihar/translated/10.jpg,https://i.ytimg.com/vi/a5bPi_admIY/hq720.jpg?sqp\u003d-oaymwEhCK4FEIIDSFryq4qpAxMIARUAAAAAGAElAADIQj0AgKJD\u0026rs\u003dAOn4CLCXBezEl8Tg7Dquh0zq4bTTgW45vA,NEPAL,celebration,Tihar,translated,नेपालमा तिहारमा सहभागी हुने मानिसहरू,people participating in Tihar in Nepal,0.739
images/NEPAL/celebration/celebration/english/8.jpg,https://data.tibettravel.org/assets/images/nepal/nepal-festival/nepal-festival-dasain.jpg,NEPAL,celebration,celebration,english,people participating in a traditional festival or observance in Nepal,people participating in a traditional festival or observance in Nepal,0.8562
images/NEPAL/celebration/celebration/english/5.jpg,https://www.nepalsanctuarytreks.com/wp-content/uploads/2018/08/gai-jatra-fastival-in-bhaktapur.jpg,NEPAL,celebration,celebration,english,people participating in a traditional festival or observance in Nepal,people participating in a traditional festival or observance in Nepal,0.8468
images/NEPAL/celebration/celebration/english/6.jpg,https://www.buddhatreks.com/assets/images/festival-in-nepal-01.jpg,NEPAL,celebration,celebration,english,people participating in a traditional festival or observance in Nepal,people participating in a traditional festival or observance in Nepal,0.8048
images/NEPAL/celebration/celebration/english/4.jpg,https://v.greattibettour.com/photos/2021/02/chaath-puja-04-97506.jpg,NEPAL,celebration,celebration,english,people participating in a traditional festival or observance in Nepal,people participating in a traditional festival or observance in Nepal,0.7798
images/NEPAL/celebration/celebration/translated/3.jpg,https://rpcdn.ratopati.com/media/albums/nepal_sambat15_zPIq5tC2hF.jpg,NEPAL,celebration,celebration,translated,नेपालमा परम्परागत चाडपर्व वा उत्सवमा सहभागी हुने मानिसहरू,people participating in a traditional festival or observance in Nepal,0.7752
images/NEPAL/concert/concert/english/9.jpg,https://english.onlinekhabar.com/wp-content/uploads/2023/04/Nepal-Music-Festival-1024x683.jpg,NEPAL,concert,concert,english,concert in Nepal,concert in Nepal,0.7773
images/NEPAL/concert/concert/english/3.jpg,https://i.ytimg.com/vi/IRM42Tks80k/sddefault.jpg,NEPAL,concert,concert,english,concert in Nepal,concert in Nepal,0.7712
images/NEPAL/concert/concert/english/7.jpg,https://static.theprint.in/wp-content/uploads/2023/01/ANI-20230121031911.jpg,NEPAL,concert,concert,english,concert in Nepal,concert in Nepal,0.7366
images/NEPAL/concert/concert/english/4.jpg,https://thehimalayantimes.com/uploads/imported_images/wp-content/uploads/2016/09/Nepathaya-5.jpg,NEPAL,concert,concert,english,concert in Nepal,concert in Nepal,0.6891
images/NEPAL/concert/concert/translated/3.jpg,https://everesttimes.net/wp-content/uploads/2024/09/FB_IMG_1726765847504.jpg,NEPAL,concert,concert,translated,नेपालमा कन्सर्ट,concert in Nepal,0.6685
images/NEPAL/concert/indoor/translated/9.jpg,https://assets.deshsanchar.com/wp-content/uploads/2020/02/04212226/84085847_127948392045107_1171192484462592000_o.jpg,NEPAL,concert,indoor,translated,नेपालमा भित्रको कन्सर्ट,indoor concert in Nepal,0.8028
images/NEPAL/concert/indoor/english/9.jpg,https://i.ytimg.com/vi/XOFe14DeTzU/maxresdefault.jpg,NEPAL,concert,indoor,english,indoor concert in Nepal,indoor concert in Nepal,0.7712
images/NEPAL/concert/indoor/english/7.jpg,https://www.arkoevent.com/wp-content/uploads/2024/09/460397600_889469369364712_2726838309046496412_n-600x600.jpg,NEPAL,concert,indoor,english,indoor concert in Nepal,indoor concert in Nepal,0.7438
images/NEPAL/concert/indoor/english/1.png,https://www.arkoevent.com/wp-content/uploads/2024/12/Screenshot-2024-12-17-at-1.35.39%E2%80%AFPM-600x600.png,NEPAL,concert,indoor,english,indoor concert in Nepal,indoor concert in Nepal,0.6944
images/NEPAL/concert/indoor/english/5.jpg,https://thehimalayantimes.com/uploads/imported_images/wp-content/uploads/2020/03/Nepathya.jpg,NEPAL,concert,indoor,english,indoor concert in Nepal,indoor concert in Nepal,0.6902
images/NEPAL/concert/outdoor/english/1.jpg,https://blog.com.np/wp-content/uploads/2009/11/ozomatli_kathmandu_nepal_00.jpg,NEPAL,concert,outdoor,english,outdoor concert in Nepal,outdoor concert in Nepal,0.7994
images/NEPAL/concert/outdoor/english/9.jpg,https://i.ytimg.com/vi/16aiYrP0Yww/maxresdefault.jpg,NEPAL,concert,outdoor,english,outdoor concert in Nepal,outdoor concert in Nepal,0.7639
images/NEPAL/concert/outdoor/english/5.jpeg,https://i0.wp.com/neostuffs.com/wp-content/uploads/2023/11/Arijing-Singh-Live-in-Nepal-2.jpeg?ssl\u003d1,NEPAL,concert,outdoor,english,outdoor concert in Nepal,outdoor concert in Nepal,0.7114
images/NEPAL/concert/outdoor/translated/3.jpg,https://gorkhapatraonline.com/storage/editor/photos/shares/323010984_879117346541918_7922762762302634710_n__1_.jpg,NEPAL,concert,outdoor,translated,नेपालमा बाहिरको कन्सर्ट,outdoor concert in Nepal,0.6929
images/NEPAL/concert/outdoor/english/4.jpg,https://npcdn.ratopati.com/media/news/sonu-nigam-in-nepal-(3)_0pvU0KZiWl.jpg,NEPAL,concert,outdoor,english,outdoor concert in Nepal,outdoor concert in Nepal,0.6556
images/NEPAL/dancing/Deuda dance/translated/9.jpg,https://i.ytimg.com/vi/kAVo4dYFgtc/hq720.jpg?sqp\u003d-oaymwEhCK4FEIIDSFryq4qpAxMIARUAAAAAGAElAADIQj0AgKJD\u0026rs\u003dAOn4CLDSIswtWSa5DLtVH9xWKwE-f9FxTA,NEPAL,dancing,Deuda dance,translated,नेपालमा देउडा नाच्ने मानिसहरू,people dancing Deuda dance in Nepal,0.8125
images/NEPAL/dancing/Deuda dance/english/7.jpg,https://thewondernepal.com/media/uploads/2025/03/04/gurung-dance.jpg,NEPAL,dancing,Deuda dance,english,people dancing Deuda dance in Nepal,people dancing Deuda dance in Nepal,0.7919
images/NEPAL/dancing/Deuda dance/english/1.jpg,https://map.lincoln.ac.uk/files/2023/03/1-e1685648137782-300x169.jpg,NEPAL,dancing,Deuda dance,english,people dancing Deuda dance in Nepal,people dancing Deuda dance in Nepal,0.79
images/NEPAL/dancing/Deuda dance/translated/5.jpg,https://upload.wikimedia.org/wikipedia/commons/8/8f/Deuda_Tudikhel.jpg,NEPAL,dancing,Deuda dance,translated,नेपालमा देउडा नाच्ने मानिसहरू,people dancing Deuda dance in Nepal,0.7879
images/NEPAL/dancing/Deuda dance/english/8.jpg,https://upload.wikimedia.org/wikipedia/commons/e/ee/Lakhey.jpg,NEPAL,dancing,Deuda dance,english,people dancing Deuda dance in Nepal,people dancing Deuda dance in Nepal,0.783
images/NEPAL/dancing/Jhijhiya dance/translated/6.jpg,http://c.files.bbci.co.uk/1554C/production/_126927378_373514b1-4074-44a3-a9e0-77f52bd99558.jpg,NEPAL,dancing,Jhijhiya dance,translated,नेपालमा झिझिया नाच्ने मानिसहरू,people dancing Jhijhiya dance in Nepal,0.7933
images/NEPAL/dancing/Jhijhiya dance/english/3.png,https://upload.wikimedia.org/wikipedia/commons/9/97/Womens_performing_Jhijhiya.png,NEPAL,dancing,Jhijhiya dance,english,people dancing Jhijhiya dance in Nepal,people dancing Jhijhiya dance in Nepal,0.7844
images/NEPAL/dancing/Jhijhiya dance/english/10.jpg,https://images.squarespace-cdn.com/content/v1/61f67be72ecfd876bf8b44fa/aad03c88-8fc7-42fe-9641-10c3f012d3de/jd2.jpg,NEPAL,dancing,Jhijhiya dance,english,people dancing Jhijhiya dance in Nepal,people dancing Jhijhiya dance in Nepal,0.7605
images/NEPAL/dancing/Jhijhiya dance/translated/8.jpg,https://i.ytimg.com/vi/XU3xjxc3Ptw/maxresdefault.jpg,NEPAL,dancing,Jhijhiya dance,translated,नेपालमा झिझिया नाच्ने मानिसहरू,people dancing Jhijhiya dance in Nepal,0.7494
images/NEPAL/dancing/Jhijhiya dance/translated/3.jpg,https://nepalsamaya.com/uploads/posts/%E0%A4%9D%E0%A5%80%E0%A4%9D%E0%A5%80%E0%A4%AF%E0%A4%BE-1634108892.jpg,NEPAL,dancing,Jhijhiya dance,translated,नेपालमा झिझिया नाच्ने मानिसहरू,people dancing Jhijhiya dance in Nepal,0.7457
images/NEPAL/dancing/Lakhey dance/english/7.jpg,https://i.ytimg.com/vi/sce1OJmZeWI/maxresdefault.jpg,NEPAL,dancing,Lakhey dance,english,people performing Lakhey dance in Nepal,people performing Lakhey dance in Nepal,0.8746
images/NEPAL/dancing/Lakhey dance/english/2.jpg,https://i3.ytimg.com/vi/Rzt8_2KyPyE/hqdefault.jpg,NEPAL,dancing,Lakhey dance,english,people performing Lakhey dance in Nepal,people performing Lakhey dance in Nepal,0.8419
images/NEPAL/dancing/Lakhey dance/english/5.jpeg,https://d34vm3j4h7f97z.cloudfront.net/original/4X/8/d/1/8d158a34fcb40462d13ed5922760b857c970454f.jpeg,NEPAL,dancing,Lakhey dance,english,people performing Lakhey dance in Nepal,people performing Lakhey dance in Nepal,0.8409
images/NEPAL/dancing/Lakhey dance/translated/8.jpeg,https://www.setopati.com/uploads/editor/Photos/2020/Kinmel/CG/Sudeep%20Shrestha/Lakhe/Lakhe1.jpeg,NEPAL,dancing,Lakhey dance,translated,नेपालमा लाखे नृत्य गर्ने मानिसहरू,people performing Lakhey dance in Nepal,0.8298
images/NEPAL/dancing/Lakhey dance/english/4.jpg,https://risingnepaldaily.com/storage/media/56512/Untitled-1-(1).jpg,NEPAL,dancing,Lakhey dance,english,people performing Lakhey dance in Nepal,people performing Lakhey dance in Nepal,0.8276
images/NEPAL/dancing/Maruni dance/english/2.jpg,https://thewondernepal.com/media/posts/Maruni-dance.jpg,NEPAL,dancing,Maruni dance,english,people dancing Maruni dance in Nepal,people dancing Maruni dance in Nepal,0.8379
images/NEPAL/dancing/Maruni dance/english/7.jpg,https://upload.wikimedia.org/wikipedia/commons/0/07/Maruni_Dance_Sikkim.jpg,NEPAL,dancing,Maruni dance,english,people dancing Maruni dance in Nepal,people dancing Maruni dance in Nepal,0.8191
images/NEPAL/dancing/Maruni dance/english/8.jpg,https://i0.wp.com/merokalam.com/wp-content/uploads/2016/10/Classical-and-folk-dances-of-Nepal.jpg?resize\u003d599%2C400\u0026ssl\u003d1,NEPAL,dancing,Maruni dance,english,people dancing Maruni dance in Nepal,people dancing Maruni dance in Nepal,0.8097
images/NEPAL/dancing/Maruni dance/english/6.jpg,https://travelogueofkuntala.com/wp-content/uploads/2021/08/dances.jpg,NEPAL,dancing,Maruni dance,english,people dancing Maruni dance in Nepal,people dancing Maruni dance in Nepal,0.7989
images/NEPAL/dancing/Maruni dance/translated/7.jpg,https://i0.wp.com/www.nepalclicks.com/wp-content/uploads/2024/05/DSC_0226-scaled.jpg?fit\u003d2560%2C1707\u0026ssl\u003d1,NEPAL,dancing,Maruni dance,translated,नेपालमा मारुनी नाच्ने मानिसहरू,people dancing Maruni dance in Nepal,0.7914
images/NEPAL/dancing/Peacock dance/english/3.jpg,"https://cdn.getyourguide.com/image/format\u003dauto,fit\u003dcontain,gravity\u003dauto,quality\u003d60,width\u003d1440,height\u003d650,dpr\u003d1/tour_img/3f3aa0d1edad26bf77615a20d3cc3b766b609d2357d78d4a823920f73e89ec88.jpg",NEPAL,dancing,Peacock dance,english,people performing Peacock dance in Nepal,people performing Peacock dance in Nepal,0.8158
images/NEPAL/dancing/Peacock dance/translated/5.jpg,https://www.onlinekhabar.com/wp-content/uploads/2021/11/Mayur-Nach-Surakshya-Pant1.jpg,NEPAL,dancing,Peacock dance,translated,नेपालमा मयूर नृत्य गर्ने मानिसहरू,people performing Peacock dance in Nepal,0.8153
images/NEPAL/dancing/Peacock dance/english/8.jpg,https://english.onlinekhabar.com/wp-content/uploads/2021/11/Ubhauli-parba-kirant-community-1024x683.jpg,NEPAL,dancing,Peacock dance,english,people performing Peacock dance in Nepal,people performing Peacock dance in Nepal,0.8059
images/NEPAL/dancing/Peacock dance/english/7.jpg,https://i.ytimg.com/vi/w9f_h9oov1Y/maxresdefault.jpg,NEPAL,dancing,Peacock dance,english,people performing Peacock dance in Nepal,people performing Peacock dance in Nepal,0.7757
images/NEPAL/dancing/Peacock dance/english/1.jpg,https://i0.wp.com/www.pranish.com.np/wp-content/uploads/2015/11/d346.jpg?fit\u003d660%2C440\u0026ssl\u003d1,NEPAL,dancing,Peacock dance,english,people performing Peacock dance in Nepal,people performing Peacock dance in Nepal,0.7694
images/NEPAL/dancing/Sakela dance/translated/1.jpg,https://www.canadanepal.com/uploads/posts/sakela-2023_rai-culture_rssphoto6-1703601868.jpg?timestamp\u003d1703601868650,NEPAL,dancing,Sakela dance,translated,नेपालमा सकेला नाच्ने मानिसहरू,people dancing Sakela dance in Nepal,0.8081
images/NEPAL/dancing/Sakela dance/english/1.jpg,https://republicaimg.nagariknewscdn.com/shared/web/uploads/media/viber_image_2024-01-06_15-11-18-590_20240106154101.jpg,NEPAL,dancing,Sakela dance,english,people dancing Sakela dance in Nepal,people dancing Sakela dance in Nepal,0.7856
images/NEPAL/dancing/Sakela dance/english/5.jpg,https://republicaimg.nagariknewscdn.com/shared/web/uploads/media/aIMG_1444.jpg,NEPAL,dancing,Sakela dance,english,people dancing Sakela dance in Nepal,people dancing Sakela dance in Nepal,0.775
images/NEPAL/dancing/Sakela dance/english/9.jpg,https://akm-img-a-in.tosshub.com/indiatoday/images/photogallery/202201/Nepal_festival__8__IT_1641278907384.jpg?VersionId\u003dVYkfTh8KW2EeQS7lUWTMm1b.FvjLmpnJ\u0026size\u003d686:*,NEPAL,dancing,Sakela dance,english,people dancing Sakela dance in Nepal,people dancing Sakela dance in Nepal,0.7734
images/NEPAL/dancing/Sakela dance/english/3.jpg,http://streetnepal.com/wp-content/uploads/2014/12/sakela4.jpg,NEPAL,dancing,Sakela dance,english,people dancing Sakela dance in Nepal,people dancing Sakela dance in Nepal,0.7623
images/NEPAL/dancing/dancing/english/1.jpg,https://thewondernepal.com/media/posts/Maruni-dance.jpg,NEPAL,dancing,dancing,english,people dancing in Nepal,people dancing in Nepal,0.8477
images/NEPAL/dancing/dancing/english/3.jpg,https://get.pxhere.com/photo/people-dance-carnival-religion-nepal-religious-festival-culture-dancing-event-tradition-ritual-folk-dance-square-dance-lakhe-ritual-nepal-1247318.jpg,NEPAL,dancing,dancing,english,people dancing in Nepal,people dancing in Nepal,0.8463
images/NEPAL/dancing/dancing/translated/2.jpg,https://i0.wp.com/www.nepalclicks.com/wp-content/uploads/2025/01/putali-nach.jpg?fit\u003d1200%2C800\u0026ssl\u003d1,NEPAL,dancing,dancing,translated,नेपालमा नाच्ने मानिसहरू,people dancing in Nepal,0.8432
images/NEPAL/dancing/dancing/english/9.jpeg,http://www.globaltimes.cn/Portals/0//attachment/2019/2019-06-18/cc43bf86-6a55-4055-bbb2-87df4c6aa211.jpeg,NEPAL,dancing,dancing,english,people dancing in Nepal,people dancing in Nepal,0.8143
images/NEPAL/dancing/dancing/english/7.jpg,https://upload.wikimedia.org/wikipedia/commons/0/07/Maruni_Dance_Sikkim.jpg,NEPAL,dancing,dancing,english,people dancing in Nepal,people dancing in Nepal,0.7867
images/NEPAL/eating/eating/english/1.jpg,http://www.johntyman.com/nepal/n354.jpg,NEPAL,eating,eating,english,people eating food in Nepal,people eating food in Nepal,0.8734
images/NEPAL/eating/eating/translated/8.jpg,https://i.ytimg.com/vi/xHKBPfOk8L0/hq720.jpg?sqp\u003d-oaymwE7CK4FEIIDSFryq4qpAy0IARUAAAAAGAElAADIQj0AgKJD8AEB-AH-CYAC0AWKAgwIABABGHIgSCgmMA8\u003d\u0026rs\u003dAOn4CLCC4XAoPkc96BB6jP0deTjCjys5Sw,NEPAL,eating,eating,translated,नेपालमा खाना खाने मानिसहरू,people eating food in Nepal,0.8643
images/NEPAL/eating/eating/english/9.jpg,https://americanepali.wordpress.com/wp-content/uploads/2011/04/phand.jpg,NEPAL,eating,eating,english,people eating food in Nepal,people eating food in Nepal,0.789
images/NEPAL/eating/eating/english/2.jpg,https://www.wfp.org/sites/default/files/styles/media_embed/public/2023-07/WF1767691_DSC01558_as_Smart_Object-1.jpg?itok\u003dl4Z3SJDG,NEPAL,eating,eating,english,people eating food in Nepal,people eating food in Nepal,0.7281
images/NEPAL/eating/eating/english/10.jpg,https://i0.wp.com/globalroutes.org/staging/8011/wp-content/uploads/2019/10/global_routes_custom_program_nepal_7.jpg?fit\u003d959%2C639\u0026ssl\u003d1,NEPAL,eating,eating,english,people eating food in Nepal,people eating food in Nepal,0.7124
images/NEPAL/eating/home/english/2.jpg,https://i.ytimg.com/vi/Avs2nL9p23o/maxresdefault.jpg?sqp\u003d-oaymwEmCIAKENAF8quKqQMa8AEB-AHUBoAC4AOKAgwIABABGHIgRShMMA8\u003d\u0026rs\u003dAOn4CLCM59-9QIWbTRNHP2LVmKKa3BMvHg,NEPAL,eating,home,english,people eating food at home in Nepal,people eating food at home in Nepal,0.9652
images/NEPAL/eating/home/english/6.jpg,https://i.ytimg.com/vi/3NhPX0aPPFs/hq720.jpg?sqp\u003d-oaymwEhCK4FEIIDSFryq4qpAxMIARUAAAAAGAElAADIQj0AgKJD\u0026rs\u003dAOn4CLDim5ngkRHPntWwpGp5rBDHKr7liA,NEPAL,eating,home,english,people eating food at home in Nepal,people eating food at home in Nepal,0.8643
images/NEPAL/eating/home/english/1.jpg,http://www.johntyman.com/nepal/n354.jpg,NEPAL,eating,home,english,people eating food at home in Nepal,people eating food at home in Nepal,0.8556
images/NEPAL/eating/home/english/3.jpg,https://i.ytimg.com/vi/2pd-Nrqk188/maxresdefault.jpg,NEPAL,eating,home,english,people eating food at home in Nepal,people eating food at home in Nepal,0.8346
images/NEPAL/eating/home/translated/1.jpg,https://assets-cdn.ekantipur.com/uploads/source/news/kantipur/2022/ped/krishna-prasad-14112022032235.jpg,NEPAL,eating,home,translated,नेपालमा घरमा खाना खाने मानिसहरू,people eating food at home in Nepal,0.7662
images/NEPAL/eating/restaurant/english/1.jpg,http://www.johntyman.com/nepal/n354.jpg,NEPAL,eating,restaurant,english,people eating food in restaurant in Nepal,people eating food in restaurant in Nepal,0.772
images/NEPAL/eating/restaurant/english/5.jpg,https://www.pigeontravels.com/wp-content/uploads/2019/04/Dinner.jpg,NEPAL,eating,restaurant,english,people eating food in restaurant in Nepal,people eating food in restaurant in Nepal,0.7458
images/NEPAL/eating/restaurant/translated/9.jpg,https://gorkhapatraonline.com/storage/editor/photos/shares_2023/tmp/yomari_kabita_5.jpg,NEPAL,eating,restaurant,translated,नेपालमा रेस्टुरेन्टमा खाना खाने मानिसहरू,people eating food in restaurant in Nepal,0.7299
images/NEPAL/eating/restaurant/translated/10.jpg,https://www.khabarhub.com/wp-content/uploads/2024/01/maghi-parikar-tharu-16-768x512.jpg,NEPAL,eating,restaurant,translated,नेपालमा रेस्टुरेन्टमा खाना खाने मानिसहरू,people eating food in restaurant in Nepal,0.7255
images/NEPAL/eating/restaurant/english/3.jpg,https://risingnepaldaily.com/storage/media/82125/Untitled-1.jpg,NEPAL,eating,restaurant,english,people eating food in restaurant in Nepal,people eating food in restaurant in Nepal,0.7199
images/NEPAL/funeral/funeral/english/10.jpg,https://republicaimg.nagariknewscdn.com/shared/web/uploads/media/Last-rites1.jpg,NEPAL,funeral,funeral,english,people attending a funeral ceremony in Nepal,people attending a funeral ceremony in Nepal,0.8757
images/NEPAL/funeral/funeral/english/9.jpg,https://republicaimg.nagariknewscdn.com/shared/web/uploads/media/condolence.jpg,NEPAL,funeral,funeral,english,people attending a funeral ceremony in Nepal,people attending a funeral ceremony in Nepal,0.8455
images/NEPAL/funeral/funeral/english/8.jpg,https://deadandaliveproject.com/wp-content/uploads/2022/08/Nepal-Ramri-Funeral-Extra-11_DSF7988.jpg,NEPAL,funeral,funeral,english,people attending a funeral ceremony in Nepal,people attending a funeral ceremony in Nepal,0.8446
images/NEPAL/funeral/funeral/english/1.jpg,https://www.remotelands.com/travelogues/app/uploads/2019/11/Kathmandu-Pashupatinath-Temple-1-1.jpg,NEPAL,funeral,funeral,english,people attending a funeral ceremony in Nepal,people attending a funeral ceremony in Nepal,0.8217
images/NEPAL/funeral/funeral/english/2.jpg,https://steemitimages.com/DQmSF2fStyYwsnqZF14exnHeTsW9kjpdv7WGD2tFtifu32L/fathers-day-in-Nepal.jpg,NEPAL,funeral,funeral,english,people attending a funeral ceremony in Nepal,people attending a funeral ceremony in Nepal,0.7376
images/NEPAL/game/Bagh-chal/english/4.jpg,https://carolynwhittaker.wordpress.com/wp-content/uploads/2013/10/girl-with-slate-game.jpg,NEPAL,game,Bagh-chal,english,people playing Bagh-chal in Nepal,people playing Bagh-chal in Nepal,0.6795
images/NEPAL/game/Bagh-chal/translated/1.jpg,https://bagchaurmun.gov.np/sites/bagchaurmun.gov.np/files/img/slider/%E0%A4%A5%E0%A4%BE%E0%A4%B0%E0%A4%AE%E0%A4%BE%E0%A4%B0%E0%A5%87%20%E0%A4%AC%E0%A4%BE%E0%A4%97%E0%A4%9A%E0%A5%8C%E0%A4%B0.jpg,NEPAL,game,Bagh-chal,translated,नेपालमा बाघ चाल खेल्ने मानिसहरू,people playing Bagh-chal in Nepal,0.6767
images/NEPAL/game/Bagh-chal/english/2.jpg,https://funfairview.wordpress.com/wp-content/uploads/2016/08/senior-bagh-chal-player.jpg,NEPAL,game,Bagh-chal,english,people playing Bagh-chal in Nepal,people playing Bagh-chal in Nepal,0.6753
images/NEPAL/game/Bagh-chal/translated/6.png,https://assets-cdn.kantipurdaily.com/uploads/source/news/kantipur/2025/miscellaneous/khandahar-basti-ramechhap-3-2972025053209-1000x0.png,NEPAL,game,Bagh-chal,translated,नेपालमा बाघ चाल खेल्ने मानिसहरू,people playing Bagh-chal in Nepal,0.595
images/NEPAL/game/Bagh-chal/english/5.jpg,https://terrapintrading.co.uk/wp-content/uploads/2020/12/7607_718aa2ec-dcf3-443d-a019-e32c445fa8670.jpg,NEPAL,game,Bagh-chal,english,people playing Bagh-chal in Nepal,people playing Bagh-chal in Nepal,0.5922
images/NEPAL/game/Chungi/english/3.jpg,https://rtbhatt.wordpress.com/wp-content/uploads/2012/01/0281.jpg,NEPAL,game,Chungi,english,people playing Chungi in Nepal,people playing Chungi in Nepal,0.7202
images/NEPAL/game/Chungi/english/6.jpg,https://steemitimages.com/DQmXvb2jPiVYEnDw3mf9teZyfCzRdy2X6sHQU4DdLqy8j1U/nepal-bagmati-zone-nuwakot-kid-playing-marbles-fmc9cj.jpg,NEPAL,game,Chungi,english,people playing Chungi in Nepal,people playing Chungi in Nepal,0.7063
images/NEPAL/game/Chungi/translated/7.jpg,https://www.himalkhabar.com/uploads/posts/bayalpata_1-1736158510.jpg,NEPAL,game,Chungi,translated,नेपालमा चुंगी खेल्ने मानिसहरू,people playing Chungi in Nepal,0.673
images/NEPAL/game/Chungi/english/7.jpg,https://static01.nyt.com/images/2017/12/16/world/16nepalelection-1/00nepalelection-1-videoSixteenByNineJumbo1600.jpg,NEPAL,game,Chungi,english,people playing Chungi in Nepal,people playing Chungi in Nepal,0.6089
images/NEPAL/game/Chungi/english/2.jpg,https://i.ytimg.com/vi/urpjzMwzjpU/maxresdefault.jpg,NEPAL,game,Chungi,english,people playing Chungi in Nepal,people playing Chungi in Nepal,0.6057
images/NEPAL/game/Dandi Biyo/translated/1.jpg,https://www.onlinekhabar.com/wp-content/uploads/2022/02/gatta.jpg,NEPAL,game,Dandi Biyo,translated,नेपालमा डाँडी बियो खेल्ने मानिसहरू,people playing Dandi Biyo in Nepal,0.8686
images/NEPAL/game/Dandi Biyo/english/3.jpg,https://i.ytimg.com/vi/axrrv4XN-lk/default.jpg,NEPAL,game,Dandi Biyo,english,people playing Dandi Biyo in Nepal,people playing Dandi Biyo in Nepal,0.7601
images/NEPAL/game/Dandi Biyo/english/2.jpg,https://steemitimages.com/DQmXvb2jPiVYEnDw3mf9teZyfCzRdy2X6sHQU4DdLqy8j1U/nepal-bagmati-zone-nuwakot-kid-playing-marbles-fmc9cj.jpg,NEPAL,game,Dandi Biyo,english,people playing Dandi Biyo in Nepal,people playing Dandi Biyo in Nepal,0.7301
images/NEPAL/game/Dandi Biyo/english/7.jpg,https://i.ytimg.com/vi/FLtDycbKeRU/hq720.jpg?sqp\u003d-oaymwEhCK4FEIIDSFryq4qpAxMIARUAAAAAGAElAADIQj0AgKJD\u0026rs\u003dAOn4CLBKSWxBNrPvaEkUqP7Upl7KMK-6ug,NEPAL,game,Dandi Biyo,english,people playing Dandi Biyo in Nepal,people playing Dandi Biyo in Nepal,0.6415
images/NEPAL/game/Dandi Biyo/translated/2.jpg,http://c.files.bbci.co.uk/16728/production/_107644919_65302526_334614930767011_5118719831276781568_n.jpg,NEPAL,game,Dandi Biyo,translated,नेपालमा डाँडी बियो खेल्ने मानिसहरू,people playing Dandi Biyo in Nepal,0.6366
images/NEPAL/game/Kabaddi/translated/4.jpg,https://www.onlinekhabar.com/wp-content/uploads/2022/02/khopi-1.jpg,NEPAL,game,Kabaddi,translated,नेपालमा कबड्डी खेल्ने मानिसहरू,people playing Kabaddi in Nepal,0.8272
images/NEPAL/game/Kabaddi/translated/1.jpg,https://www.onlinekhabar.com/wp-content/uploads/2022/02/gatta.jpg,NEPAL,game,Kabaddi,translated,नेपालमा कबड्डी खेल्ने मानिसहरू,people playing Kabaddi in Nepal,0.7327
images/NEPAL/game/Kabaddi/english/9.jpg,https://img.antarafoto.com/cache/1200x798/2018/08/21/kabaddi-putra-nepal-vs-japan-h6lk-dom.jpg,NEPAL,game,Kabaddi,english,people playing Kabaddi in Nepal,people playing Kabaddi in Nepal,0.7249
images/NEPAL/game/Kabaddi/english/6.jpg,https://republicaimg.nagariknewscdn.com/shared/web/uploads/media/1696388392_natai-1200x560_20231004112034.jpg,NEPAL,game,Kabaddi,english,people playing Kabaddi in Nepal,people playing Kabaddi in Nepal,0.6948
images/NEPAL/game/Kabaddi/translated/5.jpg,https://npcdn.ratopati.com/media/news/manmati_1BTTY9FX2o.jpg,NEPAL,game,Kabaddi,translated,नेपालमा कबड्डी खेल्ने मानिसहरू,people playing Kabaddi in Nepal,0.6465
images/NEPAL/game/Seven Stones/translated/1.jpg,https://www.onlinekhabar.com/wp-content/uploads/2022/02/gatta.jpg,NEPAL,game,Seven Stones,translated,नेपालमा सात ढुंगा खेल्ने मानिसहरू,people playing Seven Stones in Nepal,0.8766
images/NEPAL/game/Seven Stones/translated/4.jpg,https://www.onlinekhabar.com/wp-content/uploads/2022/02/khopi-1.jpg,NEPAL,game,Seven Stones,translated,नेपालमा सात ढुंगा खेल्ने मानिसहरू,people playing Seven Stones in Nepal,0.8371
images/NEPAL/game/Seven Stones/translated/5.jpg,https://www.onlinekhabar.com/wp-content/uploads/2022/02/lakkudhal.jpg,NEPAL,game,Seven Stones,translated,नेपालमा सात ढुंगा खेल्ने मानिसहरू,people playing Seven Stones in Nepal,0.7688
images/NEPAL/game/Seven Stones/translated/7.jpg,https://www.onlinekhabar.com/wp-content/uploads/2019/05/bunzi.jpg,NEPAL,game,Seven Stones,translated,नेपालमा सात ढुंगा खेल्ने मानिसहरू,people playing Seven Stones in Nepal,0.6604
images/NEPAL/game/Seven Stones/english/10.jpg,https://media-cdn.tripadvisor.com/media/photo-s/12/4c/30/83/clicking-the-view-of.jpg,NEPAL,game,Seven Stones,english,people playing Seven Stones in Nepal,people playing Seven Stones in Nepal,0.6559
images/NEPAL/game/game/english/6.jpg,https://d2z7bzwflv7old.cloudfront.net/cdn_image/maxD_1000/images/photos/np/nepalgame.jpg,NEPAL,game,game,english,people playing game in Nepal,people playing game in Nepal,0.9486
images/NEPAL/game/game/translated/1.jpg,https://www.onlinekhabar.com/wp-content/uploads/2022/02/gatta.jpg,NEPAL,game,game,translated,नेपालमा खेल खेल्ने मानिसहरू,people playing game in Nepal,0.8527
images/NEPAL/game/game/english/3.jpg,https://meadowswarwick.wordpress.com/wp-content/uploads/2014/02/img_1582.jpg,NEPAL,game,game,english,people playing game in Nepal,people playing game in Nepal,0.7701
images/NEPAL/game/game/english/4.jpg,https://www.trektoteach.org/uploads/1/2/8/7/128778651/life-in-nepal1_orig.jpg,NEPAL,game,game,english,people playing game in Nepal,people playing game in Nepal,0.6983
images/NEPAL/game/game/english/2.jpg,https://i.ytimg.com/vi/SHhYtRZErLI/maxresdefault.jpg,NEPAL,game,game,english,people playing game in Nepal,people playing game in Nepal,0.6837
images/NEPAL/greeting/Namaste/english/7.jpg,https://ling-app.com/wp-content/uploads/2023/01/Hello-in-Nepali_ling-app_learn-nepali_palms-namaste.jpg,NEPAL,greeting,Namaste,english,two people greeting with Namaste in Nepal,two people greeting with Namaste in Nepal,0.7525
images/NEPAL/greeting/Namaste/english/10.jpg,https://cdn.shopify.com/s/files/1/1261/8713/files/wq4yyq_480x480.jpg?v\u003d1662988406,NEPAL,greeting,Namaste,english,two people greeting with Namaste in Nepal,two people greeting with Namaste in Nepal,0.7294
images/NEPAL/greeting/Namaste/english/4.jpg,https://fis-api.luxuryholidaynepal.com/media/attachments/Greetings%20in%20Nepal.jpg,NEPAL,greeting,Namaste,english,two people greeting with Namaste in Nepal,two people greeting with Namaste in Nepal,0.7204
images/NEPAL/greeting/Namaste/english/6.jpg,https://www.archaicnepal.com/uploads/articles/images/Namaste.jpg,NEPAL,greeting,Namaste,english,two people greeting with Namaste in Nepal,two people greeting with Namaste in Nepal,0.6935
images/NEPAL/greeting/Namaste/english/1.jpg,https://brajamandala.com/wp-content/uploads/2023/08/10-10684-post/What_is_Namaste(pp_w480_h320).jpg,NEPAL,greeting,Namaste,english,two people greeting with Namaste in Nepal,two people greeting with Namaste in Nepal,0.6726
images/NEPAL/greeting/greeting/english/4.png,https://nepaltraveller.com/laravel-filemanager/photos/78/Local%20Story/namaste-nepal.png,NEPAL,greeting,greeting,english,people greeting in Nepal,people greeting in Nepal,0.7751
images/NEPAL/greeting/greeting/english/8.jpg,https://i.ytimg.com/vi/Hxp4mnYyyR8/maxresdefault.jpg,NEPAL,greeting,greeting,english,people greeting in Nepal,people greeting in Nepal,0.7548
images/NEPAL/greeting/greeting/english/5.jpg,https://fis-api.luxuryholidaynepal.com/media/attachments/Greetings%20in%20Nepal.jpg,NEPAL,greeting,greeting,english,people greeting in Nepal,people greeting in Nepal,0.7417
images/NEPAL/greeting/greeting/english/6.jpg,https://images.fineartamerica.com/images-medium-5/buddhist-and-bonpo-ceremony--do-tarap-valley-nepal-craig-lovell.jpg,NEPAL,greeting,greeting,english,people greeting in Nepal,people greeting in Nepal,0.7189
images/NEPAL/greeting/greeting/english/1.jpg,https://asianheritagetreks.com/wp-content/uploads/2023/05/namaste-nepal-1024x732.jpg,NEPAL,greeting,greeting,english,people greeting in Nepal,people greeting in Nepal,0.6961
images/NEPAL/greeting/handshake/english/9.jpg,https://th-i.thgim.com/public/incoming/98vpef/article68948231.ece/alternates/FREE_1200/China_Nepal_32656.jpg,NEPAL,greeting,handshake,english,two people greeting with handshake in Nepal,two people greeting with handshake in Nepal,0.8178
images/NEPAL/greeting/handshake/translated/2.jpg,https://janaaastha.prixacdn.net/media/albums/kp_deuwa_CXdiQhm7K8.jpg,NEPAL,greeting,handshake,translated,नेपालमा हात मिलाएर अभिवादन गर्ने दुई जना,two people greeting with handshake in Nepal,0.8051
images/NEPAL/greeting/handshake/english/4.jpg,https://images.tribuneindia.com/cms/gall_content/2016/2/2016_2$largeimg20_Saturday_2016_151110728.jpg,NEPAL,greeting,handshake,english,two people greeting with handshake in Nepal,two people greeting with handshake in Nepal,0.7816
images/NEPAL/greeting/handshake/translated/8.jpg,https://baahrakhari.com/uploads/posts/Lumbini-Gandaki-1756723281.jpg,NEPAL,greeting,handshake,translated,नेपालमा हात मिलाएर अभिवादन गर्ने दुई जना,two people greeting with handshake in Nepal,0.7801
images/NEPAL/greeting/handshake/english/10.jpg,https://static.vecteezy.com/system/resources/previews/045/849/994/non_2x/the-moment-of-a-handshake-between-two-people-professionalgraphy-photo.jpg,NEPAL,greeting,handshake,english,two people greeting with handshake in Nepal,two people greeting with handshake in Nepal,0.7731
images/NEPAL/greeting/touching feet/english/10.png,https://nepaltraveller.com/laravel-filemanager/photos/78/Local%20Story/namaste-nepal.png,NEPAL,greeting,touching feet,english,person greeting by touching elder's feet in Nepal,person greeting by touching elder's feet in Nepal,0.7617
images/NEPAL/greeting/touching feet/english/7.jpg,https://dailyevergreen.com/wp-content/uploads/2022/10/NEW03804-900x600.jpg,NEPAL,greeting,touching feet,english,person greeting by touching elder's feet in Nepal,person greeting by touching elder's feet in Nepal,0.7282
images/NEPAL/greeting/touching feet/english/9.png,https://images.news18.com/ibnlive/uploads/2025/06/Whose-Feet-Should-You-Not-Touch-2025-06-1d4df83f330dda96a2c1d373525ac7c5.png,NEPAL,greeting,touching feet,english,person greeting by touching elder's feet in Nepal,person greeting by touching elder's feet in Nepal,0.7222
images/NEPAL/greeting/touching feet/english/3.jpg,https://64.media.tumblr.com/1cfc825dfa3b13af5baf3adc99de4c78/tumblr_inline_oz21n4O1xg1uralkc_250.jpg,NEPAL,greeting,touching feet,english,person greeting by touching elder's feet in Nepal,person greeting by touching elder's feet in Nepal,0.7113
images/NEPAL/greeting/touching feet/english/4.jpg,https://asianheritagetreks.com/wp-content/uploads/2023/05/namaste-nepal-1024x732.jpg,NEPAL,greeting,touching feet,english,person greeting by touching elder's feet in Nepal,person greeting by touching elder's feet in Nepal,0.7064
images/NEPAL/religious/Buddha Jayanti/translated/8.jpg,https://hamrakura.com/uploads/news/images/buddhanath-area-development.jpg,NEPAL,religious,Buddha Jayanti,translated,नेपालमा बुद्ध जयन्तीमा सहभागी हुने मानिसहरू,people participating in Buddha Jayanti in Nepal,0.7919
images/NEPAL/religious/Buddha Jayanti/english/8.jpg,https://assets-cdn.kathmandupost.com/uploads/source/news/2023/news/2567BuddhaJayatiManojPhoto3-1683280702.jpg,NEPAL,religious,Buddha Jayanti,english,people participating in Buddha Jayanti in Nepal,people participating in Buddha Jayanti in Nepal,0.7912
images/NEPAL/religious/Buddha Jayanti/translated/5.jpeg,https://www.sangamdainik.com/wp-content/uploads/2024/02/IMG_4150.jpeg,NEPAL,religious,Buddha Jayanti,translated,नेपालमा बुद्ध जयन्तीमा सहभागी हुने मानिसहरू,people participating in Buddha Jayanti in Nepal,0.7763
images/NEPAL/religious/Buddha Jayanti/english/2.jpg,https://www.nepaltrekking.com/wp-content/uploads/2019/04/buddhajayanti888-1-975x540.jpg,NEPAL,religious,Buddha Jayanti,english,people participating in Buddha Jayanti in Nepal,people participating in Buddha Jayanti in Nepal,0.7579
images/NEPAL/religious/Buddha Jayanti/english/9.jpg,https://thehimalayantimes.com/uploads/imported_images/wp-content/uploads/2016/05/Women-and-children-pay-homage-on-Buddha-Jayanti.jpg,NEPAL,religious,Buddha Jayanti,english,people participating in Buddha Jayanti in Nepal,people participating in Buddha Jayanti in Nepal,0.7435
images/NEPAL/religious/Pashupatinath puja/english/6.jpg,https://puja.viaveda.in/wp-content/uploads/2025/06/1-without-ribbon-2.jpg,NEPAL,religious,Pashupatinath puja,english,Pashupatinath puja in Nepal,Pashupatinath puja in Nepal,0.8573
images/NEPAL/religious/Pashupatinath puja/translated/1.jpg,https://static.punjabkesari.in/multimedia/2024_3image_12_26_326377051nepal.jpg,NEPAL,religious,Pashupatinath puja,translated,नेपालमा पशुपतिनाथ पूजा,Pashupatinath puja in Nepal,0.8508
images/NEPAL/religious/Pashupatinath puja/english/4.jpeg,https://admin.buddhaair.com/photos/3/Pashupatinath%20Arati.jpeg,NEPAL,religious,Pashupatinath puja,english,Pashupatinath puja in Nepal,Pashupatinath puja in Nepal,0.8466
images/NEPAL/religious/Pashupatinath puja/english/1.jpg,https://media.app.touchkailash.com/uploads/media/pashupatinath-photo.jpg,NEPAL,religious,Pashupatinath puja,english,Pashupatinath puja in Nepal,Pashupatinath puja in Nepal,0.8339
images/NEPAL/religious/Pashupatinath puja/translated/8.jpg,https://static.newstrack.com/uploads/images/2023/07/image_800x450_649fbf60cd032.jpg,NEPAL,religious,Pashupatinath puja,translated,नेपालमा पशुपतिनाथ पूजा,Pashupatinath puja in Nepal,0.8316
images/NEPAL/religious/praying/english/6.jpg,https://static1.straitstimes.com.sg/s3fs-public/articles/2017/12/23/nz_nepal_231217.jpg?VersionId\u003d9aRPMuMJrTYrgwGTVSorPb5Ba8VNWwRE,NEPAL,religious,praying,english,people praying in Nepal,people praying in Nepal,0.7836
images/NEPAL/religious/praying/english/3.jpg,http://english.news.cn/20230717/e936066e43184f1ab534428ace2ccace/20230717e936066e43184f1ab534428ace2ccace_20230717fcc2fb5c21e643fdba94e9dc5617771b.jpg,NEPAL,religious,praying,english,people praying in Nepal,people praying in Nepal,0.7783
images/NEPAL/religious/praying/english/9.jpg,http://english.news.cn/20230717/e936066e43184f1ab534428ace2ccace/20230717e936066e43184f1ab534428ace2ccace_202307175e638a85507e4549864404708beb81bd.jpg,NEPAL,religious,praying,english,people praying in Nepal,people praying in Nepal,0.7353
images/NEPAL/religious/praying/translated/5.jpg,https://i.ytimg.com/vi/C9G9gcAC8XQ/sddefault.jpg,NEPAL,religious,praying,translated,नेपालमा प्रार्थना गर्ने मानिसहरू,people praying in Nepal,0.7271
images/NEPAL/religious/praying/english/5.jpg,https://i0.wp.com/www.boundingoveroursteps.com/wp-content/uploads/2015/05/People-of-Nepal-Monk-Praying.jpg,NEPAL,religious,praying,english,people praying in Nepal,people praying in Nepal,0.7197
images/NEPAL/religious/religious/english/8.jpg,https://www.magicalnepal.com/wp-content/uploads/2024/12/fulpati-dashain-2-scaled-1.jpg,NEPAL,religious,religious,english,people participating in a traditional religious event in Nepal,people participating in a traditional religious event in Nepal,0.8668
images/NEPAL/religious/religious/english/9.jpg,https://www.himalayanecologicaltrek.com/uploads/editors/New%20Year%20Parade%20Nepal.jpg,NEPAL,religious,religious,english,people participating in a traditional religious event in Nepal,people participating in a traditional religious event in Nepal,0.8248
images/NEPAL/religious/religious/english/5.jpg,https://vajraadventure.com/storage/blog/hindu-buddhist-muslim-christian-festivals-of-nepal.jpg,NEPAL,religious,religious,english,people participating in a traditional religious event in Nepal,people participating in a traditional religious event in Nepal,0.8042
images/NEPAL/religious/religious/english/4.jpg,https://get.pxhere.com/photo/people-dance-carnival-religion-nepal-religious-festival-culture-dancing-event-tradition-ritual-folk-dance-square-dance-lakhe-ritual-nepal-1247318.jpg,NEPAL,religious,religious,english,people participating in a traditional religious event in Nepal,people participating in a traditional religious event in Nepal,0.8004
images/NEPAL/religious/religious/english/2.jpg,https://www.magicalnepal.com/wp-content/uploads/2024/12/dashain-gathering-scaled-1-684x1024.jpg,NEPAL,religious,religious,english,people participating in a traditional religious event in Nepal,people participating in a traditional religious event in Nepal,0.7762
images/NEPAL/wedding/wedding/english/1.jpg,https://yaotieno.wordpress.com/wp-content/uploads/2011/05/happy-groom-nervous-bride.jpg,NEPAL,wedding,wedding,english,wedding celebration in Nepal,wedding celebration in Nepal,0.8856
images/NEPAL/wedding/wedding/english/5.jpg,http://ecs.com.np/fckimage/image/February2009/Cover-Story-Newar-Marriages-02.jpg,NEPAL,wedding,wedding,english,wedding celebration in Nepal,wedding celebration in Nepal,0.8438
images/NEPAL/wedding/wedding/english/9.jpg,https://skylinetreks.com/wp-content/uploads/2025/06/Wedding-ceremony-from-Right-side-with-Madhav-scaled.jpg,NEPAL,wedding,wedding,english,wedding celebration in Nepal,wedding celebration in Nepal,0.8167
images/NEPAL/wedding/wedding/translated/8.jpg,https://assets.deshsanchar.com/wp-content/uploads/2020/04/26145136/94317339_3209384069091945_1963334958088978432_o.jpg,NEPAL,wedding,wedding,translated,नेपालमा विवाह समारोह,wedding celebration in Nepal,0.8139
images/NEPAL/wedding/wedding/english/8.jpg,https://upload.wikimedia.org/wikipedia/commons/5/57/Wedding_Nepal.jpg,NEPAL,wedding,wedding,english,wedding celebration in Nepal,wedding celebration in Nepal,0.7977
images/NIGERIA/celebration/Calabar Carnival/english/4.jpg,https://images.squarespace-cdn.com/content/v1/614f831e90f08045038b4dae/a1f7c539-cb0c-43b0-b350-bdb2eaa0b370/calabar-carnival-september-1024x1024.jpg,NIGERIA,celebration,Calabar Carnival,english,people participating in Calabar Carnival in Nigeria,people participating in Calabar Carnival in Nigeria,0.8336
images/NIGERIA/celebration/Calabar Carnival/translated/3.jpg,https://tripxl.com/blog/wp-content/uploads/2025/05/Calabar-Carnival.jpg,NIGERIA,celebration,Calabar Carnival,translated,ọ̀pọ̀ ènìyàn ń kópa nínú Calabar Carnival ní Nàìjíríà,people participating in Calabar Carnival in Nigeria,0.8254
images/NIGERIA/celebration/Calabar Carnival/english/5.jpg,https://thisisbeirut.com.lb/images/bibli/1920/1280/2/calabar-carnival.jpg,NIGERIA,celebration,Calabar Carnival,english,people participating in Calabar Carnival in Nigeria,people participating in Calabar Carnival in Nigeria,0.8197
images/NIGERIA/celebration/Calabar Carnival/translated/10.jpg,https://ichef.bbci.co.uk/news/1024/branded_igbo/14D61/production/_104954358_calabar20181.jpg,NIGERIA,celebration,Calabar Carnival,translated,ọ̀pọ̀ ènìyàn ń kópa nínú Calabar Carnival ní Nàìjíríà,people participating in Calabar Carnival in Nigeria,0.8008
images/NIGERIA/celebration/Calabar Carnival/english/8.jpeg,https://miro.medium.com/v2/resize:fit:1200/1*JXldVpVBqzRiHS2d2LpG2A.jpeg,NIGERIA,celebration,Calabar Carnival,english,people participating in Calabar Carnival in Nigeria,people participating in Calabar Carnival in Nigeria,0.7976
images/NIGERIA/celebration/Durbar Festival/english/2.jpg,https://articles.connectnigeria.com/wp-content/uploads/2021/06/download-24.jpg,NIGERIA,celebration,Durbar Festival,english,people participating in Durbar Festival in Nigeria,people participating in Durbar Festival in Nigeria,0.8608
images/NIGERIA/celebration/Durbar Festival/english/3.jpg,https://nomad4now.com/wp-content/uploads/2012/02/dsc_1590.jpg,NIGERIA,celebration,Durbar Festival,english,people participating in Durbar Festival in Nigeria,people participating in Durbar Festival in Nigeria,0.8307
images/NIGERIA/celebration/Durbar Festival/english/9.jpg,https://susafrica.com/wp-content/uploads/2022/05/FB_IMG_1651612125011.jpg,NIGERIA,celebration,Durbar Festival,english,people participating in Durbar Festival in Nigeria,people participating in Durbar Festival in Nigeria,0.8138
images/NIGERIA/celebration/Durbar Festival/english/7.jpg,https://cdn.face2faceafrica.com/www/wp-content/uploads/2014/02/B7FG1avCiu.jpg,NIGERIA,celebration,Durbar Festival,english,people participating in Durbar Festival in Nigeria,people participating in Durbar Festival in Nigeria,0.811
images/NIGERIA/celebration/Durbar Festival/english/5.jpg,https://cdn.prod.website-files.com/63ac6491b966f543d88cadef/667fbbf36fad36265861706a_A%20colourful%20picture%20of%20horsemen%20on%20durbar%20festival%20day%20in%20Kano%20State.jpg,NIGERIA,celebration,Durbar Festival,english,people participating in Durbar Festival in Nigeria,people participating in Durbar Festival in Nigeria,0.7742
images/NIGERIA/celebration/Eyo Festival/english/7.png,https://cdn.vanguardngr.com/wp-content/uploads/2017/05/Eyo6.png,NIGERIA,celebration,Eyo Festival,english,people participating in Eyo Festival in Nigeria,people participating in Eyo Festival in Nigeria,0.8659
images/NIGERIA/celebration/Eyo Festival/english/1.jpg,https://upload.wikimedia.org/wikipedia/commons/f/fc/Eyo_festival_stilt_performer.jpg,NIGERIA,celebration,Eyo Festival,english,people participating in Eyo Festival in Nigeria,people participating in Eyo Festival in Nigeria,0.8444
images/NIGERIA/celebration/Eyo Festival/english/2.jpg,"https://m.media-amazon.com/images/I/71CDmRikYcL._UF1000,1000_QL80_.jpg",NIGERIA,celebration,Eyo Festival,english,people participating in Eyo Festival in Nigeria,people participating in Eyo Festival in Nigeria,0.8421
images/NIGERIA/celebration/Eyo Festival/english/8.jpg,https://i.ytimg.com/vi/x-UmBw-slCg/hqdefault.jpg,NIGERIA,celebration,Eyo Festival,english,people participating in Eyo Festival in Nigeria,people participating in Eyo Festival in Nigeria,0.8232
images/NIGERIA/celebration/Eyo Festival/english/6.png,https://cdn.vanguardngr.com/wp-content/uploads/2017/05/Eyo5.png,NIGERIA,celebration,Eyo Festival,english,people participating in Eyo Festival in Nigeria,people participating in Eyo Festival in Nigeria,0.8214
images/NIGERIA/celebration/Felabration/english/9.jpg,https://www.aljazeera.com/wp-content/uploads/2023/10/IMG_3113-1697625704.jpg?w\u003d770\u0026resize\u003d770%2C1027\u0026quality\u003d80,NIGERIA,celebration,Felabration,english,people participating in Felabration in Nigeria,people participating in Felabration in Nigeria,0.7613
images/NIGERIA/celebration/Felabration/english/5.jpg,https://d1rgjmn2wmqeif.cloudfront.net/h/12732.jpg,NIGERIA,celebration,Felabration,english,people participating in Felabration in Nigeria,people participating in Felabration in Nigeria,0.7293
images/NIGERIA/celebration/Felabration/translated/4.jpg,http://c.files.bbci.co.uk/4D2F/production/_113395791_ebila4.jpg,NIGERIA,celebration,Felabration,translated,ọ̀pọ̀ ènìyàn ń kópa nínú Felabration ní Nàìjíríà,people participating in Felabration in Nigeria,0.7045
images/NIGERIA/celebration/Felabration/english/7.jpg,https://cdn.guardian.ng/wp-content/uploads/2017/08/fela-kuti-e1501706592841.jpg,NIGERIA,celebration,Felabration,english,people participating in Felabration in Nigeria,people participating in Felabration in Nigeria,0.7007
images/NIGERIA/celebration/Felabration/english/10.jpg,https://www.aljazeera.com/wp-content/uploads/2023/10/IMG_3052-1697625690.jpg?resize\u003d1800%2C1800,NIGERIA,celebration,Felabration,english,people participating in Felabration in Nigeria,people participating in Felabration in Nigeria,0.6961
images/NIGERIA/celebration/New Yam Festival/english/3.jpg,https://www.globalpenfriends.com/ks_photos/43291_1.jpg,NIGERIA,celebration,New Yam Festival,english,people participating in New Yam Festival in Nigeria,people participating in New Yam Festival in Nigeria,0.8683
images/NIGERIA/celebration/New Yam Festival/english/9.jpg,https://modernfarmer.com/wp-content/uploads/2023/03/Benin-Women-Holding-Yams.-IITA-Courtesy.jpg,NIGERIA,celebration,New Yam Festival,english,people participating in New Yam Festival in Nigeria,people participating in New Yam Festival in Nigeria,0.8445
images/NIGERIA/celebration/New Yam Festival/english/2.jpg,https://kmoney.co.uk/img/blog/blog-Kmoney-10.jpg,NIGERIA,celebration,New Yam Festival,english,people participating in New Yam Festival in Nigeria,people participating in New Yam Festival in Nigeria,0.8039
images/NIGERIA/celebration/New Yam Festival/english/10.jpg,https://jamaica-gleaner.com/sites/default/files/styles/jg_article_image/public/media/article_images/2022/11/15/1967774/7164854.jpg?itok\u003dVEc3hQeZ,NIGERIA,celebration,New Yam Festival,english,people participating in New Yam Festival in Nigeria,people participating in New Yam Festival in Nigeria,0.7478
images/NIGERIA/celebration/New Yam Festival/english/4.jpg,https://dailytrust.com/wp-content/uploads/2016/07/2016_7largeimg102_Jul_2016_224325803.jpg,NIGERIA,celebration,New Yam Festival,english,people participating in New Yam Festival in Nigeria,people participating in New Yam Festival in Nigeria,0.7435
images/NIGERIA/celebration/New Year/english/7.png,https://countingthedays.to/static/images/days/full/ng/new-years-eve.png,NIGERIA,celebration,New Year,english,people participating in New Year in Nigeria,people participating in New Year in Nigeria,0.7215
images/NIGERIA/celebration/New Year/english/3.jpg,https://cdn.guardian.ng/wp-content/uploads/2020/08/Muslims.jpg,NIGERIA,celebration,New Year,english,people participating in New Year in Nigeria,people participating in New Year in Nigeria,0.7063
images/NIGERIA/celebration/New Year/english/9.jpg,https://www.aljazeera.com/wp-content/uploads/2023/10/AP20293611836628-1696160419.jpg?resize\u003d1920%2C1080,NIGERIA,celebration,New Year,english,people participating in New Year in Nigeria,people participating in New Year in Nigeria,0.6832
images/NIGERIA/celebration/New Year/english/10.jpg,https://i.ytimg.com/vi/F8wqRI-wFT8/hq720.jpg?sqp\u003d-oaymwE7CK4FEIIDSFryq4qpAy0IARUAAAAAGAElAADIQj0AgKJD8AEB-AH-CYAC0AWKAgwIABABGH8gKSgwMA8\u003d\u0026rs\u003dAOn4CLAMQoQFnCEIStDlOhGoanMwccZUuA,NIGERIA,celebration,New Year,english,people participating in New Year in Nigeria,people participating in New Year in Nigeria,0.639
images/NIGERIA/celebration/New Year/translated/4.jpg,https://globalvoices.org/wp-content/uploads/2019/02/SAILOR-800x598.jpg,NIGERIA,celebration,New Year,translated,ọ̀pọ̀ ènìyàn ń kópa nínú ayẹyẹ ọdún tuntun ní Nàìjíríà,people participating in New Year in Nigeria,0.6338
images/NIGERIA/celebration/Osun-Osogbo Festival/english/9.jpg,https://www.pbs.org/wgbh/sacredjourneys/media/images/sj_episode_osun.jpg,NIGERIA,celebration,Osun-Osogbo Festival,english,people participating in Osun-Osogbo Festival in Nigeria,people participating in Osun-Osogbo Festival in Nigeria,0.8548
images/NIGERIA/celebration/Osun-Osogbo Festival/english/4.png,https://www.environewsnigeria.com/wp-content/uploads/2022/08/Osun-Osogbo-Festival.png,NIGERIA,celebration,Osun-Osogbo Festival,english,people participating in Osun-Osogbo Festival in Nigeria,people participating in Osun-Osogbo Festival in Nigeria,0.8134
images/NIGERIA/celebration/Osun-Osogbo Festival/english/6.png,https://www.osunstate.gov.ng/wp-content/uploads/2015/08/Osun-1-770x470-1.png,NIGERIA,celebration,Osun-Osogbo Festival,english,people participating in Osun-Osogbo Festival in Nigeria,people participating in Osun-Osogbo Festival in Nigeria,0.8127
images/NIGERIA/celebration/Osun-Osogbo Festival/english/2.jpg,https://d1jcea4y7xhp7l.cloudfront.net/2019/09/Untitled-20-3.jpg,NIGERIA,celebration,Osun-Osogbo Festival,english,people participating in Osun-Osogbo Festival in Nigeria,people participating in Osun-Osogbo Festival in Nigeria,0.7918
images/NIGERIA/celebration/Osun-Osogbo Festival/english/1.jpeg,https://cdn.punchng.com/wp-content/uploads/2025/08/08104839/Educated-Mechanic-X.jpeg,NIGERIA,celebration,Osun-Osogbo Festival,english,people participating in Osun-Osogbo Festival in Nigeria,people participating in Osun-Osogbo Festival in Nigeria,0.7844
images/NIGERIA/celebration/celebration/english/10.jpg,https://www.pbs.org/wgbh/sacredjourneys/media/images/sj_episode_osun.jpg,NIGERIA,celebration,celebration,english,people participating in a traditional festival or observance in Nigeria,people participating in a traditional festival or observance in Nigeria,0.8758
images/NIGERIA/celebration/celebration/english/5.jpg,https://miro.medium.com/v2/resize:fit:1400/0*x7nR4QwamEcG_SB6.jpg,NIGERIA,celebration,celebration,english,people participating in a traditional festival or observance in Nigeria,people participating in a traditional festival or observance in Nigeria,0.8538
images/NIGERIA/celebration/celebration/english/6.png,https://cdn.businessday.ng/wp-content/uploads/2024/08/Untitled-design-2024-08-26T114819.728-1.png,NIGERIA,celebration,celebration,english,people participating in a traditional festival or observance in Nigeria,people participating in a traditional festival or observance in Nigeria,0.7897
images/NIGERIA/celebration/celebration/english/8.jpg,https://i.ytimg.com/vi/XC0qi8eW4Cg/maxresdefault.jpg,NIGERIA,celebration,celebration,english,people participating in a traditional festival or observance in Nigeria,people participating in a traditional festival or observance in Nigeria,0.7783
images/NIGERIA/celebration/celebration/english/3.jpg,https://traveltank.com/blog/wp-content/uploads/2023/12/Ofala-Fest-1024x683.jpg,NIGERIA,celebration,celebration,english,people participating in a traditional festival or observance in Nigeria,people participating in a traditional festival or observance in Nigeria,0.7309
images/NIGERIA/concert/concert/english/4.jpeg,https://businesselitesafrica.com/wp-content/uploads/2024/12/concert.jpeg,NIGERIA,concert,concert,english,concert in Nigeria,concert in Nigeria,0.7798
images/NIGERIA/concert/concert/english/6.jpg,https://www.aljazeera.com/wp-content/uploads/2024/12/AP64668796475-1735112649.jpg?w\u003d770\u0026resize\u003d770%2C513\u0026quality\u003d80,NIGERIA,concert,concert,english,concert in Nigeria,concert in Nigeria,0.7795
images/NIGERIA/concert/concert/english/7.jpg,https://i0.wp.com/media.premiumtimesng.com/wp-content/files/2017/12/Davido-e1514453733149.jpg?resize\u003d800%2C533\u0026ssl\u003d1,NIGERIA,concert,concert,english,concert in Nigeria,concert in Nigeria,0.7685
images/NIGERIA/concert/concert/english/8.jpg,https://the49thstreet.com/wp-content/uploads/2025/05/IMG_8629.jpg,NIGERIA,concert,concert,english,concert in Nigeria,concert in Nigeria,0.7658
images/NIGERIA/concert/concert/english/1.jpg,"https://thefader-res.cloudinary.com/private_images/w_640,c_limit,f_auto,q_auto:eco/Screen_Shot_2016-12-21_at_10.45.13_AM_a6nmjw/migos-concert-nigeria-bad-and-boujee.jpg",NIGERIA,concert,concert,english,concert in Nigeria,concert in Nigeria,0.7534
images/NIGERIA/concert/indoor/english/8.jpg,https://mllrcmcvweld.i.optimole.com/w:700/h:465/q:mauto/f:best/https://zenababs.com/wp-content/uploads/2020/10/star-trek-2012-concert-at-zenebabs-ilesa-23.jpg,NIGERIA,concert,indoor,english,indoor concert in Nigeria,indoor concert in Nigeria,0.838
images/NIGERIA/concert/indoor/english/5.jpeg,https://notjustok.com/wp-content/uploads/2024/02/eko-convention-center-DQsGu-2-720x360.jpeg,NIGERIA,concert,indoor,english,indoor concert in Nigeria,indoor concert in Nigeria,0.7994
images/NIGERIA/concert/indoor/english/2.jpg,https://shows.ng/su/evu/68b033c533d36.jpg,NIGERIA,concert,indoor,english,indoor concert in Nigeria,indoor concert in Nigeria,0.7163
images/NIGERIA/concert/indoor/english/3.jpg,https://rexclarkeadventures.com/wp-content/uploads/2025/03/unnamed-2025-03-02T194220.733.jpg,NIGERIA,concert,indoor,english,indoor concert in Nigeria,indoor concert in Nigeria,0.7092
images/NIGERIA/concert/indoor/english/7.jpg,https://www.bellanaija.com/wp-content/uploads/2021/05/IMG_8096.jpg,NIGERIA,concert,indoor,english,indoor concert in Nigeria,indoor concert in Nigeria,0.6663
images/NIGERIA/concert/outdoor/english/8.jpg,https://www.cfan.eu/fileadmin/_processed_/e/1/csm_Day-4-Panorama_210220c90f.jpg,NIGERIA,concert,outdoor,english,outdoor concert in Nigeria,outdoor concert in Nigeria,0.8508
images/NIGERIA/concert/outdoor/english/9.jpg,https://african.business/wp-content/uploads/2024/07/000_36242gg.jpg,NIGERIA,concert,outdoor,english,outdoor concert in Nigeria,outdoor concert in Nigeria,0.674
images/NIGERIA/concert/outdoor/english/5.jpg,https://www.e-techasia.com/wp-content/uploads/2018/02/1-4-1132x509.jpg,NIGERIA,concert,outdoor,english,outdoor concert in Nigeria,outdoor concert in Nigeria,0.67
images/NIGERIA/concert/outdoor/english/4.jpeg,https://cdn.thenet.ng/wp-content/uploads/2018/01/WhatsApp-Image-2018-02-06-at-10.46.55-400x398.jpeg,NIGERIA,concert,outdoor,english,outdoor concert in Nigeria,outdoor concert in Nigeria,0.6259
images/NIGERIA/concert/outdoor/translated/10.jpg,http://c.files.bbci.co.uk/CE2D/production/_118518725_mediaitem118518724.jpg,NIGERIA,concert,outdoor,translated,àpérò orin níta gbangba ní Nàìjíríà,outdoor concert in Nigeria,0.5573
images/NIGERIA/dancing/Atilogwu/english/10.jpg,https://c7684bdb45.mjedge.net/wp-content/uploads/zikoko/2019/08/dscf5153.jpg,NIGERIA,dancing,Atilogwu,english,people dancing Atilogwu in Nigeria,people dancing Atilogwu in Nigeria,0.8768
images/NIGERIA/dancing/Atilogwu/english/8.jpg,https://i0.wp.com/refinedng.com/wp-content/uploads/2020/04/atilogwu..-1.jpg?resize\u003d979%2C653\u0026ssl\u003d1,NIGERIA,dancing,Atilogwu,english,people dancing Atilogwu in Nigeria,people dancing Atilogwu in Nigeria,0.8618
images/NIGERIA/dancing/Atilogwu/english/4.jpeg,https://ozikoro.com/wp-content/uploads/2024/12/IMG_3019.jpeg,NIGERIA,dancing,Atilogwu,english,people dancing Atilogwu in Nigeria,people dancing Atilogwu in Nigeria,0.8312
images/NIGERIA/dancing/Atilogwu/english/3.jpg,https://i.ytimg.com/vi/-2lujzmiDqQ/maxresdefault.jpg,NIGERIA,dancing,Atilogwu,english,people dancing Atilogwu in Nigeria,people dancing Atilogwu in Nigeria,0.8197
images/NIGERIA/dancing/Atilogwu/translated/8.jpg,https://i.ytimg.com/vi/u4ZadZ5hyWs/maxresdefault.jpg,NIGERIA,dancing,Atilogwu,translated,ọ̀pọ̀ ènìyàn ń jó Atilogwu ní Nàìjíríà,people dancing Atilogwu in Nigeria,0.8196
images/NIGERIA/dancing/Bata dance/english/9.jpg,https://images.squarespace-cdn.com/content/v1/64e684566ecb8c27782ba44a/1692828767569-CFKPFK1I41JOQ07ZFINI/Yoruba+dancers.jpg,NIGERIA,dancing,Bata dance,english,people performing Bata dance in Nigeria,people performing Bata dance in Nigeria,0.8596
images/NIGERIA/dancing/Bata dance/english/1.jpg,https://britishmuseumpohproject.weebly.com/uploads/1/2/5/8/125829061/bata-drum-1_orig.jpg,NIGERIA,dancing,Bata dance,english,people performing Bata dance in Nigeria,people performing Bata dance in Nigeria,0.8136
images/NIGERIA/dancing/Bata dance/english/8.jpg,https://static01.nyt.com/images/2020/08/23/arts/16nigeria-ballet-2/16nigeria-ballet-2-videoSixteenByNine3000.jpg?year\u003d2020\u0026h\u003d1688\u0026w\u003d3000\u0026s\u003d42348c182fe3f73bc61fbbc586ae0afa4fb43417cdbf83fc93e3e22f55541534\u0026k\u003dZQJBKqZ0VN\u0026tw\u003d1,NIGERIA,dancing,Bata dance,english,people performing Bata dance in Nigeria,people performing Bata dance in Nigeria,0.7859
images/NIGERIA/dancing/Bata dance/english/3.jpg,https://cdn-blog.superprof.com/blog_us/wp-content/uploads/2024/08/kente.jpg,NIGERIA,dancing,Bata dance,english,people performing Bata dance in Nigeria,people performing Bata dance in Nigeria,0.7255
images/NIGERIA/dancing/Bata dance/english/6.jpg,https://olaijoartsworld.wordpress.com/wp-content/uploads/2020/02/20200219_1124031378088313.jpg?w\u003d1000,NIGERIA,dancing,Bata dance,english,people performing Bata dance in Nigeria,people performing Bata dance in Nigeria,0.7248
images/NIGERIA/dancing/Ekombi/english/9.jpg,https://rexclarkeadventures.com/wp-content/uploads/2025/03/maxresdefault-21.jpg,NIGERIA,dancing,Ekombi,english,people dancing Ekombi in Nigeria,people dancing Ekombi in Nigeria,0.8556
images/NIGERIA/dancing/Ekombi/english/8.jpg,https://cdn.allafrica.com/download/pic/main/main/csiid/00301617:021c005f352749508926bab7c6998ba9:arc614x376:w735:us1.jpg,NIGERIA,dancing,Ekombi,english,people dancing Ekombi in Nigeria,people dancing Ekombi in Nigeria,0.8384
images/NIGERIA/dancing/Ekombi/english/7.jpg,https://cdn.allafrica.com/download/pic/main/main/csiid/00370499:401211c4cfcc047c8aaffc47f5258970:arc614x376:w735:us1.jpg,NIGERIA,dancing,Ekombi,english,people dancing Ekombi in Nigeria,people dancing Ekombi in Nigeria,0.7578
images/NIGERIA/dancing/Ekombi/english/2.jpg,https://i.ytimg.com/vi/3Ig5pD1WMk4/maxresdefault.jpg,NIGERIA,dancing,Ekombi,english,people dancing Ekombi in Nigeria,people dancing Ekombi in Nigeria,0.7487
images/NIGERIA/dancing/Ekombi/english/10.jpeg,https://i1.wp.com/www.ileoduduwa.com/wp-content/uploads/2020/04/0C6EC968-EF8D-42D9-AF30-48ACFDC1B2CE.jpeg?fit\u003d1024%2C683\u0026ssl\u003d1,NIGERIA,dancing,Ekombi,english,people dancing Ekombi in Nigeria,people dancing Ekombi in Nigeria,0.7405
images/NIGERIA/dancing/Shaku Shaku/english/6.jpg,https://dailytrust.com/wp-content/uploads/2023/10/Vibrant-dance-styles-that-originated-from-Nigeria1.jpg,NIGERIA,dancing,Shaku Shaku,english,people dancing Shaku Shaku in Nigeria,people dancing Shaku Shaku in Nigeria,0.8201
images/NIGERIA/dancing/Shaku Shaku/english/8.jpg,https://i.ytimg.com/vi/evDUKog2Kbs/hqdefault.jpg,NIGERIA,dancing,Shaku Shaku,english,people dancing Shaku Shaku in Nigeria,people dancing Shaku Shaku in Nigeria,0.7719
images/NIGERIA/dancing/Shaku Shaku/english/2.png,https://loveweddingsng.com/wp-content/uploads/2018/05/Ayodeji-Mayowa-Nigerian-Traditional-Wedding-Shaku-Shaku-Ayowa18-Wani-Olatunde-Photography-LoveWeddingsNG.png,NIGERIA,dancing,Shaku Shaku,english,people dancing Shaku Shaku in Nigeria,people dancing Shaku Shaku in Nigeria,0.7623
images/NIGERIA/dancing/Shaku Shaku/english/3.jpg,https://cdn.face2faceafrica.com/www/wp-content/uploads/2018/09/Legbebe-e1536579112142.jpg,NIGERIA,dancing,Shaku Shaku,english,people dancing Shaku Shaku in Nigeria,people dancing Shaku Shaku in Nigeria,0.7541
images/NIGERIA/dancing/Shaku Shaku/english/1.jpg,https://www.thecable.ng/wp-content/uploads/2018/06/Falz-Nigeria1.jpg,NIGERIA,dancing,Shaku Shaku,english,people dancing Shaku Shaku in Nigeria,people dancing Shaku Shaku in Nigeria,0.7322
images/NIGERIA/dancing/Zanku/english/3.jpg,https://dailytrust.com/wp-content/uploads/2023/10/Vibrant-dance-styles-that-originated-from-Nigeria1-609x400.jpg,NIGERIA,dancing,Zanku,english,people dancing Zanku in Nigeria,people dancing Zanku in Nigeria,0.8242
images/NIGERIA/dancing/Zanku/english/2.jpg,https://cloudfront-us-east-2.images.arcpublishing.com/reuters/UT3WYKDVHRKY5KS35KO5E3ADOQ.jpg,NIGERIA,dancing,Zanku,english,people dancing Zanku in Nigeria,people dancing Zanku in Nigeria,0.8151
images/NIGERIA/dancing/Zanku/english/8.jpg,https://cdn.allafrica.com/download/pic/main/main/csiid/00301617:021c005f352749508926bab7c6998ba9:arc614x376:w735:us1.jpg,NIGERIA,dancing,Zanku,english,people dancing Zanku in Nigeria,people dancing Zanku in Nigeria,0.8142
images/NIGERIA/dancing/Zanku/english/5.jpg,https://cdn.thecollector.com/wp-content/uploads/2024/11/zangbeto-voodoo-dance.jpg,NIGERIA,dancing,Zanku,english,people dancing Zanku in Nigeria,people dancing Zanku in Nigeria,0.792
images/NIGERIA/dancing/Zanku/english/7.jpg,https://i.ytimg.com/vi/Jw4hh3uQi4k/mqdefault.jpg,NIGERIA,dancing,Zanku,english,people dancing Zanku in Nigeria,people dancing Zanku in Nigeria,0.7882
images/NIGERIA/dancing/dancing/english/8.jpg,https://i.ytimg.com/vi/AI4IOKxGJiw/maxresdefault.jpg?sqp\u003d-oaymwEmCIAKENAF8quKqQMa8AEB-AHUBoAC4AOKAgwIABABGGUgUihMMA8\u003d\u0026rs\u003dAOn4CLD7Neoj5b1QEPn2v_Bh1HBK696dtQ,NIGERIA,dancing,dancing,english,people dancing in Nigeria,people dancing in Nigeria,0.8177
images/NIGERIA/dancing/dancing/english/4.jpg,https://i.ytimg.com/vi/IwOL_fwWILg/maxresdefault.jpg,NIGERIA,dancing,dancing,english,people dancing in Nigeria,people dancing in Nigeria,0.8063
images/NIGERIA/dancing/dancing/english/6.jpg,https://i.ytimg.com/vi/cYN-m1MdUTo/hq720.jpg?sqp\u003d-oaymwE7CK4FEIIDSFryq4qpAy0IARUAAAAAGAElAADIQj0AgKJD8AEB-AH-CYAC0AWKAgwIABABGGUgUShUMA8\u003d\u0026rs\u003dAOn4CLCvM85fkNTjr-OYYpH4YL1iysZEzQ,NIGERIA,dancing,dancing,english,people dancing in Nigeria,people dancing in Nigeria,0.7761
images/NIGERIA/dancing/dancing/english/1.jpg,https://cloudfront-us-east-2.images.arcpublishing.com/reuters/UT3WYKDVHRKY5KS35KO5E3ADOQ.jpg,NIGERIA,dancing,dancing,english,people dancing in Nigeria,people dancing in Nigeria,0.7747
images/NIGERIA/dancing/dancing/english/5.jpg,https://steemitimages.com/DQmSCD7giqYWA582hMa7j4aydRmQ6ZTwgodMswZHfw3gvUS/nkwa-umuagbogho3.jpg,NIGERIA,dancing,dancing,english,people dancing in Nigeria,people dancing in Nigeria,0.7736
images/NIGERIA/eating/eating/english/4.jpg,https://i.ytimg.com/vi/sEvKNZPkfLI/sddefault.jpg?v\u003d66274e31,NIGERIA,eating,eating,english,people eating food in Nigeria,people eating food in Nigeria,0.8411
images/NIGERIA/eating/eating/english/10.jpg,https://i.ytimg.com/vi/LFI6KIR2suw/hq720.jpg?sqp\u003d-oaymwEhCK4FEIIDSFryq4qpAxMIARUAAAAAGAElAADIQj0AgKJD\u0026rs\u003dAOn4CLA-T0vEvJV2Ip4C2LXTtBJKgP9gqg,NIGERIA,eating,eating,english,people eating food in Nigeria,people eating food in Nigeria,0.7996
images/NIGERIA/eating/eating/english/3.png,https://cdn.businessday.ng/wp-content/uploads/2024/03/20240317_111831_0000.png,NIGERIA,eating,eating,english,people eating food in Nigeria,people eating food in Nigeria,0.7954
images/NIGERIA/eating/eating/english/1.jpg,https://i.ytimg.com/vi/CRwCWFFzL0g/hq720.jpg?sqp\u003d-oaymwEhCK4FEIIDSFryq4qpAxMIARUAAAAAGAElAADIQj0AgKJD\u0026rs\u003dAOn4CLDED6kEuIYZwjFDwTn_0Mx35TaYqQ,NIGERIA,eating,eating,english,people eating food in Nigeria,people eating food in Nigeria,0.7872
images/NIGERIA/eating/eating/english/2.jpg,https://i.pinimg.com/736x/37/15/a3/3715a3955c7ff41ccc24f1d343d34761.jpg,NIGERIA,eating,eating,english,people eating food in Nigeria,people eating food in Nigeria,0.772
images/NIGERIA/eating/home/english/5.jpg,https://i.ytimg.com/vi/sEvKNZPkfLI/sddefault.jpg?v\u003d66274e31,NIGERIA,eating,home,english,people eating food at home in Nigeria,people eating food at home in Nigeria,0.8384
images/NIGERIA/eating/home/english/10.jpg,https://cdn.punchng.com/wp-content/uploads/2016/03/25210601/Nigerias-snake-eater2.jpg,NIGERIA,eating,home,english,people eating food at home in Nigeria,people eating food at home in Nigeria,0.8158
images/NIGERIA/eating/home/english/9.jpg,https://i0.wp.com/nigerianfoodplus.wordpress.com/wp-content/uploads/2014/05/img_0257.jpg?w\u003d696\u0026h\u003d696\u0026crop\u003d1\u0026ssl\u003d1,NIGERIA,eating,home,english,people eating food at home in Nigeria,people eating food at home in Nigeria,0.8117
images/NIGERIA/eating/home/english/2.jpg,https://i.ytimg.com/vi/2jsEV9Ihtv0/hq720.jpg?sqp\u003d-oaymwEhCK4FEIIDSFryq4qpAxMIARUAAAAAGAElAADIQj0AgKJD\u0026rs\u003dAOn4CLA9eja-x2Gv4LcZ-jg3R-J-Kx6wdw,NIGERIA,eating,home,english,people eating food at home in Nigeria,people eating food at home in Nigeria,0.808
images/NIGERIA/eating/home/english/1.jpg,https://i.ytimg.com/vi/CRwCWFFzL0g/hq720.jpg?sqp\u003d-oaymwEhCK4FEIIDSFryq4qpAxMIARUAAAAAGAElAADIQj0AgKJD\u0026rs\u003dAOn4CLDED6kEuIYZwjFDwTn_0Mx35TaYqQ,NIGERIA,eating,home,english,people eating food at home in Nigeria,people eating food at home in Nigeria,0.7943
images/NIGERIA/eating/restaurant/english/9.jpg,https://i.ytimg.com/vi/yHwLIJ6uXOg/sddefault.jpg,NIGERIA,eating,restaurant,english,people eating food in restaurant in Nigeria,people eating food in restaurant in Nigeria,0.8364
images/NIGERIA/eating/restaurant/english/5.jpg,https://i.pinimg.com/736x/37/15/a3/3715a3955c7ff41ccc24f1d343d34761.jpg,NIGERIA,eating,restaurant,english,people eating food in restaurant in Nigeria,people eating food in restaurant in Nigeria,0.8284
images/NIGERIA/eating/restaurant/english/3.jpg,https://traveltonigeriawithoutavisa.wordpress.com/wp-content/uploads/2012/10/fufu.jpg?w\u003d584,NIGERIA,eating,restaurant,english,people eating food in restaurant in Nigeria,people eating food in restaurant in Nigeria,0.8174
images/NIGERIA/eating/restaurant/english/6.jpg,https://d1jcea4y7xhp7l.cloudfront.net/2017/10/food.jpg,NIGERIA,eating,restaurant,english,people eating food in restaurant in Nigeria,people eating food in restaurant in Nigeria,0.8106
images/NIGERIA/eating/restaurant/english/4.jpg,https://i.ytimg.com/vi/6rE4-mJe9mo/hqdefault.jpg,NIGERIA,eating,restaurant,english,people eating food in restaurant in Nigeria,people eating food in restaurant in Nigeria,0.7838
images/NIGERIA/funeral/funeral/english/5.jpg,https://gdb.voanews.com/b6e286f4-62cb-4ca3-ab96-dffe1a7861c4_w408_r1_s.jpg,NIGERIA,funeral,funeral,english,people attending a funeral ceremony in Nigeria,people attending a funeral ceremony in Nigeria,0.8421
images/NIGERIA/funeral/funeral/english/9.jpg,https://www.christianitytoday.com/wp-content/uploads/2020/12/120891.jpg?w\u003d1920,NIGERIA,funeral,funeral,english,people attending a funeral ceremony in Nigeria,people attending a funeral ceremony in Nigeria,0.7864
images/NIGERIA/funeral/funeral/english/1.jpg,https://navigatingnigeria.wordpress.com/wp-content/uploads/2015/04/burial-of-late-chief-abdullateef-adegbite-laid-to-rest-in-abeokuta-4.jpg,NIGERIA,funeral,funeral,english,people attending a funeral ceremony in Nigeria,people attending a funeral ceremony in Nigeria,0.7636
images/NIGERIA/funeral/funeral/english/10.jpg,https://images.saymedia-content.com/.image/ar_1:1%2Cc_fill%2Ccs_srgb%2Cfl_progressive%2Cq_auto:eco%2Cw_1200/MTg2MDUwODk4NDQ2Mzk1MDc1/funeral-ceremony-of-a-titled-man-in-awkuzu-anambra-state-nigeria.jpg,NIGERIA,funeral,funeral,english,people attending a funeral ceremony in Nigeria,people attending a funeral ceremony in Nigeria,0.7605
images/NIGERIA/funeral/funeral/english/8.jpg,https://assets.nst.com.my/images/articles/xcvxcbzxbb_1655526432.jpg,NIGERIA,funeral,funeral,english,people attending a funeral ceremony in Nigeria,people attending a funeral ceremony in Nigeria,0.7518
images/NIGERIA/game/Abula/english/10.jpg,https://africanculturecmr.weebly.com/uploads/9/5/9/4/95944570/street-soccer_1_orig.jpg,NIGERIA,game,Abula,english,people playing Abula in Nigeria,people playing Abula in Nigeria,0.8172
images/NIGERIA/game/Abula/english/1.jpg,https://i.ytimg.com/vi/fp9k5gyCClg/maxresdefault.jpg,NIGERIA,game,Abula,english,people playing Abula in Nigeria,people playing Abula in Nigeria,0.7485
images/NIGERIA/game/Abula/english/8.jpg,https://afrotradosports.wordpress.com/wp-content/uploads/2022/02/daddy-scroll-pics.jpg?w\u003d640,NIGERIA,game,Abula,english,people playing Abula in Nigeria,people playing Abula in Nigeria,0.7181
images/NIGERIA/game/Abula/translated/2.jpg,https://i.ytimg.com/vi/cnp8xjcAlcw/maxresdefault.jpg,NIGERIA,game,Abula,translated,ọ̀pọ̀ ènìyàn ń ṣeré Abula ní Nàìjíríà,people playing Abula in Nigeria,0.6885
images/NIGERIA/game/Abula/translated/3.jpg,https://i.ytimg.com/vi/uI6XIBGkSQc/maxresdefault.jpg,NIGERIA,game,Abula,translated,ọ̀pọ̀ ènìyàn ń ṣeré Abula ní Nàìjíríà,people playing Abula in Nigeria,0.6437
images/NIGERIA/game/Ayoayo/english/4.jpg,https://afrotradosports.wordpress.com/wp-content/uploads/2018/06/afrotrad29062018_2.jpg?w\u003d545,NIGERIA,game,Ayoayo,english,people playing Ayoayo in Nigeria,people playing Ayoayo in Nigeria,0.8063
images/NIGERIA/game/Ayoayo/english/10.jpg,https://i.ytimg.com/vi/AWIbNiPbDpg/maxresdefault.jpg?sqp\u003d-oaymwEmCIAKENAF8quKqQMa8AEB-AH-CYACtAWKAgwIABABGHIgUCgvMA8\u003d\u0026rs\u003dAOn4CLAgSm3yW-3wbm0nMjec8K2pEvniZg,NIGERIA,game,Ayoayo,english,people playing Ayoayo in Nigeria,people playing Ayoayo in Nigeria,0.7928
images/NIGERIA/game/Ayoayo/english/8.jpg,https://iheanyiigboko.wordpress.com/wp-content/uploads/2015/10/unnamed-11.jpg?w\u003d667\u0026h\u003d500,NIGERIA,game,Ayoayo,english,people playing Ayoayo in Nigeria,people playing Ayoayo in Nigeria,0.7111
images/NIGERIA/game/Ayoayo/translated/5.jpg,https://cdn-images.dzcdn.net/images/cover/b4b2fccbf3114a34499b6f11251d302b/1900x1900-000000-80-0-0.jpg,NIGERIA,game,Ayoayo,translated,ọ̀pọ̀ ènìyàn ń ṣeré Ayoayo ní Nàìjíríà,people playing Ayoayo in Nigeria,0.6823
images/NIGERIA/game/Ayoayo/english/2.jpg,https://africanarguments.org/wp-content/uploads/2018/03/nigeria-not-too-young-to-run-e1522145141342.jpg,NIGERIA,game,Ayoayo,english,people playing Ayoayo in Nigeria,people playing Ayoayo in Nigeria,0.6603
images/NIGERIA/game/Dambe/english/8.jpg,https://ichef.bbci.co.uk/ace/standard/1024/cpsprodpb/17ED/production/_132052160_dambeisatraditoinalmartialartsofthehausacommunitiesinnorthernnigeria.jpg,NIGERIA,game,Dambe,english,people playing Dambe in Nigeria,people playing Dambe in Nigeria,0.804
images/NIGERIA/game/Dambe/english/7.jpg,https://ijamact.com/wp-content/uploads/2023/01/Dambe-1.jpg,NIGERIA,game,Dambe,english,people playing Dambe in Nigeria,people playing Dambe in Nigeria,0.7753
images/NIGERIA/game/Dambe/english/3.jpg,http://english.news.cn/20241130/1756d55db8ba4780a9556921987c362f/202411301756d55db8ba4780a9556921987c362f_2024113026c7dccb7f0649839b117a919e5e6472.jpg,NIGERIA,game,Dambe,english,people playing Dambe in Nigeria,people playing Dambe in Nigeria,0.7653
images/NIGERIA/game/Dambe/english/5.jpg,https://i.ytimg.com/vi/EmX1AXR2FqY/hq720.jpg?sqp\u003d-oaymwEhCK4FEIIDSFryq4qpAxMIARUAAAAAGAElAADIQj0AgKJD\u0026rs\u003dAOn4CLDrUa7Z51WyMYnEyvm5j9znnNhOcg,NIGERIA,game,Dambe,english,people playing Dambe in Nigeria,people playing Dambe in Nigeria,0.7295
images/NIGERIA/game/Dambe/english/9.jpg,https://i.ytimg.com/vi/8lQWJfVTgQA/hq720.jpg?sqp\u003d-oaymwEhCK4FEIIDSFryq4qpAxMIARUAAAAAGAElAADIQj0AgKJD\u0026rs\u003dAOn4CLD4iUYU72Jzk3ytRq5QE8IgVTK6oQ,NIGERIA,game,Dambe,english,people playing Dambe in Nigeria,people playing Dambe in Nigeria,0.7166
images/NIGERIA/game/Langa/english/9.jpg,https://africanculturecmr.weebly.com/uploads/9/5/9/4/95944570/abula_orig.jpg,NIGERIA,game,Langa,english,people playing Langa in Nigeria,people playing Langa in Nigeria,0.8535
images/NIGERIA/game/Langa/english/8.jpg,https://i.ytimg.com/vi/gKSxJb3_seg/sddefault.jpg,NIGERIA,game,Langa,english,people playing Langa in Nigeria,people playing Langa in Nigeria,0.7894
images/NIGERIA/game/Langa/english/4.jpg,https://i.ytimg.com/vi/LIRaxYau2mQ/sddefault.jpg,NIGERIA,game,Langa,english,people playing Langa in Nigeria,people playing Langa in Nigeria,0.7677
images/NIGERIA/game/Langa/english/6.jpg,https://steemitimages.com/DQmSCD7giqYWA582hMa7j4aydRmQ6ZTwgodMswZHfw3gvUS/nkwa-umuagbogho3.jpg,NIGERIA,game,Langa,english,people playing Langa in Nigeria,people playing Langa in Nigeria,0.7513
images/NIGERIA/game/Langa/english/2.jpg,https://i0.wp.com/www.morganable.com/wp-content/uploads/2025/08/1756462750674.jpg?fit\u003d715%2C953\u0026ssl\u003d1,NIGERIA,game,Langa,english,people playing Langa in Nigeria,people playing Langa in Nigeria,0.7313
images/NIGERIA/game/Suwe Hopscotch/english/3.jpg,https://sportal365images.com/process/smp-images-production/pulse.ng/27052025/269df5b4-ec0c-4173-991d-721c67c9d001.jpg,NIGERIA,game,Suwe (Hopscotch),english,people playing Suwe (Hopscotch) in Nigeria,people playing Suwe (Hopscotch) in Nigeria,0.9298
images/NIGERIA/game/Suwe Hopscotch/english/7.jpg,https://234star.com/wp-content/uploads/2025/01/AYO.jpg,NIGERIA,game,Suwe (Hopscotch),english,people playing Suwe (Hopscotch) in Nigeria,people playing Suwe (Hopscotch) in Nigeria,0.7602
images/NIGERIA/game/Suwe Hopscotch/english/2.jpg,https://image.api.sportal365.com/process/smp-images-production/pulse.ng/27052025/14bf6872-744b-4f83-83d0-c008fff50b3c.jpg?operations\u003dautocrop(520:330),NIGERIA,game,Suwe (Hopscotch),english,people playing Suwe (Hopscotch) in Nigeria,people playing Suwe (Hopscotch) in Nigeria,0.698
images/NIGERIA/game/Suwe Hopscotch/english/4.jpg,https://i.ytimg.com/vi/3vFRbsycMVE/hqdefault.jpg,NIGERIA,game,Suwe (Hopscotch),english,people playing Suwe (Hopscotch) in Nigeria,people playing Suwe (Hopscotch) in Nigeria,0.6811
images/NIGERIA/game/Suwe Hopscotch/english/9.jpg,https://refinedng.com/wp-content/uploads/2024/06/139456057_1627066727475261_5060122526803682987_n.jpg,NIGERIA,game,Suwe (Hopscotch),english,people playing Suwe (Hopscotch) in Nigeria,people playing Suwe (Hopscotch) in Nigeria,0.6711
images/NIGERIA/game/Ten Ten/english/6.jpg,https://i.ytimg.com/vi/YyhjlsdLVqw/sddefault.jpg,NIGERIA,game,Ten Ten,english,people playing Ten Ten in Nigeria,people playing Ten Ten in Nigeria,0.8118
images/NIGERIA/game/Ten Ten/english/4.jpg,https://sportal365images.com/process/smp-images-production/pulse.ng/27052025/269df5b4-ec0c-4173-991d-721c67c9d001.jpg,NIGERIA,game,Ten Ten,english,people playing Ten Ten in Nigeria,people playing Ten Ten in Nigeria,0.7992
images/NIGERIA/game/Ten Ten/english/8.jpg,https://i.ytimg.com/vi/JMKY5oD89_c/maxresdefault.jpg,NIGERIA,game,Ten Ten,english,people playing Ten Ten in Nigeria,people playing Ten Ten in Nigeria,0.6922
images/NIGERIA/game/Ten Ten/english/2.jpg,https://image.api.sportal365.com/process/smp-images-production/pulse.ng/27052025/14bf6872-744b-4f83-83d0-c008fff50b3c.jpg?operations\u003dautocrop(520:330),NIGERIA,game,Ten Ten,english,people playing Ten Ten in Nigeria,people playing Ten Ten in Nigeria,0.6833
images/NIGERIA/game/Ten Ten/translated/10.jpg,https://i.ytimg.com/vi/b9pZcjVooeo/sddefault.jpg,NIGERIA,game,Ten Ten,translated,ọ̀pọ̀ ènìyàn ń ṣeré Ten Ten ní Nàìjíríà,people playing Ten Ten in Nigeria,0.6729
images/NIGERIA/game/game/english/7.jpg,https://iheanyiigboko.wordpress.com/wp-content/uploads/2015/10/unnamed1.jpg,NIGERIA,game,game,english,people playing game in Nigeria,people playing game in Nigeria,0.7325
images/NIGERIA/game/game/english/10.jpg,https://i0.wp.com/media.premiumtimesng.com/wp-content/files/2019/05/Snooker.jpg?resize\u003d1080%2C570\u0026ssl\u003d1,NIGERIA,game,game,english,people playing game in Nigeria,people playing game in Nigeria,0.7236
images/NIGERIA/game/game/english/1.jpg,https://i.ytimg.com/vi/fp9k5gyCClg/maxresdefault.jpg,NIGERIA,game,game,english,people playing game in Nigeria,people playing game in Nigeria,0.7181
images/NIGERIA/game/game/english/2.jpg,https://i.ytimg.com/vi/38RD3E3Fajk/hq720.jpg?sqp\u003d-oaymwEhCK4FEIIDSFryq4qpAxMIARUAAAAAGAElAADIQj0AgKJD\u0026rs\u003dAOn4CLDtiiRSWnCkIJFCxPSnrJYIuxlHbA,NIGERIA,game,game,english,people playing game in Nigeria,people playing game in Nigeria,0.7034
images/NIGERIA/game/game/english/8.jpg,https://i.ytimg.com/vi/GC8EPqlYJ8Y/hq720.jpg?sqp\u003d-oaymwEhCK4FEIIDSFryq4qpAxMIARUAAAAAGAElAADIQj0AgKJD\u0026rs\u003dAOn4CLAdHUwE-LmOAJ9IltGN29OYvFsotg,NIGERIA,game,game,english,people playing game in Nigeria,people playing game in Nigeria,0.6406
images/NIGERIA/greeting/greeting/english/10.jpg,https://steemitimages.com/640x0/https://4.bp.blogspot.com/-5VSyuw1-oZA/VugcKBKp0eI/AAAAAAAIm7c/o3X5rgfuCUAbW9MF9p_31v-XnM7p6b5ww/s1600/a.jpg,NIGERIA,greeting,greeting,english,people greeting in Nigeria,people greeting in Nigeria,0.7704
images/NIGERIA/greeting/greeting/english/9.jpeg,https://cdn.legit.ng/images/1120/vllkyt4qbjlel32r4.jpeg?v\u003d1,NIGERIA,greeting,greeting,english,people greeting in Nigeria,people greeting in Nigeria,0.748
images/NIGERIA/greeting/greeting/translated/3.jpg,https://afirika.com.ng/wp-content/uploads/2024/08/Screenshot_20240801-230401_1.jpg,NIGERIA,greeting,greeting,translated,ọ̀pọ̀ ènìyàn ń kí ara wọn ní Nàìjíríà,people greeting in Nigeria,0.7307
images/NIGERIA/greeting/greeting/english/7.jpg,https://img.jakpost.net/c/2019/10/20/2019_10_20_81103_1571544246._large.jpg,NIGERIA,greeting,greeting,english,people greeting in Nigeria,people greeting in Nigeria,0.7045
images/NIGERIA/greeting/greeting/english/3.jpg,https://i.ytimg.com/vi/JVk_2NgdZBQ/hq720.jpg?sqp\u003d-oaymwEhCK4FEIIDSFryq4qpAxMIARUAAAAAGAElAADIQj0AgKJD\u0026rs\u003dAOn4CLDTr8OG8rsnm2H1bC4JTGpBdF_gNg,NIGERIA,greeting,greeting,english,people greeting in Nigeria,people greeting in Nigeria,0.692
images/NIGERIA/greeting/handshake/english/5.jpg,https://i.ytimg.com/vi/mtlFb6p-7tg/maxresdefault.jpg,NIGERIA,greeting,handshake,english,two people greeting with handshake in Nigeria,two people greeting with handshake in Nigeria,0.8989
images/NIGERIA/greeting/handshake/english/3.jpg,https://images.stockcake.com/public/6/8/4/6848f704-7a04-4b48-8578-e66c8c6f7516_large/diverse-cultural-handshake-stockcake.jpg,NIGERIA,greeting,handshake,english,two people greeting with handshake in Nigeria,two people greeting with handshake in Nigeria,0.8763
images/NIGERIA/greeting/handshake/english/6.jpg,https://static.vecteezy.com/system/resources/previews/060/731/381/non_2x/two-african-politicians-shaking-hands-in-agreement-photo.jpg,NIGERIA,greeting,handshake,english,two people greeting with handshake in Nigeria,two people greeting with handshake in Nigeria,0.8142
images/NIGERIA/greeting/handshake/english/10.jpg,https://cdn.vanguardngr.com/wp-content/uploads/2015/03/handshake.jpg,NIGERIA,greeting,handshake,english,two people greeting with handshake in Nigeria,two people greeting with handshake in Nigeria,0.8088
images/NIGERIA/greeting/handshake/english/8.jpg,https://t3.ftcdn.net/jpg/07/40/83/58/360_F_740835812_zXyKWYI8JF6cyNJQtTkQL7ktqFoQ6QL8.jpg,NIGERIA,greeting,handshake,english,two people greeting with handshake in Nigeria,two people greeting with handshake in Nigeria,0.7771
images/NIGERIA/greeting/kneeling/english/10.jpg,https://alexis.lindaikejisblog.com/photos/shares/5bb460d6d204e.jpg,NIGERIA,greeting,kneeling,english,person greeting by kneeling in Nigeria,person greeting by kneeling in Nigeria,0.8194
images/NIGERIA/greeting/kneeling/english/8.jpg,https://steemitimages.com/640x0/http://www.giist.com/wp-content/uploads/2013/03/banky-w-dele-momodu2.jpg,NIGERIA,greeting,kneeling,english,person greeting by kneeling in Nigeria,person greeting by kneeling in Nigeria,0.7927
images/NIGERIA/greeting/kneeling/english/6.jpeg,https://images.squarespace-cdn.com/content/v1/56317177e4b00bd0d6f7d2cd/1489764946963-5IUUKWST8H1WNXOVYCHR/image-asset.jpeg,NIGERIA,greeting,kneeling,english,person greeting by kneeling in Nigeria,person greeting by kneeling in Nigeria,0.7668
images/NIGERIA/greeting/kneeling/english/1.jpg,"https://static.wixstatic.com/media/7ae45f_128d134e0e614394bf971467be188ee0~mv2.jpg/v1/fill/w_980,h_652,al_c,q_85,usm_0.66_1.00_0.01,enc_avif,quality_auto/7ae45f_128d134e0e614394bf971467be188ee0~mv2.jpg",NIGERIA,greeting,kneeling,english,person greeting by kneeling in Nigeria,person greeting by kneeling in Nigeria,0.7139
images/NIGERIA/greeting/kneeling/english/4.jpg,https://i0.wp.com/nyamile.com/wp-content/uploads/2017/06/greeting.jpg?resize\u003d759%2C422,NIGERIA,greeting,kneeling,english,person greeting by kneeling in Nigeria,person greeting by kneeling in Nigeria,0.7063
images/NIGERIA/greeting/prostrating/english/5.jpeg,https://images.squarespace-cdn.com/content/v1/56317177e4b00bd0d6f7d2cd/1489764946963-5IUUKWST8H1WNXOVYCHR/image-asset.jpeg,NIGERIA,greeting,prostrating,english,person greeting by prostrating in Nigeria,person greeting by prostrating in Nigeria,0.7453
images/NIGERIA/greeting/prostrating/english/8.jpg,https://www.adomonline.com/wp-content/uploads/2021/03/XLek9kpTURBXy8yNzIwZThhOWU1NmYzNTZhNTU0YTU1MDBiNTZhNzViZS5qcGeRkwXNAxTNAbyBoTAF-Copy.jpg,NIGERIA,greeting,prostrating,english,person greeting by prostrating in Nigeria,person greeting by prostrating in Nigeria,0.7382
images/NIGERIA/greeting/prostrating/english/9.jpg,https://i.ytimg.com/vi/tuLKprQpXZg/maxresdefault.jpg,NIGERIA,greeting,prostrating,english,person greeting by prostrating in Nigeria,person greeting by prostrating in Nigeria,0.7074
images/NIGERIA/greeting/prostrating/english/10.jpeg,https://images.squarespace-cdn.com/content/v1/56317177e4b00bd0d6f7d2cd/1489765058338-ZNWZI4GUP6EQ0VO060LR/image-asset.jpeg,NIGERIA,greeting,prostrating,english,person greeting by prostrating in Nigeria,person greeting by prostrating in Nigeria,0.6913
images/NIGERIA/greeting/prostrating/english/2.jpg,https://ainyy.github.io/Unspoken-Rules.com/Greetingelders.jpg,NIGERIA,greeting,prostrating,english,person greeting by prostrating in Nigeria,person greeting by prostrating in Nigeria,0.6874
images/NIGERIA/greeting/salute/english/2.jpg,https://www.korea.net/upload/content/image/b9de8db826ff449ebe8009ac24213ef0_20191217171418.jpg,NIGERIA,greeting,salute,english,person greeting with salute in Nigeria,person greeting with salute in Nigeria,0.7407
images/NIGERIA/greeting/salute/english/3.jpg,https://ainyy.github.io/Unspoken-Rules.com/Greetingelders.jpg,NIGERIA,greeting,salute,english,person greeting with salute in Nigeria,person greeting with salute in Nigeria,0.7203
images/NIGERIA/greeting/salute/english/1.jpg,"https://static.wixstatic.com/media/7ae45f_128d134e0e614394bf971467be188ee0~mv2.jpg/v1/fill/w_980,h_652,al_c,q_85,usm_0.66_1.00_0.01,enc_avif,quality_auto/7ae45f_128d134e0e614394bf971467be188ee0~mv2.jpg",NIGERIA,greeting,salute,english,person greeting with salute in Nigeria,person greeting with salute in Nigeria,0.7098
images/NIGERIA/greeting/salute/english/10.jpg,https://t3.ftcdn.net/jpg/06/27/36/44/360_F_627364415_6u6ywIV21ZnVvocJbGXLEjaE7Ef69KzR.jpg,NIGERIA,greeting,salute,english,person greeting with salute in Nigeria,person greeting with salute in Nigeria,0.6909
images/NIGERIA/greeting/salute/english/5.jpg,https://wordpress.wbur.org/wp-content/uploads/2015/03/0326_nigeria-election-1000x636.jpg,NIGERIA,greeting,salute,english,person greeting with salute in Nigeria,person greeting with salute in Nigeria,0.6788
images/NIGERIA/religious/Egungun masquerade/translated/10.jpg,https://discoveryoruba.com/wp-content/uploads/2024/09/image-31.jpg,NIGERIA,religious,Egungun masquerade,translated,àyẹyẹ Egungun ní Nàìjíríà,Egungun masquerade parade in Nigeria,0.8571
images/NIGERIA/religious/Egungun masquerade/english/5.jpg,https://fatherlandgazette.com/wp-content/uploads/2021/08/Egungun-Festival-e1629979677883.jpg,NIGERIA,religious,Egungun masquerade,english,Egungun masquerade parade in Nigeria,Egungun masquerade parade in Nigeria,0.8508
images/NIGERIA/religious/Egungun masquerade/english/9.jpeg,https://images.squarespace-cdn.com/content/v1/5a95e83d372b96dbac073ec8/1612138215632-8EY7JXPHE43NKBYA6JEC/7D38D8E8-5316-4269-B72B-D50F247BF8AF_1_105_c.jpeg,NIGERIA,religious,Egungun masquerade,english,Egungun masquerade parade in Nigeria,Egungun masquerade parade in Nigeria,0.8365
images/NIGERIA/religious/Egungun masquerade/english/3.jpeg,https://miro.medium.com/v2/resize:fit:1400/1*kVq9k59LIqniqW5P3glGfQ@2x.jpeg,NIGERIA,religious,Egungun masquerade,english,Egungun masquerade parade in Nigeria,Egungun masquerade parade in Nigeria,0.8215
images/NIGERIA/religious/Egungun masquerade/english/7.jpg,https://jujufilms.tv/wp-content/uploads/2014/10/masquerade.jpg,NIGERIA,religious,Egungun masquerade,english,Egungun masquerade parade in Nigeria,Egungun masquerade parade in Nigeria,0.8139
images/NIGERIA/religious/church procession/english/10.jpg,https://www.bigardenugu.org/wp-content/uploads/2018/11/ckc.jpg,NIGERIA,religious,church procession,english,church procession in Nigeria,church procession in Nigeria,0.8764
images/NIGERIA/religious/church procession/english/2.jpg,https://cdn.guardian.ng/wp-content/uploads/2017/04/Ibadan-Easter.jpg,NIGERIA,religious,church procession,english,church procession in Nigeria,church procession in Nigeria,0.8699
images/NIGERIA/religious/church procession/english/6.jpg,https://cdn.vanguardngr.com/wp-content/uploads/2017/04/palm-sunday-1.jpg,NIGERIA,religious,church procession,english,church procession in Nigeria,church procession in Nigeria,0.8415
images/NIGERIA/religious/church procession/english/7.jpg,http://totusdei.net/uploads/1/1/7/3/117367532/20211121-172518_orig.jpg,NIGERIA,religious,church procession,english,church procession in Nigeria,church procession in Nigeria,0.784
images/NIGERIA/religious/church procession/english/9.jpg,https://i.imgur.com/GOtNLQS.jpg,NIGERIA,religious,church procession,english,church procession in Nigeria,church procession in Nigeria,0.7713
images/NIGERIA/religious/praying/english/10.jpg,https://www.primebusiness.africa/wp-content/uploads/2023/12/Picsart_23-12-12_22-58-08-4362-scaled.jpg,NIGERIA,religious,praying,english,people praying in Nigeria,people praying in Nigeria,0.8192
images/NIGERIA/religious/praying/english/9.jpg,https://tribuneonlineng.com/wp-content/uploads/2016/10/prayers-christians.jpg?w\u003d640,NIGERIA,religious,praying,english,people praying in Nigeria,people praying in Nigeria,0.7751
images/NIGERIA/religious/praying/english/1.jpg,https://gazettengr.com/wp-content/uploads/226016.jpg,NIGERIA,religious,praying,english,people praying in Nigeria,people praying in Nigeria,0.7718
images/NIGERIA/religious/praying/english/3.jpg,https://media.globalchristianrelief.org/2023/02/nigeriaprayer.jpg,NIGERIA,religious,praying,english,people praying in Nigeria,people praying in Nigeria,0.7451
images/NIGERIA/religious/praying/english/7.jpg,https://www.opendoorsus.org/en-US/stories/pastor-barnabas-displacement-arise-africa/pastor-barnabas-story-women-praying.jpg,NIGERIA,religious,praying,english,people praying in Nigeria,people praying in Nigeria,0.7423
images/NIGERIA/religious/religious/english/10.jpg,https://internationalaffairsbd.com/wp-content/uploads/2022/06/Oba_of_Benin.jpg,NIGERIA,religious,religious,english,people participating in a traditional religious event in Nigeria,people participating in a traditional religious event in Nigeria,0.8597
images/NIGERIA/religious/religious/english/2.jpg,https://serve.mg.co.za/content/images/2018/06/07/65m3KNATCyWgZXPiZChQ_Nigeria_goddess_water_Reuters.jpg,NIGERIA,religious,religious,english,people participating in a traditional religious event in Nigeria,people participating in a traditional religious event in Nigeria,0.8504
images/NIGERIA/religious/religious/english/3.jpg,https://i.ytimg.com/vi/D2Hzkis3Xhg/hq720.jpg?sqp\u003d-oaymwEhCK4FEIIDSFryq4qpAxMIARUAAAAAGAElAADIQj0AgKJD\u0026rs\u003dAOn4CLAtRAmyiXN4_M4ssYUiRgBJhs9KbQ,NIGERIA,religious,religious,english,people participating in a traditional religious event in Nigeria,people participating in a traditional religious event in Nigeria,0.7686
images/NIGERIA/religious/religious/english/4.jpg,https://traveltank.com/blog/wp-content/uploads/2023/12/Ofala-Fest-1024x683.jpg,NIGERIA,religious,religious,english,people participating in a traditional religious event in Nigeria,people participating in a traditional religious event in Nigeria,0.7361
images/NIGERIA/religious/religious/translated/4.jpg,http://c.files.bbci.co.uk/6303/production/_113274352_eb2qwopxuaesp7f.jpg,NIGERIA,religious,religious,translated,ọ̀pọ̀ ènìyàn ń kópa nínú ayẹyẹ ẹ̀sìn ibile ní Nàìjíríà,people participating in a traditional religious event in Nigeria,0.7207
images/NIGERIA/wedding/wedding/english/6.jpeg,https://omastylebride.com/wp-content/uploads/2021/01/Mindmaze-photography-Omastyle-bride-700x612.jpeg,NIGERIA,wedding,wedding,english,wedding celebration in Nigeria,wedding celebration in Nigeria,0.7875
images/NIGERIA/wedding/wedding/english/2.jpg,https://christopherduggan.com/wp-content/uploads/2017/11/Lagos-Nigeria-wedding-photographer-Christopher-Duggan-2009-17-1080x675.jpg,NIGERIA,wedding,wedding,english,wedding celebration in Nigeria,wedding celebration in Nigeria,0.7825
images/NIGERIA/wedding/wedding/english/8.jpeg,https://omastylebride.com/wp-content/uploads/2021/01/Klala-photography-01000-omastylebride-wedding-blog-700x469.jpeg,NIGERIA,wedding,wedding,english,wedding celebration in Nigeria,wedding celebration in Nigeria,0.7796
images/NIGERIA/wedding/wedding/translated/10.jpg,https://blogger.googleusercontent.com/img/b/R29vZ2xl/AVvXsEiTKHEEKtkcD_uT9Lg_6IMiHhUPT_3jDFnob2TTjuBDKBNJe4J7jn8OaNjVDPnF8fHPPjrxodvJVvWc5Ofr1bXdastdJkNfPdCjI4RssGS96AHRhHAcPzxUIRDxvUlJuxMlZDDGhUI5VHg/s1600/IMG-20190601-WA0031.jpg,NIGERIA,wedding,wedding,translated,ayẹyẹ igbeyawo ní Nàìjíríà,wedding celebration in Nigeria,0.771
images/NIGERIA/wedding/wedding/english/4.jpg,https://brideclubme.com/wp-content/uploads/2019/02/KARO3817.jpg,NIGERIA,wedding,wedding,english,wedding celebration in Nigeria,wedding celebration in Nigeria,0.7633
images/PHILIPPINES/celebration/Ati-Atihan/english/6.jpg,https://i0.wp.com/wanderlass.com/wp-content/uploads/2016/02/ati-1-1.jpg?resize\u003d900%2C1200,PHILIPPINES,celebration,Ati-Atihan,english,people participating in Ati-Atihan in the Philippines,people participating in Ati-Atihan in the Philippines,0.8455
images/PHILIPPINES/celebration/Ati-Atihan/english/7.jpeg,https://www.indietraveller.co/wp-content/uploads/2019/02/DSCF6054-1024x719.jpeg,PHILIPPINES,celebration,Ati-Atihan,english,people participating in Ati-Atihan in the Philippines,people participating in Ati-Atihan in the Philippines,0.8292
images/PHILIPPINES/celebration/Ati-Atihan/english/2.jpg,http://sites.middlebury.edu/lindsayinthephilippines/files/2015/02/DSCN1683-e1423449462734.jpg,PHILIPPINES,celebration,Ati-Atihan,english,people participating in Ati-Atihan in the Philippines,people participating in Ati-Atihan in the Philippines,0.8136
images/PHILIPPINES/celebration/Ati-Atihan/english/9.jpg,https://thehappytrip.com/wp-content/uploads/2015/12/atiatihan-festival.jpg,PHILIPPINES,celebration,Ati-Atihan,english,people participating in Ati-Atihan in the Philippines,people participating in Ati-Atihan in the Philippines,0.7944
images/PHILIPPINES/celebration/Ati-Atihan/english/3.jpg,https://madeinphilippineshandicrafts.wordpress.com/wp-content/uploads/2017/03/ati-atihan.jpg?w\u003d700,PHILIPPINES,celebration,Ati-Atihan,english,people participating in Ati-Atihan in the Philippines,people participating in Ati-Atihan in the Philippines,0.7697
images/PHILIPPINES/celebration/MassKara/english/7.jpg,https://themixedculture.com/wp-content/uploads/2013/09/masskara-festival.jpg,PHILIPPINES,celebration,MassKara,english,people participating in MassKara in the Philippines,people participating in MassKara in the Philippines,0.9061
images/PHILIPPINES/celebration/MassKara/english/6.jpg,http://remotelands.com/travelogues/app/uploads/2015/10/Masskara_6.jpg,PHILIPPINES,celebration,MassKara,english,people participating in MassKara in the Philippines,people participating in MassKara in the Philippines,0.8761
images/PHILIPPINES/celebration/MassKara/translated/3.jpg,https://philippineshiddengems.com/wp-content/uploads/2023/11/MassKara-Festival-Bacolod_Kristine.jpg,PHILIPPINES,celebration,MassKara,translated,mga taong lumalahok sa MassKara sa Pilipinas,people participating in MassKara in the Philippines,0.8595
images/PHILIPPINES/celebration/MassKara/english/4.jpg,https://i0.wp.com/firsttimetravels.com/wp-content/uploads/2023/06/IMG_7036.jpg?resize\u003d700%2C466\u0026ssl\u003d1,PHILIPPINES,celebration,MassKara,english,people participating in MassKara in the Philippines,people participating in MassKara in the Philippines,0.8515
images/PHILIPPINES/celebration/MassKara/english/2.jpg,http://remotelands.com/travelogues/app/uploads/2015/10/Masskara_14.jpg,PHILIPPINES,celebration,MassKara,english,people participating in MassKara in the Philippines,people participating in MassKara in the Philippines,0.8476
images/PHILIPPINES/celebration/New Year/english/9.jpg,https://d3i6fh83elv35t.cloudfront.net/static/2019/12/2019-12-31T170348Z_722803904_RC2H6E9Y5K3R_RTRMADP_3_NEW-YEAR-PHILIPPINES-1024x683.jpg,PHILIPPINES,celebration,New Year,english,people participating in New Year in the Philippines,people participating in New Year in the Philippines,0.8164
images/PHILIPPINES/celebration/New Year/english/5.jpg,https://video.cgtn.com/news/2025-01-02/The-Philippines-rings-in-2025-with-festive-New-Year-s-Eve-celebrations-1zQbDfntEyY/video/wu_1igjji1pkump17sg13v9dfv1s0ha/wu_1igjji1pkump17sg13v9dfv1s0ha.jpg,PHILIPPINES,celebration,New Year,english,people participating in New Year in the Philippines,people participating in New Year in the Philippines,0.7326
images/PHILIPPINES/celebration/New Year/english/2.jpg,https://i.ytimg.com/vi/91JvJ-jS7UU/maxresdefault.jpg,PHILIPPINES,celebration,New Year,english,people participating in New Year in the Philippines,people participating in New Year in the Philippines,0.7294
images/PHILIPPINES/celebration/New Year/translated/4.jpg,https://i.ytimg.com/vi/8dFsMQ9QfWc/hqdefault.jpg,PHILIPPINES,celebration,New Year,translated,mga taong lumalahok sa Bagong Taon sa Pilipinas,people participating in New Year in the Philippines,0.7204
images/PHILIPPINES/celebration/New Year/english/3.jpg,https://www.holidify.com/images/cmsuploads/compressed/55e9d2404d55a914f6d1867dda3536781537dee05557784f_1920_20201215235514.jpg,PHILIPPINES,celebration,New Year,english,people participating in New Year in the Philippines,people participating in New Year in the Philippines,0.7111
images/PHILIPPINES/celebration/Pahiyas/translated/2.jpg,https://www.wanderlustmagazine.com/wp-content/uploads/2023/05/pahiyas-festival-2023-jorjpg-zz-05142023jor-350x250.jpg,PHILIPPINES,celebration,Pahiyas,translated,mga taong lumalahok sa Pahiyas sa Pilipinas,people participating in Pahiyas in the Philippines,0.8071
images/PHILIPPINES/celebration/Pahiyas/english/9.jpg,https://www.thepoortraveler.net/wp-content/uploads/2010/08/pahiyas-houses.jpg,PHILIPPINES,celebration,Pahiyas,english,people participating in Pahiyas in the Philippines,people participating in Pahiyas in the Philippines,0.8012
images/PHILIPPINES/celebration/Pahiyas/translated/9.jpg,https://i.ytimg.com/vi/OqlGyguJ05E/maxresdefault.jpg,PHILIPPINES,celebration,Pahiyas,translated,mga taong lumalahok sa Pahiyas sa Pilipinas,people participating in Pahiyas in the Philippines,0.7994
images/PHILIPPINES/celebration/Pahiyas/english/1.jpg,https://www.rappler.com/tachyon/2025/05/pahiyas-2025-5.jpg,PHILIPPINES,celebration,Pahiyas,english,people participating in Pahiyas in the Philippines,people participating in Pahiyas in the Philippines,0.7967
images/PHILIPPINES/celebration/Pahiyas/english/7.jpg,https://i.ytimg.com/vi/cX9DCkjdgiQ/hq720.jpg?sqp\u003d-oaymwEhCK4FEIIDSFryq4qpAxMIARUAAAAAGAElAADIQj0AgKJD\u0026rs\u003dAOn4CLCepxY-WmlCzI4bvx5WjpfOLgQQLg,PHILIPPINES,celebration,Pahiyas,english,people participating in Pahiyas in the Philippines,people participating in Pahiyas in the Philippines,0.7916
images/PHILIPPINES/celebration/Panagbenga/translated/6.jpg,https://i.ytimg.com/vi/OSrXtSv5YE8/hqdefault.jpg,PHILIPPINES,celebration,Panagbenga,translated,mga taong lumalahok sa Panagbenga sa Pilipinas,people participating in Panagbenga in the Philippines,0.8946
images/PHILIPPINES/celebration/Panagbenga/translated/1.jpg,http://327471306460665032.weebly.com/uploads/4/6/1/5/46156015/9867248.jpg?283,PHILIPPINES,celebration,Panagbenga,translated,mga taong lumalahok sa Panagbenga sa Pilipinas,people participating in Panagbenga in the Philippines,0.8732
images/PHILIPPINES/celebration/Panagbenga/english/5.jpg,https://diff.wikimedia.org/wp-content/uploads/2024/12/640px-Panagbenga_Festival_2024_Baguio_City.jpg?resize\u003d640%2C447,PHILIPPINES,celebration,Panagbenga,english,people participating in Panagbenga in the Philippines,people participating in Panagbenga in the Philippines,0.8616
images/PHILIPPINES/celebration/Panagbenga/english/9.jpg,https://files01.pna.gov.ph/ograph/2022/03/29/bgo-panagbenga-2022carlito-dar.jpg,PHILIPPINES,celebration,Panagbenga,english,people participating in Panagbenga in the Philippines,people participating in Panagbenga in the Philippines,0.8076
images/PHILIPPINES/celebration/Panagbenga/english/6.jpg,https://files01.pna.gov.ph/category-list/2024/02/24/bgo-panagbenga-2024-narvacan-street-dancers-2nd-place-feb-24-2024lta.jpg,PHILIPPINES,celebration,Panagbenga,english,people participating in Panagbenga in the Philippines,people participating in Panagbenga in the Philippines,0.8015
images/PHILIPPINES/celebration/Sinulog/translated/4.jpg,https://www.globe.com.ph/sites/default/files/2025-05/guide-to-the-sinulog-festival-in-article-01.jpg,PHILIPPINES,celebration,Sinulog,translated,mga taong lumalahok sa Sinulog sa Pilipinas,people participating in Sinulog in the Philippines,0.8185
images/PHILIPPINES/celebration/Sinulog/english/8.jpg,https://philippines.licas.news/wp-content/uploads/2023/01/Sinulog.jpg,PHILIPPINES,celebration,Sinulog,english,people participating in Sinulog in the Philippines,people participating in Sinulog in the Philippines,0.8124
images/PHILIPPINES/celebration/Sinulog/translated/3.jpg,https://gttp.images.tshiftcdn.com/222956/x/0/sinulog-festival-in-cebu-island-province-everything-you-need-to-know-8.jpg?auto\u003dcompress%2Cformat\u0026ch\u003dWidth%2CDPR\u0026dpr\u003d1\u0026ixlib\u003dphp-3.3.0\u0026w\u003d883,PHILIPPINES,celebration,Sinulog,translated,mga taong lumalahok sa Sinulog sa Pilipinas,people participating in Sinulog in the Philippines,0.8009
images/PHILIPPINES/celebration/Sinulog/translated/1.jpg,https://www.rappler.com/tachyon/2025/01/sinulog-opening-parade-cebu-january-10-2025-007-scaled.jpg,PHILIPPINES,celebration,Sinulog,translated,mga taong lumalahok sa Sinulog sa Pilipinas,people participating in Sinulog in the Philippines,0.7979
images/PHILIPPINES/celebration/Sinulog/english/4.jpg,https://i0.wp.com/franceleclerc.com/wp-content/uploads/2025/04/Sinulog-1-1.jpg?resize\u003d800%2C533\u0026ssl\u003d1,PHILIPPINES,celebration,Sinulog,english,people participating in Sinulog in the Philippines,people participating in Sinulog in the Philippines,0.7826
images/PHILIPPINES/celebration/celebration/translated/6.jpg,https://cdn.balita.net.ph/wp-content/uploads/2017/07/300617_TAONG_PUTIK_FESTIVAL_18_RINOZA.jpg,PHILIPPINES,celebration,celebration,translated,mga taong lumalahok sa tradisyonal na pista o pagdiriwang sa Pilipinas,people participating in a traditional festival or observance in the Philippines,0.8014
images/PHILIPPINES/celebration/celebration/english/1.jpg,https://www2.naga.gov.ph/wp-content/uploads/2021/10/Traslacion-3.jpg,PHILIPPINES,celebration,celebration,english,people participating in a traditional festival or observance in the Philippines,people participating in a traditional festival or observance in the Philippines,0.7955
images/PHILIPPINES/celebration/celebration/english/3.jpg,https://images.squarespace-cdn.com/content/v1/535e8657e4b0b90ffe0f4723/f95ec315-2e67-45b8-b4d3-5a46e6cfc57b/Dance+Pavilion.jpg?format\u003d1500w,PHILIPPINES,celebration,celebration,english,people participating in a traditional festival or observance in the Philippines,people participating in a traditional festival or observance in the Philippines,0.7807
images/PHILIPPINES/celebration/celebration/english/2.jpg,https://www.holidify.com/images/cmsuploads/compressed/Philippines_Dinagyang_Festival_20210104114149.jpg,PHILIPPINES,celebration,celebration,english,people participating in a traditional festival or observance in the Philippines,people participating in a traditional festival or observance in the Philippines,0.759
images/PHILIPPINES/celebration/celebration/english/8.jpg,https://asiasociety.org/sites/default/files/styles/1200w/public/S/sinulog2012.jpg,PHILIPPINES,celebration,celebration,english,people participating in a traditional festival or observance in the Philippines,people participating in a traditional festival or observance in the Philippines,0.7352
images/PHILIPPINES/concert/concert/english/4.jpg,https://populous.com/uploads/2018/01/0_N82_cropped_1920x1080-1200x675-c-center.jpg,PHILIPPINES,concert,concert,english,concert in the Philippines,concert in the Philippines,0.7798
images/PHILIPPINES/concert/concert/translated/10.jpeg,https://mb.com.ph/uploads/imported_images/IMG_5134_1a7bd023ce.jpeg,PHILIPPINES,concert,concert,translated,konsiyerto sa Pilipinas,concert in the Philippines,0.7528
images/PHILIPPINES/concert/concert/translated/8.jpg,https://upload.wikimedia.org/wikipedia/commons/2/26/Fusion_Sarah_G_%28cropped%29.jpg,PHILIPPINES,concert,concert,translated,konsiyerto sa Pilipinas,concert in the Philippines,0.7407
images/PHILIPPINES/concert/concert/english/6.jpg,https://res.klook.com/image/upload/v1722509928/kjfdrkuswui5f8mc9om4.jpg,PHILIPPINES,concert,concert,english,concert in the Philippines,concert in the Philippines,0.731
images/PHILIPPINES/concert/concert/translated/9.jpg,https://bacoor.gov.ph/wp-content/uploads/2024/06/448675529_889672983196100_2397570093977058450_n.jpg,PHILIPPINES,concert,concert,translated,konsiyerto sa Pilipinas,concert in the Philippines,0.722
images/PHILIPPINES/concert/indoor/english/10.jpg,https://newsroom.korea.net/upload/content/editImage/20191224173140262_UHMMSO58.jpg,PHILIPPINES,concert,indoor,english,indoor concert in the Philippines,indoor concert in the Philippines,0.8409
images/PHILIPPINES/concert/indoor/english/6.jpg,https://prosound.co.za/wp-content/uploads/2016/09/D3P1347-scaled-1.jpg,PHILIPPINES,concert,indoor,english,indoor concert in the Philippines,indoor concert in the Philippines,0.7862
images/PHILIPPINES/concert/indoor/english/4.jpg,https://ak-d.tripcdn.com/images/1mi0a12000gpi14ib64A9.jpg?proc\u003dsource/trip,PHILIPPINES,concert,indoor,english,indoor concert in the Philippines,indoor concert in the Philippines,0.7153
images/PHILIPPINES/concert/indoor/english/1.jpg,https://cdn.manilastandard.net/wp-content/uploads/2023/10/twice-1.jpg,PHILIPPINES,concert,indoor,english,indoor concert in the Philippines,indoor concert in the Philippines,0.7141
images/PHILIPPINES/concert/indoor/english/5.jpg,https://cdn.manilastandard.net/wp-content/uploads/2022/12/seventeen_kpop_history.jpg,PHILIPPINES,concert,indoor,english,indoor concert in the Philippines,indoor concert in the Philippines,0.7137
images/PHILIPPINES/concert/outdoor/english/9.jpg,https://i.ytimg.com/vi/5M0LC7y71k0/hq720.jpg?sqp\u003d-oaymwE7CK4FEIIDSFryq4qpAy0IARUAAAAAGAElAADIQj0AgKJD8AEB-AH-CYAC0AWKAgwIABABGDsgQyh_MA8\u003d\u0026rs\u003dAOn4CLAYQuGrcaYuS_VohF01c1EORg2LCA,PHILIPPINES,concert,outdoor,english,outdoor concert in the Philippines,outdoor concert in the Philippines,0.748
images/PHILIPPINES/concert/outdoor/translated/1.jpg,https://i.ytimg.com/vi/U6Ol7I6jZvM/maxresdefault.jpg,PHILIPPINES,concert,outdoor,translated,konsiyerto sa labas sa Pilipinas,outdoor concert in the Philippines,0.7478
images/PHILIPPINES/concert/outdoor/english/8.jpg,https://www.bworldonline.com/wp-content/uploads/2024/04/image6-OL-640x426.jpg,PHILIPPINES,concert,outdoor,english,outdoor concert in the Philippines,outdoor concert in the Philippines,0.6856
images/PHILIPPINES/concert/outdoor/english/5.jpg,https://i.pinimg.com/736x/8e/10/42/8e1042ac9b575c5b1f9308711ae33e59.jpg,PHILIPPINES,concert,outdoor,english,outdoor concert in the Philippines,outdoor concert in the Philippines,0.6635
images/PHILIPPINES/concert/outdoor/english/6.jpg,https://go.rappler.com/images/7107-concert-image4-rappler-20142302_CE85DA5DCEEE4233B8F9E5E73AE215DC.jpg,PHILIPPINES,concert,outdoor,english,outdoor concert in the Philippines,outdoor concert in the Philippines,0.6634
images/PHILIPPINES/dancing/Cariñosa/translated/2.jpg,http://ccat.sas.upenn.edu/tagalog/tinikling1.jpg,PHILIPPINES,dancing,Cariñosa,translated,mga taong sumasayaw ng Cariñosa sa Pilipinas,people dancing Cariñosa in the Philippines,0.8414
images/PHILIPPINES/dancing/Cariñosa/translated/4.jpg,https://i.ytimg.com/vi/NVoM0AstipA/maxresdefault.jpg?sqp\u003d-oaymwEmCIAKENAF8quKqQMa8AEB-AH-CYAC0AWKAgwIABABGGUgTyg8MA8\u003d\u0026rs\u003dAOn4CLAtPqNUOc6wFc7oRvrAO3w10yeiCw,PHILIPPINES,dancing,Cariñosa,translated,mga taong sumasayaw ng Cariñosa sa Pilipinas,people dancing Cariñosa in the Philippines,0.8252
images/PHILIPPINES/dancing/Cariñosa/english/4.jpg,https://i.ytimg.com/vi/ssZKgc9-pSQ/hq720.jpg?sqp\u003d-oaymwE7CK4FEIIDSFryq4qpAy0IARUAAAAAGAElAADIQj0AgKJD8AEB-AHUBoAC4AOKAgwIABABGGUgUyhNMA8\u003d\u0026rs\u003dAOn4CLCYDwzi8pbD-PYEwqYmppQCuFOWXg,PHILIPPINES,dancing,Cariñosa,english,people dancing Cariñosa in the Philippines,people dancing Cariñosa in the Philippines,0.7984
images/PHILIPPINES/dancing/Cariñosa/translated/6.png,https://blogger.googleusercontent.com/img/b/R29vZ2xl/AVvXsEg-exSWc43ggxYXU3TqewSZBXUFB0oYbkHsd3pzzEe1VSktiD16X4llTcdesGPQFsE9oonZgJtBJK8irEFnwleVvC-v9ESq1V58pZvVILPWzBKxy1L8v4xsJ1glGiNBaO6ct4ksR4G11jw/s1600/tikling3.png,PHILIPPINES,dancing,Cariñosa,translated,mga taong sumasayaw ng Cariñosa sa Pilipinas,people dancing Cariñosa in the Philippines,0.7838
images/PHILIPPINES/dancing/Cariñosa/translated/5.jpg,https://blogger.googleusercontent.com/img/b/R29vZ2xl/AVvXsEje0_g5_PZynspJmCWqEk8AZA5Y629W2hJQrtwq8YFF3uPr2A62_f9tzBpdCkzneH3f4YujEdj_C6dwUo2y9OVoa6NxguyqNZVzYbx3nVcCq5wUrWQqZJeA_e6uWgDRh7_Tx8OQPiy6onM/s1600/tikling2.jpg,PHILIPPINES,dancing,Cariñosa,translated,mga taong sumasayaw ng Cariñosa sa Pilipinas,people dancing Cariñosa in the Philippines,0.7805
images/PHILIPPINES/dancing/Itik-itik/english/7.jpg,https://blogger.googleusercontent.com/img/b/R29vZ2xl/AVvXsEhTejmi6mVlPIXVerlzs00uWNy3r8ciQy0hZ7VFrKJbrp0-hiougNO0wIfuabg63jLiuj146tG3UrsE-3x2Sk0jBI1l8epUoxNUL4xMGQgufxSvEa5cpOCw9arrVMXjq5YKtXzajMSMz7BH/w1200-h630-p-k-no-nu/itik-itik.jpg,PHILIPPINES,dancing,Itik-itik,english,people dancing Itik-itik in the Philippines,people dancing Itik-itik in the Philippines,0.911
images/PHILIPPINES/dancing/Itik-itik/english/8.jpg,https://i.ytimg.com/vi/1wEJIhLPFvY/maxresdefault.jpg,PHILIPPINES,dancing,Itik-itik,english,people dancing Itik-itik in the Philippines,people dancing Itik-itik in the Philippines,0.8463
images/PHILIPPINES/dancing/Itik-itik/english/1.jpg,https://yendysarellano.wordpress.com/wp-content/uploads/2012/03/itik-itik-dance1.jpg,PHILIPPINES,dancing,Itik-itik,english,people dancing Itik-itik in the Philippines,people dancing Itik-itik in the Philippines,0.8379
images/PHILIPPINES/dancing/Itik-itik/translated/5.jpg,http://ccat.sas.upenn.edu/tagalog/tinikling1.jpg,PHILIPPINES,dancing,Itik-itik,translated,mga taong sumasayaw ng Itik-itik sa Pilipinas,people dancing Itik-itik in the Philippines,0.8261
images/PHILIPPINES/dancing/Itik-itik/english/9.jpg,https://www.nipino.com/uploads/images/202406/image_870x_666af81312e9a.jpg,PHILIPPINES,dancing,Itik-itik,english,people dancing Itik-itik in the Philippines,people dancing Itik-itik in the Philippines,0.8067
images/PHILIPPINES/dancing/Maglalatik/english/8.jpg,https://thebottomline.as.ucsb.edu/wp-content/uploads/2017/05/PCN_JuanG3WEB.jpg,PHILIPPINES,dancing,Maglalatik,english,people performing Maglalatik in the Philippines,people performing Maglalatik in the Philippines,0.8487
images/PHILIPPINES/dancing/Maglalatik/translated/1.jpg,https://upload.wikimedia.org/wikipedia/commons/2/27/Folklore_of_the_popular_heritage_of_the_State_of_the_Philippines_18.jpg,PHILIPPINES,dancing,Maglalatik,translated,mga taong sumasayaw ng Maglalatik sa Pilipinas,people performing Maglalatik in the Philippines,0.846
images/PHILIPPINES/dancing/Maglalatik/translated/2.jpg,http://ccat.sas.upenn.edu/tagalog/tinikling1.jpg,PHILIPPINES,dancing,Maglalatik,translated,mga taong sumasayaw ng Maglalatik sa Pilipinas,people performing Maglalatik in the Philippines,0.8319
images/PHILIPPINES/dancing/Maglalatik/translated/3.jpg,https://i.ytimg.com/vi/_se2E1NEaUI/hqdefault.jpg?sqp\u003d-oaymwEmCOADEOgC8quKqQMa8AEB-AHOBYAC4AOKAgwIABABGFsgZShEMA8\u003d\u0026rs\u003dAOn4CLDBZeofKsEPrmsPIoUg_8_5ozdbtw,PHILIPPINES,dancing,Maglalatik,translated,mga taong sumasayaw ng Maglalatik sa Pilipinas,people performing Maglalatik in the Philippines,0.8211
images/PHILIPPINES/dancing/Maglalatik/english/4.jpg,https://i.pinimg.com/564x/93/22/06/93220622c438fac12de186da30f34ce8.jpg,PHILIPPINES,dancing,Maglalatik,english,people performing Maglalatik in the Philippines,people performing Maglalatik in the Philippines,0.8005
images/PHILIPPINES/dancing/Pangalay/english/2.jpg,https://i.pinimg.com/564x/93/22/06/93220622c438fac12de186da30f34ce8.jpg,PHILIPPINES,dancing,Pangalay,english,people performing Pangalay in the Philippines,people performing Pangalay in the Philippines,0.846
images/PHILIPPINES/dancing/Pangalay/english/8.jpg,https://www.hisour.com/wp-content/uploads/2018/08/Philippine-dance.jpg,PHILIPPINES,dancing,Pangalay,english,people performing Pangalay in the Philippines,people performing Pangalay in the Philippines,0.8025
images/PHILIPPINES/dancing/Pangalay/translated/4.jpg,https://i.ytimg.com/vi/m-zB8nKotRg/hq720.jpg?sqp\u003d-oaymwEhCK4FEIIDSFryq4qpAxMIARUAAAAAGAElAADIQj0AgKJD\u0026rs\u003dAOn4CLCByfovK5cFlHOLCumdFfG7hYyZFA,PHILIPPINES,dancing,Pangalay,translated,mga taong sumasayaw ng Pangalay sa Pilipinas,people performing Pangalay in the Philippines,0.8005
images/PHILIPPINES/dancing/Pangalay/english/9.jpg,https://i.pinimg.com/736x/de/48/6a/de486a41e2ad4274cbd519b717e1fb01.jpg,PHILIPPINES,dancing,Pangalay,english,people performing Pangalay in the Philippines,people performing Pangalay in the Philippines,0.7735
images/PHILIPPINES/dancing/Pangalay/translated/7.jpg,https://upload.wikimedia.org/wikipedia/commons/c/c2/Tausug.jpg,PHILIPPINES,dancing,Pangalay,translated,mga taong sumasayaw ng Pangalay sa Pilipinas,people performing Pangalay in the Philippines,0.7254
images/PHILIPPINES/dancing/Singkil/translated/7.jpg,https://i.ytimg.com/vi/hT6t0PSTwwY/maxresdefault.jpg,PHILIPPINES,dancing,Singkil,translated,mga taong sumasayaw ng Singkil sa Pilipinas,people performing Singkil in the Philippines,0.9701
images/PHILIPPINES/dancing/Singkil/english/5.jpg,https://i.ytimg.com/vi/U5RCUyTkY5Y/hq720.jpg?sqp\u003d-oaymwE7CK4FEIIDSFryq4qpAy0IARUAAAAAGAElAADIQj0AgKJD8AEB-AG-B4AC0AWKAgwIABABGGUgSyhUMA8\u003d\u0026rs\u003dAOn4CLA8La0INkdOzwOcxCRscpKK7GqDuw,PHILIPPINES,dancing,Singkil,english,people performing Singkil in the Philippines,people performing Singkil in the Philippines,0.938
images/PHILIPPINES/dancing/Singkil/english/10.jpg,https://i.pinimg.com/236x/28/d1/5a/28d15ac7fa9847a47b407dccee1ccf0c.jpg,PHILIPPINES,dancing,Singkil,english,people performing Singkil in the Philippines,people performing Singkil in the Philippines,0.9331
images/PHILIPPINES/dancing/Singkil/english/7.jpg,https://i.ytimg.com/vi/8eg0E0dp0ZY/maxresdefault.jpg,PHILIPPINES,dancing,Singkil,english,people performing Singkil in the Philippines,people performing Singkil in the Philippines,0.9305
images/PHILIPPINES/dancing/Singkil/translated/8.jpg,https://i.ytimg.com/vi/0Iy_CN402xM/hq720.jpg?sqp\u003d-oaymwE7CK4FEIIDSFryq4qpAy0IARUAAAAAGAElAADIQj0AgKJD8AEB-AH-CYAC0AWKAgwIABABGHIgOShLMA8\u003d\u0026rs\u003dAOn4CLAA3DueKTmQsAldgM9qL6uq0BILmQ,PHILIPPINES,dancing,Singkil,translated,mga taong sumasayaw ng Singkil sa Pilipinas,people performing Singkil in the Philippines,0.9038
images/PHILIPPINES/dancing/Tinikling/translated/4.jpg,https://jaynardsite.wordpress.com/wp-content/uploads/2016/09/6fb1ff9844ad6f727872c78ac7f91f1c.jpg,PHILIPPINES,dancing,Tinikling,translated,mga taong sumasayaw ng Tinikling sa Pilipinas,people performing Tinikling in the Philippines,0.9053
images/PHILIPPINES/dancing/Tinikling/english/9.jpg,https://people.bethel.edu/~shenkel/Likha2.jpg,PHILIPPINES,dancing,Tinikling,english,people performing Tinikling in the Philippines,people performing Tinikling in the Philippines,0.8924
images/PHILIPPINES/dancing/Tinikling/translated/10.jpg,https://i.ytimg.com/vi/UrSgRKhzjJ8/maxresdefault.jpg,PHILIPPINES,dancing,Tinikling,translated,mga taong sumasayaw ng Tinikling sa Pilipinas,people performing Tinikling in the Philippines,0.8372
images/PHILIPPINES/dancing/Tinikling/english/7.jpeg,https://philippineondance.wordpress.com/wp-content/uploads/2013/09/2.jpeg?w\u003d584,PHILIPPINES,dancing,Tinikling,english,people performing Tinikling in the Philippines,people performing Tinikling in the Philippines,0.8352
images/PHILIPPINES/dancing/Tinikling/english/10.jpg,https://i.cbc.ca/1.5946206.1615592239!/fileImage/httpImage/image.jpg_gen/derivatives/original_1180/tinikling-dance.jpg?im\u003d,PHILIPPINES,dancing,Tinikling,english,people performing Tinikling in the Philippines,people performing Tinikling in the Philippines,0.8222
images/PHILIPPINES/dancing/dancing/english/1.jpg,https://i.ytimg.com/vi/TL7Od5VZYas/sddefault.jpg,PHILIPPINES,dancing,dancing,english,people dancing in the Philippines,people dancing in the Philippines,0.8142
images/PHILIPPINES/dancing/dancing/english/7.jpg,https://media.tacdn.com/media/attractions-splice-spp-674x446/07/96/11/f3.jpg,PHILIPPINES,dancing,dancing,english,people dancing in the Philippines,people dancing in the Philippines,0.7762
images/PHILIPPINES/dancing/dancing/english/4.jpg,https://videos.files.wordpress.com/5UxZ4CY0/img_2579_dvd.original.jpg,PHILIPPINES,dancing,dancing,english,people dancing in the Philippines,people dancing in the Philippines,0.7526
images/PHILIPPINES/dancing/dancing/english/3.jpg,https://i.ytimg.com/vi/18iQO3-X4z8/hq720.jpg?sqp\u003d-oaymwEhCK4FEIIDSFryq4qpAxMIARUAAAAAGAElAADIQj0AgKJD\u0026rs\u003dAOn4CLAwqsdT-aRaGCWLAIxsObrQeDi9Pg,PHILIPPINES,dancing,dancing,english,people dancing in the Philippines,people dancing in the Philippines,0.7439
images/PHILIPPINES/dancing/dancing/translated/5.jpg,https://media.philstar.com/photos/2019/04/25/bansa5-sws-hunger-miguel-de-guzman_2019-04-25_22-50-07.jpg,PHILIPPINES,dancing,dancing,translated,mga taong sumasayaw sa Pilipinas,people dancing in the Philippines,0.7384
images/PHILIPPINES/eating/eating/translated/2.jpg,https://khrisna789245459.wordpress.com/wp-content/uploads/2019/10/1.jpg,PHILIPPINES,eating,eating,translated,mga taong kumakain ng pagkain sa Pilipinas,people eating food in the Philippines,0.8187
images/PHILIPPINES/eating/eating/english/9.jpg,https://wpcdn.us-midwest-1.vip.tn-cloud.net/www.honolulumagazine.com/content/uploads/2021/01/IMG_4727-1.jpg,PHILIPPINES,eating,eating,english,people eating food in the Philippines,people eating food in the Philippines,0.8144
images/PHILIPPINES/eating/eating/english/2.jpg,https://i.pinimg.com/474x/47/bf/51/47bf5141f24f8d042723c6543dcb7096.jpg,PHILIPPINES,eating,eating,english,people eating food in the Philippines,people eating food in the Philippines,0.8082
images/PHILIPPINES/eating/eating/english/8.jpg,"https://www.contiki.com/six-two/images/width\u003d1180,height\u003d710,crop\u003d1/2024/04/Large-LL-CONTIKI-DARACOTAN-FINAL-0349-e1712237227872.jpg",PHILIPPINES,eating,eating,english,people eating food in the Philippines,people eating food in the Philippines,0.7949
images/PHILIPPINES/eating/eating/english/6.jpg,https://bucket-image.inkmaginecms.com/cabinet/2023/05/6c691c99-0197-47ae-9702-beb877a50c08.jpg,PHILIPPINES,eating,eating,english,people eating food in the Philippines,people eating food in the Philippines,0.7724
images/PHILIPPINES/eating/home/english/1.jpg,https://i.pinimg.com/474x/47/bf/51/47bf5141f24f8d042723c6543dcb7096.jpg,PHILIPPINES,eating,home,english,people eating food at home in the Philippines,people eating food at home in the Philippines,0.8156
images/PHILIPPINES/eating/home/english/6.jpg,https://sarahsensei.wordpress.com/wp-content/uploads/2014/03/seafood.jpg,PHILIPPINES,eating,home,english,people eating food at home in the Philippines,people eating food at home in the Philippines,0.7262
images/PHILIPPINES/eating/home/english/4.jpg,https://images-cdn.bridgemanimages.com/api/1.0/image/600wm.REU.69240670.7055475/7601117.jpg,PHILIPPINES,eating,home,english,people eating food at home in the Philippines,people eating food at home in the Philippines,0.7239
images/PHILIPPINES/eating/home/translated/8.jpg,https://i.ytimg.com/vi/5_9o_n5IttY/hq720.jpg?sqp\u003d-oaymwE7CK4FEIIDSFryq4qpAy0IARUAAAAAGAElAADIQj0AgKJD8AEB-AHOBYACgAqKAgwIABABGGUgVyhIMA8\u003d\u0026rs\u003dAOn4CLBI5ysUSYsU0jy-U4n0jWWfuJcruw,PHILIPPINES,eating,home,translated,mga taong kumakain ng pagkain sa bahay sa Pilipinas,people eating food at home in the Philippines,0.7074
images/PHILIPPINES/eating/home/english/5.jpg,https://pinoypinas.wordpress.com/wp-content/uploads/2012/11/image61.jpg,PHILIPPINES,eating,home,english,people eating food at home in the Philippines,people eating food at home in the Philippines,0.7043
images/PHILIPPINES/eating/restaurant/english/10.jpg,https://welikefoodtrip.wordpress.com/wp-content/uploads/2014/11/philippine-restaurants-eating-afp.jpg,PHILIPPINES,eating,restaurant,english,people eating food in restaurant in the Philippines,people eating food in restaurant in the Philippines,0.7833
images/PHILIPPINES/eating/restaurant/english/9.jpg,https://i.ytimg.com/vi/vAoYf67S5cA/hq720.jpg?sqp\u003d-oaymwEhCK4FEIIDSFryq4qpAxMIARUAAAAAGAElAADIQj0AgKJD\u0026rs\u003dAOn4CLCLgWqHWxtbOIg-coikH15LqRnvrQ,PHILIPPINES,eating,restaurant,english,people eating food in restaurant in the Philippines,people eating food in restaurant in the Philippines,0.7763
images/PHILIPPINES/eating/restaurant/translated/5.jpg,https://i.ytimg.com/vi/Pmnx_EuxJb4/hqdefault.jpg,PHILIPPINES,eating,restaurant,translated,mga taong kumakain ng pagkain sa restawran sa Pilipinas,people eating food in restaurant in the Philippines,0.7689
images/PHILIPPINES/eating/restaurant/english/4.jpg,https://sarahsensei.wordpress.com/wp-content/uploads/2014/03/seafood.jpg,PHILIPPINES,eating,restaurant,english,people eating food in restaurant in the Philippines,people eating food in restaurant in the Philippines,0.7629
images/PHILIPPINES/eating/restaurant/english/1.jpg,https://www.bworldonline.com/wp-content/uploads/2022/02/restaurant.jpg,PHILIPPINES,eating,restaurant,english,people eating food in restaurant in the Philippines,people eating food in restaurant in the Philippines,0.7432
images/PHILIPPINES/funeral/funeral/english/8.jpg,https://img2.beritasatu.com/cache/jakartaglobe/960x620-w/2017/08/2017-08-26T065457Z_1231934509_RC13F39AD570_RTRMADP_3_PHILIPPINES-DRUGS-FUNERAL.jpg,PHILIPPINES,funeral,funeral,english,people attending a funeral ceremony in the Philippines,people attending a funeral ceremony in the Philippines,0.8139
images/PHILIPPINES/funeral/funeral/translated/3.jpg,https://themanilajourno.wordpress.com/wp-content/uploads/2016/11/marcos1.jpg,PHILIPPINES,funeral,funeral,translated,mga taong dumadalo sa seremonya ng libing sa Pilipinas,people attending a funeral ceremony in the Philippines,0.7728
images/PHILIPPINES/funeral/funeral/translated/7.jpg,https://upload.wikimedia.org/wikipedia/commons/1/1e/Philippines_Funeral_Procession.jpg,PHILIPPINES,funeral,funeral,translated,mga taong dumadalo sa seremonya ng libing sa Pilipinas,people attending a funeral ceremony in the Philippines,0.7709
images/PHILIPPINES/funeral/funeral/translated/6.jpg,https://media.philstar.com/images/articles/population-hits_2018-06-21_22-45-11.jpg,PHILIPPINES,funeral,funeral,translated,mga taong dumadalo sa seremonya ng libing sa Pilipinas,people attending a funeral ceremony in the Philippines,0.7567
images/PHILIPPINES/funeral/funeral/english/3.jpg,https://www.aljazeera.com/wp-content/uploads/2021/06/000_9D782T.jpg?resize\u003d1920%2C1440,PHILIPPINES,funeral,funeral,english,people attending a funeral ceremony in the Philippines,people attending a funeral ceremony in the Philippines,0.6983
images/PHILIPPINES/game/Luksong tinik/translated/10.jpg,https://larongbatangpinoy.wordpress.com/wp-content/uploads/2018/10/5689449533_a270a73959.jpg?w\u003d736,PHILIPPINES,game,Luksong tinik,translated,mga taong naglalaro ng Luksong tinik sa Pilipinas,people playing Luksong tinik in the Philippines,0.8229
images/PHILIPPINES/game/Luksong tinik/translated/5.jpeg,https://assets.isu.pub/document-structure/230729112051-72232c2be11cef4927b3fab6cfd996ab/v1/720a51d718e22cd9c9177b95dfdab1cc.jpeg?width\u003d720\u0026quality\u003d85%2C50,PHILIPPINES,game,Luksong tinik,translated,mga taong naglalaro ng Luksong tinik sa Pilipinas,people playing Luksong tinik in the Philippines,0.8227
images/PHILIPPINES/game/Luksong tinik/translated/4.jpg,https://larongpilipinas.weebly.com/uploads/1/7/4/0/17409913/1868302.jpg,PHILIPPINES,game,Luksong tinik,translated,mga taong naglalaro ng Luksong tinik sa Pilipinas,people playing Luksong tinik in the Philippines,0.7995
images/PHILIPPINES/game/Luksong tinik/english/4.jpg,https://365greatpinoystuff.wordpress.com/wp-content/uploads/2010/06/luksong-tinik.jpg,PHILIPPINES,game,Luksong tinik,english,people playing Luksong tinik in the Philippines,people playing Luksong tinik in the Philippines,0.7994
images/PHILIPPINES/game/Luksong tinik/translated/2.jpg,https://larongpilipinas.weebly.com/uploads/1/7/4/0/17409913/360288.jpg,PHILIPPINES,game,Luksong tinik,translated,mga taong naglalaro ng Luksong tinik sa Pilipinas,people playing Luksong tinik in the Philippines,0.7926
images/PHILIPPINES/game/Patintero/translated/8.jpg,https://blogger.googleusercontent.com/img/b/R29vZ2xl/AVvXsEhKfvvwNnHa7U6vvIz6DI_j4uvYh8c70-Q98D5riczcBQ3IynDTCJjJ8iwmKkTz-EXp3MOgg98GuG0weuUYEZUCC8GNUB-M4B82Nlch5_VyKs3xP6OtojnT6-HH4WCy3TA8W3SySTtSKxc/s1600/6.jpg,PHILIPPINES,game,Patintero,translated,mga taong naglalaro ng Patintero sa Pilipinas,people playing Patintero in the Philippines,0.9019
images/PHILIPPINES/game/Patintero/translated/5.jpg,https://i.ytimg.com/vi/CNQWU4Mxgt4/maxresdefault.jpg,PHILIPPINES,game,Patintero,translated,mga taong naglalaro ng Patintero sa Pilipinas,people playing Patintero in the Philippines,0.8962
images/PHILIPPINES/game/Patintero/translated/2.jpg,https://larongpilipinas.weebly.com/uploads/1/7/4/0/17409913/360288.jpg,PHILIPPINES,game,Patintero,translated,mga taong naglalaro ng Patintero sa Pilipinas,people playing Patintero in the Philippines,0.8077
images/PHILIPPINES/game/Patintero/translated/6.jpg,https://larongpilipinas.weebly.com/uploads/1/7/4/0/17409913/1868302.jpg,PHILIPPINES,game,Patintero,translated,mga taong naglalaro ng Patintero sa Pilipinas,people playing Patintero in the Philippines,0.8026
images/PHILIPPINES/game/Patintero/english/7.jpg,https://www.samseophilippines.com/wp-content/uploads/2024/03/Tumbang-Preso-The-Can-and-the-Slipper.jpg,PHILIPPINES,game,Patintero,english,people playing Patintero in the Philippines,people playing Patintero in the Philippines,0.8025
images/PHILIPPINES/game/Sipa/translated/5.jpg,https://larongbatangpinoy.wordpress.com/wp-content/uploads/2018/10/5689449533_a270a73959.jpg?w\u003d736,PHILIPPINES,game,Sipa,translated,mga taong naglalaro ng Sipa sa Pilipinas,people playing Sipa in the Philippines,0.8186
images/PHILIPPINES/game/Sipa/translated/3.jpg,https://larongpilipinas.weebly.com/uploads/1/7/4/0/17409913/1868302.jpg,PHILIPPINES,game,Sipa,translated,mga taong naglalaro ng Sipa sa Pilipinas,people playing Sipa in the Philippines,0.7899
images/PHILIPPINES/game/Sipa/english/3.jpg,https://i.ytimg.com/vi/CAen1OdTICs/maxresdefault.jpg,PHILIPPINES,game,Sipa,english,people playing Sipa in the Philippines,people playing Sipa in the Philippines,0.7622
images/PHILIPPINES/game/Sipa/translated/10.png,https://upload.wikimedia.org/wikipedia/tl/f/f9/Sipa.png,PHILIPPINES,game,Sipa,translated,mga taong naglalaro ng Sipa sa Pilipinas,people playing Sipa in the Philippines,0.7523
images/PHILIPPINES/game/Sipa/translated/1.jpg,https://blogger.googleusercontent.com/img/b/R29vZ2xl/AVvXsEiz3SsFTXvZWhYXUgVagYlCt85-drStHA4PI-x25XxqSWrU2xy3oruqtujfvHn1ys9GGPzOWpy-6TufENBbtQBDqlONAV9nzt9UbpDVnq5oZ3n0tLwtbvpjlQxxbulpTTo5mgSdPl8kwO28/s1600/Sipa.jpg,PHILIPPINES,game,Sipa,translated,mga taong naglalaro ng Sipa sa Pilipinas,people playing Sipa in the Philippines,0.7373
images/PHILIPPINES/game/Sungka/translated/6.jpg,https://larongbatangpinoy.wordpress.com/wp-content/uploads/2018/10/5689449533_a270a73959.jpg?w\u003d736,PHILIPPINES,game,Sungka,translated,mga taong naglalaro ng Sungka sa Pilipinas,people playing Sungka in the Philippines,0.83
images/PHILIPPINES/game/Sungka/english/9.jpg,https://pinasculture.com/wp-content/uploads/2024/09/heritage_through_traditional_games.jpg,PHILIPPINES,game,Sungka,english,people playing Sungka in the Philippines,people playing Sungka in the Philippines,0.7854
images/PHILIPPINES/game/Sungka/translated/1.jpg,https://i.ytimg.com/vi/V_AaVnx-StQ/maxresdefault.jpg,PHILIPPINES,game,Sungka,translated,mga taong naglalaro ng Sungka sa Pilipinas,people playing Sungka in the Philippines,0.7792
images/PHILIPPINES/game/Sungka/translated/10.jpg,https://steemitimages.com/640x0/https://psychedeliclethargy.files.wordpress.com/2012/03/270848_489561437727304_645094668_n1.jpg,PHILIPPINES,game,Sungka,translated,mga taong naglalaro ng Sungka sa Pilipinas,people playing Sungka in the Philippines,0.7568
images/PHILIPPINES/game/Sungka/translated/9.png,https://images.twinkl.co.uk/tw1n/image/private/t_630/u/ux/sungka_ver_1.png,PHILIPPINES,game,Sungka,translated,mga taong naglalaro ng Sungka sa Pilipinas,people playing Sungka in the Philippines,0.7389
images/PHILIPPINES/game/Tumbang preso/translated/6.jpg,https://i.ytimg.com/vi/7lrBJVRT3iI/maxresdefault.jpg,PHILIPPINES,game,Tumbang preso,translated,mga taong naglalaro ng Tumbang preso sa Pilipinas,people playing Tumbang preso in the Philippines,0.807
images/PHILIPPINES/game/Tumbang preso/english/10.jpg,https://thesmartlocal.ph/wp-content/uploads/2022/03/Filipino-childhood-games-tumbang-preso.jpg,PHILIPPINES,game,Tumbang preso,english,people playing Tumbang preso in the Philippines,people playing Tumbang preso in the Philippines,0.7753
images/PHILIPPINES/game/Tumbang preso/english/6.jpg,https://media.assettype.com/tribune%2F2024-05%2F1d7bea47-4836-4c4b-9eb7-e25cd5147356%2FTRIBUNE-05-16-24-tumbangpreso.jpg?w\u003d480\u0026auto\u003dformat%2Ccompress,PHILIPPINES,game,Tumbang preso,english,people playing Tumbang preso in the Philippines,people playing Tumbang preso in the Philippines,0.7738
images/PHILIPPINES/game/Tumbang preso/translated/9.jpg,https://i.ytimg.com/vi/dQaxfBGzHXc/mqdefault.jpg,PHILIPPINES,game,Tumbang preso,translated,mga taong naglalaro ng Tumbang preso sa Pilipinas,people playing Tumbang preso in the Philippines,0.7534
images/PHILIPPINES/game/Tumbang preso/english/1.jpg,https://files01.pna.gov.ph/source/2022/07/28/tumbang-preso.jpg,PHILIPPINES,game,Tumbang preso,english,people playing Tumbang preso in the Philippines,people playing Tumbang preso in the Philippines,0.7319
images/PHILIPPINES/game/game/english/1.jpg,https://blogger.googleusercontent.com/img/b/R29vZ2xl/AVvXsEji88GA_gEL4fhBjYXuIlNn4l9onFJ_piO6XOcq3dRqArhV5om09OoGRgvzExdGSpFqWsyHauY41AZY4LIf1hit-5HwwOQzKYWvo6HpUTnayW_NxH0wkX6VFgJdgefwjiw54PZWrtAPoH9-/s400/2512911142_71ed9e2826.jpg,PHILIPPINES,game,game,english,people playing game in the Philippines,people playing game in the Philippines,0.7697
images/PHILIPPINES/game/game/translated/5.jpg,https://larongbatangpinoy.wordpress.com/wp-content/uploads/2018/10/5689449533_a270a73959.jpg?w\u003d736,PHILIPPINES,game,game,translated,mga taong naglalaro sa Pilipinas,people playing game in the Philippines,0.768
images/PHILIPPINES/game/game/english/3.png,https://i0.wp.com/bamboo-telegraph.com/wp-content/uploads/2020/03/filipiniana-visual.png?fit\u003d912%2C611\u0026ssl\u003d1,PHILIPPINES,game,game,english,people playing game in the Philippines,people playing game in the Philippines,0.7597
images/PHILIPPINES/game/game/english/6.jpeg,https://thesmartlocal.ph/wp-content/uploads/2022/03/Filipino-childhood-games-patintero.jpeg,PHILIPPINES,game,game,english,people playing game in the Philippines,people playing game in the Philippines,0.7398
images/PHILIPPINES/game/game/translated/9.jpg,https://bossmapagmahal.wordpress.com/wp-content/uploads/2016/02/images-2.jpg,PHILIPPINES,game,game,translated,mga taong naglalaro sa Pilipinas,people playing game in the Philippines,0.7283
images/PHILIPPINES/greeting/beso-beso/translated/5.jpg,https://i.ytimg.com/vi/m3CY2PvIsPs/maxresdefault.jpg,PHILIPPINES,greeting,beso-beso,translated,dalawang taong bumabati ng beso-beso sa Pilipinas,two people greeting with beso-beso in the Philippines,0.746
images/PHILIPPINES/greeting/beso-beso/english/1.jpeg,https://euroweeklynews.com/wp-content/uploads/2021/07/5135E24F-C09E-4D87-AB52-21A7D531FB29-1.jpeg,PHILIPPINES,greeting,beso-beso,english,two people greeting with beso-beso in the Philippines,two people greeting with beso-beso in the Philippines,0.6538
images/PHILIPPINES/greeting/beso-beso/english/4.png,https://images.squarespace-cdn.com/content/v1/5ee8f29bdc42e54512023bf0/3059e1dc-a977-4efb-9b19-6954beb4aeb0/Screenshot+2023-04-29+at+23.35.10.png,PHILIPPINES,greeting,beso-beso,english,two people greeting with beso-beso in the Philippines,two people greeting with beso-beso in the Philippines,0.6485
images/PHILIPPINES/greeting/beso-beso/english/8.jpg,https://thesmartlocal.ph/wp-content/uploads/2021/09/Filipino-Etiquette-Tips.jpg,PHILIPPINES,greeting,beso-beso,english,two people greeting with beso-beso in the Philippines,two people greeting with beso-beso in the Philippines,0.6217
images/PHILIPPINES/greeting/beso-beso/translated/9.jpg,https://i.ytimg.com/vi/ljMAqv9dKoM/maxresdefault.jpg,PHILIPPINES,greeting,beso-beso,translated,dalawang taong bumabati ng beso-beso sa Pilipinas,two people greeting with beso-beso in the Philippines,0.6176
images/PHILIPPINES/greeting/greeting/translated/3.jpg,https://media.philstar.com/images/articles/population-hits_2018-06-21_22-45-11.jpg,PHILIPPINES,greeting,greeting,translated,mga taong bumabati sa Pilipinas,people greeting in the Philippines,0.7415
images/PHILIPPINES/greeting/greeting/english/2.jpg,https://www.catholicsandcultures.org/sites/default/files/styles/full_3_2/public/pages/dscn6676.jpg?itok\u003dVduavOSM,PHILIPPINES,greeting,greeting,english,people greeting in the Philippines,people greeting in the Philippines,0.707
images/PHILIPPINES/greeting/greeting/translated/2.jpg,https://localtraditions.wordpress.com/wp-content/uploads/2016/07/131114_for_philippinesaid-crop-original-original.jpg?w\u003d840,PHILIPPINES,greeting,greeting,translated,mga taong bumabati sa Pilipinas,people greeting in the Philippines,0.7012
images/PHILIPPINES/greeting/greeting/english/5.jpg,https://files.peacecorps.gov/images/Trainee_with_Host_Family.2e16d0ba.fill-760x428.jpg,PHILIPPINES,greeting,greeting,english,people greeting in the Philippines,people greeting in the Philippines,0.7005
images/PHILIPPINES/greeting/greeting/english/7.jpg,https://lingopie.com/blog/content/images/2024/07/Saying-Mano-Po--and-pagmamano-in-the-Philippines.jpg,PHILIPPINES,greeting,greeting,english,people greeting in the Philippines,people greeting in the Philippines,0.6988
images/PHILIPPINES/greeting/handshake/english/10.jpg,https://cdn.prod.website-files.com/591515887c47180f72a5c58e/66e82c153b6bab55b2c3e447_Ferdinand_R._Marcos_Jr._and_Xi_Jinping_met_at_the_sidelines_of_the_APEC_2022.jpg,PHILIPPINES,greeting,handshake,english,two people greeting with handshake in the Philippines,two people greeting with handshake in the Philippines,0.8252
images/PHILIPPINES/greeting/handshake/translated/1.jpg,https://smninewschannel.com/wp-content/uploads/2023/11/git2-1.jpg,PHILIPPINES,greeting,handshake,translated,dalawang taong bumabati sa pamamagitan ng pakikipagkamay sa Pilipinas,two people greeting with handshake in the Philippines,0.8171
images/PHILIPPINES/greeting/handshake/english/1.jpeg,https://img2.chinadaily.com.cn/images/202301/04/63b4c0dba31057c4b4b2a6fe.jpeg,PHILIPPINES,greeting,handshake,english,two people greeting with handshake in the Philippines,two people greeting with handshake in the Philippines,0.7959
images/PHILIPPINES/greeting/handshake/english/3.jpg,https://www.aljazeera.com/wp-content/uploads/2025/04/2025-04-29T111021Z_1384771514_RC2L7EAJDWEV_RTRMADP_3_PHILIPPINES-JAPAN-1745940629.jpg?resize\u003d1800%2C1800,PHILIPPINES,greeting,handshake,english,two people greeting with handshake in the Philippines,two people greeting with handshake in the Philippines,0.7879
images/PHILIPPINES/greeting/handshake/english/4.jpeg,https://files01.pna.gov.ph/source/2023/03/02/shake-hands-b2f04bcd-e490-41d4-88d3-520bca88f927.jpeg,PHILIPPINES,greeting,handshake,english,two people greeting with handshake in the Philippines,two people greeting with handshake in the Philippines,0.7389
images/PHILIPPINES/greeting/hug/english/8.png,https://www.adobomagazine.com/wp-content/uploads/2018/12/regalo_2.png,PHILIPPINES,greeting,hug,english,two people greeting with hug in the Philippines,two people greeting with hug in the Philippines,0.7728
images/PHILIPPINES/greeting/hug/english/7.jpg,https://worldwithtj.wordpress.com/wp-content/uploads/2015/09/mano.jpg,PHILIPPINES,greeting,hug,english,two people greeting with hug in the Philippines,two people greeting with hug in the Philippines,0.7496
images/PHILIPPINES/greeting/hug/english/1.jpg,https://ling-app.com/wp-content/uploads/2023/09/Couple_Filipino-Dating-Culture-Ling-App.jpg,PHILIPPINES,greeting,hug,english,two people greeting with hug in the Philippines,two people greeting with hug in the Philippines,0.6567
images/PHILIPPINES/greeting/hug/english/5.jpg,https://ychef.files.bbci.co.uk/1280x720/p08ch4z8.jpg,PHILIPPINES,greeting,hug,english,two people greeting with hug in the Philippines,two people greeting with hug in the Philippines,0.6519
images/PHILIPPINES/greeting/hug/english/6.jpg,https://t3.ftcdn.net/jpg/04/95/31/30/360_F_495313050_OJa5YwIgV4u11sf3HReplEkWwFPnGtC0.jpg,PHILIPPINES,greeting,hug,english,two people greeting with hug in the Philippines,two people greeting with hug in the Philippines,0.6514
images/PHILIPPINES/greeting/mano/english/5.jpg,https://i.pinimg.com/736x/06/a7/d6/06a7d68e903bbaecef575063722edc2b.jpg,PHILIPPINES,greeting,mano,english,person greeting with mano in the Philippines,person greeting with mano in the Philippines,0.7731
images/PHILIPPINES/greeting/mano/english/3.jpg,https://www.catholicsandcultures.org/sites/default/files/styles/full_3_2/public/pages/mano.jpg?itok\u003dN-FU0EUs,PHILIPPINES,greeting,mano,english,person greeting with mano in the Philippines,person greeting with mano in the Philippines,0.6982
images/PHILIPPINES/greeting/mano/translated/5.jpg,https://i.ytimg.com/vi/h8CUi6QuZ-w/hq720.jpg?sqp\u003d-oaymwEhCK4FEIIDSFryq4qpAxMIARUAAAAAGAElAADIQj0AgKJD\u0026rs\u003dAOn4CLDufegq8mM7Kuk7Pd-pWzxUxobwww,PHILIPPINES,greeting,mano,translated,taong bumabati ng mano sa Pilipinas,person greeting with mano in the Philippines,0.6939
images/PHILIPPINES/greeting/mano/english/8.jpg,https://64.media.tumblr.com/cd045e2fc9710d66e32dc92506468cbc/f4f3f70acc8f5484-d9/s1280x1920/12803514f1677a70eb133d0eca667829e2c4af50.jpg,PHILIPPINES,greeting,mano,english,person greeting with mano in the Philippines,person greeting with mano in the Philippines,0.6773
images/PHILIPPINES/greeting/mano/translated/9.png,https://upload.wikimedia.org/wikipedia/commons/3/37/Chavacano_language_map.png,PHILIPPINES,greeting,mano,translated,taong bumabati ng mano sa Pilipinas,person greeting with mano in the Philippines,0.6726
images/PHILIPPINES/religious/Fiesta mass/english/8.jpg,https://www.rappler.com/tachyon/2022/08/Cebu-Sinulog-Walk-with-Jesus-January-9-2020-2-2.jpg,PHILIPPINES,religious,Fiesta mass,english,Fiesta mass in the Philippines,Fiesta mass in the Philippines,0.8012
images/PHILIPPINES/religious/Fiesta mass/translated/1.jpg,"https://static.wixstatic.com/media/9f3aef_164ebe94ec014925aba6ac3a5b901786~mv2.jpg/v1/fill/w_568,h_378,al_c,q_80,usm_0.66_1.00_0.01,enc_avif,quality_auto/9f3aef_164ebe94ec014925aba6ac3a5b901786~mv2.jpg",PHILIPPINES,religious,Fiesta mass,translated,misa ng pista sa Pilipinas,Fiesta mass in the Philippines,0.7888
images/PHILIPPINES/religious/Fiesta mass/english/6.jpg,https://blogger.googleusercontent.com/img/b/R29vZ2xl/AVvXsEjm71x8aVjR-gtcROzXKg5zKtvu_IuwaJ5Uj-McuOEbD3pQBt4u7PWRPy_tsAdYfKOZbs-a0R9_d4OMQBh-VM2yf68qWazIwB521utxP3eHREJ6kQ-6LvC1eAEFX7dRf-bnajDJd58uewo/s1600/DSC01990.jpg,PHILIPPINES,religious,Fiesta mass,english,Fiesta mass in the Philippines,Fiesta mass in the Philippines,0.729
images/PHILIPPINES/religious/Fiesta mass/translated/7.jpg,https://media.philstar.com/photos/2024/01/21/32024-01-2023-42-18_2024-01-21_23-33-38.jpg,PHILIPPINES,religious,Fiesta mass,translated,misa ng pista sa Pilipinas,Fiesta mass in the Philippines,0.7182
images/PHILIPPINES/religious/Fiesta mass/english/9.jpg,https://i0.wp.com/jerseycatholic.org/wp-content/uploads/2024/01/DSC6945.jpg?resize\u003d1024%2C683\u0026ssl\u003d1,PHILIPPINES,religious,Fiesta mass,english,Fiesta mass in the Philippines,Fiesta mass in the Philippines,0.7045
images/PHILIPPINES/religious/Santo Niño procession/translated/6.jpg,https://blogger.googleusercontent.com/img/b/R29vZ2xl/AVvXsEiQwODHpFPJUvPlBHe2kH-Y3EQpWrJeUCkwN-fHmgPpI9Gc80bknRMYAiXeMPk7y2NXYZJ2cQkY9WBJH034obPawFGRR8OYU43vY66ARp-TwXyiMFBkVtAjvCVXC9YzK9sEe_Als6l53NrW/s1600/166642_1396569772803_1789003513_755181_8069140_n.jpg,PHILIPPINES,religious,Santo Niño procession,translated,prusisyon ng Santo Niño sa Pilipinas,Santo Niño procession in the Philippines,0.9232
images/PHILIPPINES/religious/Santo Niño procession/translated/4.png,https://i0.wp.com/kwentuhanwithbrian.wordpress.com/wp-content/uploads/2021/01/opinyon-at-pananaw-5.png?fit\u003d1200%2C675\u0026ssl\u003d1,PHILIPPINES,religious,Santo Niño procession,translated,prusisyon ng Santo Niño sa Pilipinas,Santo Niño procession in the Philippines,0.8992
images/PHILIPPINES/religious/Santo Niño procession/translated/9.jpg,https://media.philstar.com/photos/2024/01/21/32024-01-2023-42-18_2024-01-21_23-33-38.jpg,PHILIPPINES,religious,Santo Niño procession,translated,prusisyon ng Santo Niño sa Pilipinas,Santo Niño procession in the Philippines,0.8947
images/PHILIPPINES/religious/Santo Niño procession/translated/2.jpg,https://blogger.googleusercontent.com/img/b/R29vZ2xl/AVvXsEjYMVXRU9YJYivemy9bvhNR4qlUdjmu1XE0CZtOaNhcn5cW-TO8pWblKzvVlZPo5xoUP6CTBJAoGgxaPMbOdpi35QGD1oH8dEYDePUQ2MLAeENho_dV11nVi4hvRmUtLTFOm9eSY7sdRn0/s1600/sinulog-festival.jpg,PHILIPPINES,religious,Santo Niño procession,translated,prusisyon ng Santo Niño sa Pilipinas,Santo Niño procession in the Philippines,0.8878
images/PHILIPPINES/religious/Santo Niño procession/english/6.jpg,https://upload.wikimedia.org/wikipedia/commons/3/31/01039jfSanto_Ni%C3%B1o_Procession_2017_Baliwag%2C_Bulacanfvf_19.jpg,PHILIPPINES,religious,Santo Niño procession,english,Santo Niño procession in the Philippines,Santo Niño procession in the Philippines,0.8829
images/PHILIPPINES/religious/praying/english/9.jpg,https://files01.pna.gov.ph/ograph/2022/05/02/img-0478fdb771c8396cef6ef659e3270c22-v.jpg,PHILIPPINES,religious,praying,english,people praying in the Philippines,people praying in the Philippines,0.7401
images/PHILIPPINES/religious/praying/english/10.jpg,https://joeyechano.files.wordpress.com/2018/09/devout-prayer.jpg?w\u003d700,PHILIPPINES,religious,praying,english,people praying in the Philippines,people praying in the Philippines,0.7296
images/PHILIPPINES/religious/praying/english/1.jpg,https://www.newarab.com/sites/default/files/media/images/69D8DA97-51F0-4D0D-A1E0-236FC114D2E9.jpg,PHILIPPINES,religious,praying,english,people praying in the Philippines,people praying in the Philippines,0.7085
images/PHILIPPINES/religious/praying/english/7.jpeg,https://i.ucanews.com/ucanews/uploads/2022/10/check-634fc197e8ce7_600.jpeg,PHILIPPINES,religious,praying,english,people praying in the Philippines,people praying in the Philippines,0.694
images/PHILIPPINES/religious/praying/english/5.jpg,https://files01.pna.gov.ph/ograph/2018/05/16/ramadan_5afc26546b0e27_29635106.jpg,PHILIPPINES,religious,praying,english,people praying in the Philippines,people praying in the Philippines,0.6913
images/PHILIPPINES/religious/religious/english/10.jpg,https://www.ucanews.com/uploads/2017/01/1484556315.jpg,PHILIPPINES,religious,religious,english,people participating in a traditional religious event in the Philippines,people participating in a traditional religious event in the Philippines,0.849
images/PHILIPPINES/religious/religious/english/1.jpg,https://www.newarab.com/sites/default/files/media/images/69D8DA97-51F0-4D0D-A1E0-236FC114D2E9.jpg,PHILIPPINES,religious,religious,english,people participating in a traditional religious event in the Philippines,people participating in a traditional religious event in the Philippines,0.8052
images/PHILIPPINES/religious/religious/english/5.jpg,http://culture360.asef.org/media/2011/8/2274285.jpg,PHILIPPINES,religious,religious,english,people participating in a traditional religious event in the Philippines,people participating in a traditional religious event in the Philippines,0.7822
images/PHILIPPINES/religious/religious/english/9.jpg,https://i0.wp.com/efe.com/wp-content/uploads/2024/01/rss-efe351615f9b7173c6417cc9f0121af53f2a8e1123dw.jpg?w\u003d979\u0026ssl\u003d1,PHILIPPINES,religious,religious,english,people participating in a traditional religious event in the Philippines,people participating in a traditional religious event in the Philippines,0.7727
images/PHILIPPINES/religious/religious/english/4.jpg,https://www.hindustantimes.com/ht-img/img/2024/03/28/550x309/PTI03-27-2024-000225B-0_1711619292365_1711619332914.jpg,PHILIPPINES,religious,religious,english,people participating in a traditional religious event in the Philippines,people participating in a traditional religious event in the Philippines,0.7593
images/PHILIPPINES/wedding/wedding/english/3.jpg,http://www.xinhuanet.com/english/2020-02/14/138783858_15816709530691n.jpg,PHILIPPINES,wedding,wedding,english,wedding celebration in the Philippines,wedding celebration in the Philippines,0.8114
images/PHILIPPINES/wedding/wedding/english/7.jpg,"https://alexandra.bridestory.com/image/upload/q_80,w_412/blogs/maxene-boracay-Hyai--Vwm.jpg",PHILIPPINES,wedding,wedding,english,wedding celebration in the Philippines,wedding celebration in the Philippines,0.766
images/PHILIPPINES/wedding/wedding/translated/6.jpg,https://kasal.com/wp-content/uploads/2022/10/Antipolo-1.jpg,PHILIPPINES,wedding,wedding,translated,pagdiriwang ng kasal sa Pilipinas,wedding celebration in the Philippines,0.7558
images/PHILIPPINES/wedding/wedding/english/6.jpg,https://kasalangpilipino.wordpress.com/wp-content/uploads/2017/05/filipino-wedding-traditions.jpg,PHILIPPINES,wedding,wedding,english,wedding celebration in the Philippines,wedding celebration in the Philippines,0.74
images/PHILIPPINES/wedding/wedding/translated/7.jpg,http://www.elaput.com/combksal.jpg,PHILIPPINES,wedding,wedding,translated,pagdiriwang ng kasal sa Pilipinas,wedding celebration in the Philippines,0.7384
images/SOUTH_AFRICA/celebration/cape town jazz festival/translated/2.jpg,https://www.jazzism.nl/wp-content/uploads/2024/05/Billy-Monama-CTJazz2024.jpg,SOUTH_AFRICA,celebration,cape town jazz festival,translated,mense wat aan die Kaapstad Jazzfees deelneem in Suid-Afrika,people participating in Cape Town Jazz Festival in South Africa,0.9046
images/SOUTH_AFRICA/celebration/cape town jazz festival/english/4.jpg,https://thenewspaper.co.za/wp-content/uploads/2018/03/TNP031815-696x451.jpg,SOUTH_AFRICA,celebration,cape town jazz festival,english,people participating in Cape Town Jazz Festival in South Africa,people participating in Cape Town Jazz Festival in South Africa,0.832
images/SOUTH_AFRICA/celebration/cape town jazz festival/translated/6.jpg,https://expeditionanywhere.nl/wp-content/uploads/2022/05/Zuid-Afrika_Kaapstad_Street_Expedition-Anywhere_27.jpg,SOUTH_AFRICA,celebration,cape town jazz festival,translated,mense wat aan die Kaapstad Jazzfees deelneem in Suid-Afrika,people participating in Cape Town Jazz Festival in South Africa,0.8243
images/SOUTH_AFRICA/celebration/cape town jazz festival/english/5.jpg,https://cdn.24.co.za/files/Cms/General/d/8651/db84195fd860415b89e79667edcbd17b.jpg,SOUTH_AFRICA,celebration,cape town jazz festival,english,people participating in Cape Town Jazz Festival in South Africa,people participating in Cape Town Jazz Festival in South Africa,0.8101
images/SOUTH_AFRICA/celebration/cape town jazz festival/english/7.jpg,https://english.news.cn/africa/20250426/dbf50ce5438e4a4a84543566c7765375/20250426dbf50ce5438e4a4a84543566c7765375_202504265596a97c5cd44ca0b18d8d332e423066.jpg,SOUTH_AFRICA,celebration,cape town jazz festival,english,people participating in Cape Town Jazz Festival in South Africa,people participating in Cape Town Jazz Festival in South Africa,0.7873
images/SOUTH_AFRICA/celebration/cape town minstrel carnival/translated/1.jpg,https://i.ytimg.com/vi/dj35nWG_8Us/maxresdefault.jpg,SOUTH_AFRICA,celebration,cape town minstrel carnival,translated,mense wat aan die Kaapse Klopse Karnaval deelneem in Suid-Afrika,people participating in Cape Town Minstrel Carnival in South Africa,0.8739
images/SOUTH_AFRICA/celebration/cape town minstrel carnival/translated/4.jpg,https://i.ytimg.com/vi/teme_Jd8mDI/maxresdefault.jpg,SOUTH_AFRICA,celebration,cape town minstrel carnival,translated,mense wat aan die Kaapse Klopse Karnaval deelneem in Suid-Afrika,people participating in Cape Town Minstrel Carnival in South Africa,0.8631
images/SOUTH_AFRICA/celebration/cape town minstrel carnival/translated/8.jpg,https://weet.co.za/wp-content/uploads/2024/10/Petro-Lombaard-via-Wikimedia-Commons.jpg?x36198,SOUTH_AFRICA,celebration,cape town minstrel carnival,translated,mense wat aan die Kaapse Klopse Karnaval deelneem in Suid-Afrika,people participating in Cape Town Minstrel Carnival in South Africa,0.8615
images/SOUTH_AFRICA/celebration/cape town minstrel carnival/translated/7.jpg,https://cdn.24.co.za/files/Cms/General/d/10606/7ceaf20e970a408282de0f5c0d4820bc.jpg,SOUTH_AFRICA,celebration,cape town minstrel carnival,translated,mense wat aan die Kaapse Klopse Karnaval deelneem in Suid-Afrika,people participating in Cape Town Minstrel Carnival in South Africa,0.8553
images/SOUTH_AFRICA/celebration/cape town minstrel carnival/english/1.jpg,https://static.euronews.com/articles/320241/900x506_320241.jpg,SOUTH_AFRICA,celebration,cape town minstrel carnival,english,people participating in Cape Town Minstrel Carnival in South Africa,people participating in Cape Town Minstrel Carnival in South Africa,0.8471
images/SOUTH_AFRICA/celebration/celebration/english/6.jpg,https://upload.wikimedia.org/wikipedia/commons/c/cc/South_africa_-_zulu_reed_dance_ceremony_%286563648943%29.jpg,SOUTH_AFRICA,celebration,celebration,english,people participating in a traditional festival or observance in South Africa,people participating in a traditional festival or observance in South Africa,0.8661
images/SOUTH_AFRICA/celebration/celebration/english/10.jpg,https://eventguys.b-cdn.net/wp-content/uploads/2024/04/Why-events-are-important.jpg,SOUTH_AFRICA,celebration,celebration,english,people participating in a traditional festival or observance in South Africa,people participating in a traditional festival or observance in South Africa,0.8399
images/SOUTH_AFRICA/celebration/celebration/english/8.jpg,https://images.theconversation.com/files/205706/original/file-20180209-51706-1nbdbl7.jpg?ixlib\u003drb-4.1.0\u0026q\u003d45\u0026auto\u003dformat\u0026w\u003d1356\u0026h\u003d668\u0026fit\u003dcrop,SOUTH_AFRICA,celebration,celebration,english,people participating in a traditional festival or observance in South Africa,people participating in a traditional festival or observance in South Africa,0.8279
images/SOUTH_AFRICA/celebration/celebration/english/9.jpg,https://www.afriklens.com/wp-content/uploads/2025/04/Traditional-Festivals-in-Africa-2-1.jpg,SOUTH_AFRICA,celebration,celebration,english,people participating in a traditional festival or observance in South Africa,people participating in a traditional festival or observance in South Africa,0.7723
images/SOUTH_AFRICA/celebration/celebration/translated/5.jpg,https://www.vakantiefietser.nl/px/reisimpressies/afrika/tanzania/otk084.jpg,SOUTH_AFRICA,celebration,celebration,translated,mense wat aan 'n tradisionele fees of viering deelneem in Suid-Afrika,people participating in a traditional festival or observance in South Africa,0.7715
images/SOUTH_AFRICA/celebration/freedom day/english/10.jpg,https://cloudfront-us-east-1.images.arcpublishing.com/opb/XCWEIOV3SMQG7P3F2EGR2HV2P4.jpg,SOUTH_AFRICA,celebration,freedom day,english,people participating in Freedom Day in South Africa,people participating in Freedom Day in South Africa,0.8552
images/SOUTH_AFRICA/celebration/freedom day/translated/8.jpg,https://images.caxton.co.za/wp-content/uploads/sites/119/2023/04/elections.jpg,SOUTH_AFRICA,celebration,freedom day,translated,mense wat aan Vryheidsdag deelneem in Suid-Afrika,people participating in Freedom Day in South Africa,0.8475
images/SOUTH_AFRICA/celebration/freedom day/english/3.jpg,https://i.ytimg.com/vi/6OKB8EoVqWc/mqdefault.jpg,SOUTH_AFRICA,celebration,freedom day,english,people participating in Freedom Day in South Africa,people participating in Freedom Day in South Africa,0.8405
images/SOUTH_AFRICA/celebration/freedom day/english/8.jpg,https://www.vukuzenzele.gov.za/sites/default/files/images2017_04_02/IMG_0124.jpg,SOUTH_AFRICA,celebration,freedom day,english,people participating in Freedom Day in South Africa,people participating in Freedom Day in South Africa,0.8246
images/SOUTH_AFRICA/celebration/freedom day/english/6.jpg,https://gdb.voanews.com/01000000-0aff-0242-1f8f-08dc672cd3fd_cx0_cy3_cw100_w408_r1_s.jpg,SOUTH_AFRICA,celebration,freedom day,english,people participating in Freedom Day in South Africa,people participating in Freedom Day in South Africa,0.763
images/SOUTH_AFRICA/celebration/heritage day/english/3.jpg,https://endumeni.gov.za/wp-content/uploads/2021/06/heritage01.jpg,SOUTH_AFRICA,celebration,heritage day,english,people participating in Heritage Day in South Africa,people participating in Heritage Day in South Africa,0.8952
images/SOUTH_AFRICA/celebration/heritage day/translated/5.jpg,https://cdn.24.co.za/files/Cms/General/d/10517/ab5c476dcf9b442a825830a05b2aa28d.jpg,SOUTH_AFRICA,celebration,heritage day,translated,mense wat aan Erfenisdag deelneem in Suid-Afrika,people participating in Heritage Day in South Africa,0.8949
images/SOUTH_AFRICA/celebration/heritage day/english/7.jpg,https://kingsmead.co.za/wp-content/uploads/2023/09/20230926_082329-1024x768.jpg,SOUTH_AFRICA,celebration,heritage day,english,people participating in Heritage Day in South Africa,people participating in Heritage Day in South Africa,0.8255
images/SOUTH_AFRICA/celebration/heritage day/english/8.jpg,"https://www.bertling.com/media/grmn0irl/p3.jpg?crop\u003d0,0.27245130250967686,0,0.30567369749032308\u0026cropmode\u003dpercentage\u0026width\u003d400\u0026height\u003d225\u0026rnd\u003d133095265072200000",SOUTH_AFRICA,celebration,heritage day,english,people participating in Heritage Day in South Africa,people participating in Heritage Day in South Africa,0.7748
images/SOUTH_AFRICA/celebration/heritage day/translated/2.jpg,https://cdn.24.co.za/files/Cms/General/d/11613/30a69c4ac8cb43afb933c580a5d4718a.jpg,SOUTH_AFRICA,celebration,heritage day,translated,mense wat aan Erfenisdag deelneem in Suid-Afrika,people participating in Heritage Day in South Africa,0.7472
images/SOUTH_AFRICA/celebration/national arts festival/translated/3.jpg,https://www.litnet.co.za/wp-content/uploads/2022/06/Kunstefees7622izak_6370.jpg,SOUTH_AFRICA,celebration,national arts festival,translated,mense wat aan die Nasionale Kunstefees deelneem in Suid-Afrika,people participating in National Arts Festival in South Africa,0.9102
images/SOUTH_AFRICA/celebration/national arts festival/english/8.jpg,https://www.thesouthafrican.com/wp-content/uploads/2025/06/national_arts_festival_in_south_africa.jpg.optimal.jpg,SOUTH_AFRICA,celebration,national arts festival,english,people participating in National Arts Festival in South Africa,people participating in National Arts Festival in South Africa,0.8607
images/SOUTH_AFRICA/celebration/national arts festival/english/9.jpg,https://i.ytimg.com/vi/4I4IieRbZow/maxresdefault.jpg?sqp\u003d-oaymwEmCIAKENAF8quKqQMa8AEB-AH-CYAC0AWKAgwIABABGHIgWyg5MA8\u003d\u0026rs\u003dAOn4CLD0lb5tzDbz0loUCXRnNn1y7Rp3Hg,SOUTH_AFRICA,celebration,national arts festival,english,people participating in National Arts Festival in South Africa,people participating in National Arts Festival in South Africa,0.8467
images/SOUTH_AFRICA/celebration/national arts festival/english/7.jpg,https://thetheatretimes.com/wp-content/uploads/2017/09/1505454378_large-640x427.jpg,SOUTH_AFRICA,celebration,national arts festival,english,people participating in National Arts Festival in South Africa,people participating in National Arts Festival in South Africa,0.8004
images/SOUTH_AFRICA/celebration/national arts festival/english/10.jpg,https://www.southafricanculturalobservatory.org.za/images/cmsimages/big/news-265-415-naf.jpg,SOUTH_AFRICA,celebration,national arts festival,english,people participating in National Arts Festival in South Africa,people participating in National Arts Festival in South Africa,0.7985
images/SOUTH_AFRICA/celebration/new year/english/2.jpg,https://i.ytimg.com/vi/bvcIGwwtC2o/maxresdefault.jpg,SOUTH_AFRICA,celebration,new year,english,people participating in New Year in South Africa,people participating in New Year in South Africa,0.8144
images/SOUTH_AFRICA/celebration/new year/english/4.jpg,https://buyam.co/hq/storage/drive/xHvIwwM4jZQyqsehlRNlJBZesIEl1opo5LybdFB1.jpg,SOUTH_AFRICA,celebration,new year,english,people participating in New Year in South Africa,people participating in New Year in South Africa,0.7601
images/SOUTH_AFRICA/celebration/new year/translated/1.jpg,https://i.ytimg.com/vi/-n1m7DalUsU/maxresdefault.jpg,SOUTH_AFRICA,celebration,new year,translated,mense wat aan Nuwejaar deelneem in Suid-Afrika,people participating in New Year in South Africa,0.7539
images/SOUTH_AFRICA/celebration/new year/translated/9.jpg,https://upload.wikimedia.org/wikipedia/commons/2/22/Hogmanay_Party.jpg,SOUTH_AFRICA,celebration,new year,translated,mense wat aan Nuwejaar deelneem in Suid-Afrika,people participating in New Year in South Africa,0.7493
images/SOUTH_AFRICA/celebration/new year/english/9.jpg,https://cdn.24.co.za/files/Cms/General/d/12564/d67317b9714e475ebc87030b2bb9f220.jpg,SOUTH_AFRICA,celebration,new year,english,people participating in New Year in South Africa,people participating in New Year in South Africa,0.6905
images/SOUTH_AFRICA/concert/concert/english/2.jpg,https://i.ytimg.com/vi/XafjyZIb_6c/hqdefault.jpg,SOUTH_AFRICA,concert,concert,english,concert in South Africa,concert in South Africa,0.8023
images/SOUTH_AFRICA/concert/concert/english/9.jpg,https://img.apmcdn.org/0923f2efae3b58d8e1861068d630ea7b5f8b0f4e/uncropped/e9fd6c-20180810-concert02.jpg,SOUTH_AFRICA,concert,concert,english,concert in South Africa,concert in South Africa,0.7419
images/SOUTH_AFRICA/concert/concert/english/5.jpg,https://flashbak.com/wp-content/uploads/2014/01/PA-11599319.jpg,SOUTH_AFRICA,concert,concert,english,concert in South Africa,concert in South Africa,0.7359
images/SOUTH_AFRICA/concert/concert/translated/5.jpg,https://wereldwyd.co.za/wp-content/uploads/2024/08/409174180_825337152953767_8136054239345767359_n.jpg,SOUTH_AFRICA,concert,concert,translated,konsert in Suid-Afrika,concert in South Africa,0.6992
images/SOUTH_AFRICA/concert/concert/translated/7.jpg,https://woordfees.co.za/wp-content/uploads/2024/09/sonografie-banner.jpg,SOUTH_AFRICA,concert,concert,translated,konsert in Suid-Afrika,concert in South Africa,0.6988
images/SOUTH_AFRICA/concert/indoor/english/5.jpg,"https://media.feverup.com/image/upload/f_auto,w_800,c_fill/v1681285818/Header01_4096_hfbbab.jpg",SOUTH_AFRICA,concert,indoor,english,indoor concert in South Africa,indoor concert in South Africa,0.6859
images/SOUTH_AFRICA/concert/indoor/translated/5.jpg,https://www.proavl-mea.com/img/q0brctc8jt4j79jvhf4cq7qb.jpg,SOUTH_AFRICA,concert,indoor,translated,binnehuis konsert in Suid-Afrika,indoor concert in South Africa,0.6662
images/SOUTH_AFRICA/concert/indoor/translated/4.png,https://umfworldwide.com/wp-content/uploads/2024/01/resistance.png,SOUTH_AFRICA,concert,indoor,translated,binnehuis konsert in Suid-Afrika,indoor concert in South Africa,0.6466
images/SOUTH_AFRICA/concert/indoor/translated/9.jpg,https://www.siemens-stiftung.org/wp-content/uploads/2023/03/presse-kultur-musicinafrica-africanmusicdays1.jpg,SOUTH_AFRICA,concert,indoor,translated,binnehuis konsert in Suid-Afrika,indoor concert in South Africa,0.6294
images/SOUTH_AFRICA/concert/indoor/translated/6.jpg,https://i.ytimg.com/vi/KOXm6vLLbgo/hq720.jpg?sqp\u003d-oaymwEhCK4FEIIDSFryq4qpAxMIARUAAAAAGAElAADIQj0AgKJD\u0026rs\u003dAOn4CLDQ1HCsRiR4w4td-kJpCPS-NW5Nqg,SOUTH_AFRICA,concert,indoor,translated,binnehuis konsert in Suid-Afrika,indoor concert in South Africa,0.5886
images/SOUTH_AFRICA/concert/outdoor/english/2.jpg,https://thecaperobyn.co.za/wp-content/uploads/2023/04/Kbosch-concert-wrap-1.jpg,SOUTH_AFRICA,concert,outdoor,english,outdoor concert in South Africa,outdoor concert in South Africa,0.8332
images/SOUTH_AFRICA/concert/outdoor/english/5.jpg,https://www.sanbi.org/wp-content/uploads/2019/11/Kirstenbosch-concerts-1-650x449.jpg,SOUTH_AFRICA,concert,outdoor,english,outdoor concert in South Africa,outdoor concert in South Africa,0.7603
images/SOUTH_AFRICA/concert/outdoor/english/3.jpg,https://www.travelstart.co.za/blog/wp-content/uploads/2020/01/Kirstenbosch-Gardens.jpg,SOUTH_AFRICA,concert,outdoor,english,outdoor concert in South Africa,outdoor concert in South Africa,0.7486
images/SOUTH_AFRICA/concert/outdoor/translated/10.jpg,https://www.aljazeera.com/wp-content/uploads/2022/10/2022-10-30T132307Z_2036166052_RC27BX92VXEB_RTRMADP_3_CONGO-CRUSH.jpg?w\u003d770\u0026resize\u003d770%2C513,SOUTH_AFRICA,concert,outdoor,translated,buitelug konsert in Suid-Afrika,outdoor concert in South Africa,0.7207
images/SOUTH_AFRICA/concert/outdoor/english/6.jpg,https://a.storyblok.com/f/301902/720x480/a4e1667a01/sauti-za-busara-1.jpg,SOUTH_AFRICA,concert,outdoor,english,outdoor concert in South Africa,outdoor concert in South Africa,0.7069
images/SOUTH_AFRICA/dancing/amapiano dance/english/6.jpg,https://www.thesouthafrican.com/wp-content/uploads/2023/06/Amapiano.jpg.optimal.jpg,SOUTH_AFRICA,dancing,amapiano dance,english,people dancing amapiano dance in South Africa,people dancing amapiano dance in South Africa,0.6907
images/SOUTH_AFRICA/dancing/amapiano dance/translated/2.jpg,https://blog.pioneerdj.com/wp-content/uploads/2021/02/Pioneer-Amapiano-1_Setumo-Thebe-Mohlomi-1-1-800x450.jpg,SOUTH_AFRICA,dancing,amapiano dance,translated,mense wat amapiano dans in Suid-Afrika,people dancing amapiano dance in South Africa,0.6814
images/SOUTH_AFRICA/dancing/amapiano dance/english/4.jpg,https://funtimesmagazine.com/wp-content/uploads/2024/11/adorable-woman-having-great-time-1.jpg,SOUTH_AFRICA,dancing,amapiano dance,english,people dancing amapiano dance in South Africa,people dancing amapiano dance in South Africa,0.579
images/SOUTH_AFRICA/dancing/amapiano dance/english/3.jpg,https://theplugmag.com/wp-content/uploads/2020/12/RTC_7121.jpg,SOUTH_AFRICA,dancing,amapiano dance,english,people dancing amapiano dance in South Africa,people dancing amapiano dance in South Africa,0.5755
images/SOUTH_AFRICA/dancing/amapiano dance/translated/4.jpg,https://images.theconversation.com/files/517961/original/file-20230328-20-4t9hqc.jpg?ixlib\u003drb-4.1.0\u0026q\u003d20\u0026auto\u003dformat\u0026w\u003d320\u0026fit\u003dclip\u0026dpr\u003d2\u0026usm\u003d12\u0026cs\u003dstrip,SOUTH_AFRICA,dancing,amapiano dance,translated,mense wat amapiano dans in Suid-Afrika,people dancing amapiano dance in South Africa,0.5628
images/SOUTH_AFRICA/dancing/dancing/english/7.jpg,https://i.ytimg.com/vi/so3MrmFxdj8/hqdefault.jpg,SOUTH_AFRICA,dancing,dancing,english,people dancing in South Africa,people dancing in South Africa,0.82
images/SOUTH_AFRICA/dancing/dancing/translated/2.jpg,https://i.ytimg.com/vi/rK8Mc6rnvVo/hqdefault.jpg,SOUTH_AFRICA,dancing,dancing,translated,mense wat dans in Suid-Afrika,people dancing in South Africa,0.8156
images/SOUTH_AFRICA/dancing/dancing/english/2.jpg,https://i.ytimg.com/vi/rK8Mc6rnvVo/hq720.jpg?sqp\u003d-oaymwEXCK4FEIIDSFryq4qpAwkIARUAAIhCGAE\u003d\u0026rs\u003dAOn4CLB_SGz5XmRcfV_F_uScT-rvNpBc8g,SOUTH_AFRICA,dancing,dancing,english,people dancing in South Africa,people dancing in South Africa,0.7762
images/SOUTH_AFRICA/dancing/dancing/english/4.jpg,https://i.ytimg.com/vi/pXbyBsjsULU/sddefault.jpg,SOUTH_AFRICA,dancing,dancing,english,people dancing in South Africa,people dancing in South Africa,0.7737
images/SOUTH_AFRICA/dancing/dancing/english/9.jpg,https://i.ytimg.com/vi/8TEG3wCZeGc/hq720.jpg?sqp\u003d-oaymwEhCK4FEIIDSFryq4qpAxMIARUAAAAAGAElAADIQj0AgKJD\u0026rs\u003dAOn4CLDucuJJgNbPwHtVG5B0bQXGftskSw,SOUTH_AFRICA,dancing,dancing,english,people dancing in South Africa,people dancing in South Africa,0.7692
images/SOUTH_AFRICA/dancing/gumboot dance/english/9.jpg,https://upload.wikimedia.org/wikipedia/commons/1/10/Bootsa.jpg,SOUTH_AFRICA,dancing,gumboot dance,english,people performing gumboot dance in South Africa,people performing gumboot dance in South Africa,0.894
images/SOUTH_AFRICA/dancing/gumboot dance/english/2.jpg,https://i.ytimg.com/vi/oGcF5TTnaXg/hq720.jpg?sqp\u003d-oaymwEhCK4FEIIDSFryq4qpAxMIARUAAAAAGAElAADIQj0AgKJD\u0026rs\u003dAOn4CLAJa9y1T_c10zqD0_KFHPmKc22Lrg,SOUTH_AFRICA,dancing,gumboot dance,english,people performing gumboot dance in South Africa,people performing gumboot dance in South Africa,0.8861
images/SOUTH_AFRICA/dancing/gumboot dance/translated/4.jpg,https://i.ytimg.com/vi/rYd65LAWH1o/hq720.jpg?sqp\u003d-oaymwEhCK4FEIIDSFryq4qpAxMIARUAAAAAGAElAADIQj0AgKJD\u0026rs\u003dAOn4CLClOEfssMfUd1ozng8aEO6X_XY7ng,SOUTH_AFRICA,dancing,gumboot dance,translated,mense wat die gumboot-dans uitvoer in Suid-Afrika,people performing gumboot dance in South Africa,0.8047
images/SOUTH_AFRICA/dancing/gumboot dance/english/8.jpg,https://inthespotlight.co.za/wp-content/uploads/IMG_9649-400x280.jpg,SOUTH_AFRICA,dancing,gumboot dance,english,people performing gumboot dance in South Africa,people performing gumboot dance in South Africa,0.8041
images/SOUTH_AFRICA/dancing/gumboot dance/english/5.jpg,https://pbs.twimg.com/media/GCqPrdLXEAAl2FI.jpg,SOUTH_AFRICA,dancing,gumboot dance,english,people performing gumboot dance in South Africa,people performing gumboot dance in South Africa,0.7433
images/SOUTH_AFRICA/dancing/indlamu/translated/10.jpg,https://i.ytimg.com/vi/Gt_6KsvL6oI/maxresdefault.jpg,SOUTH_AFRICA,dancing,indlamu,translated,mense wat indlamu dans in Suid-Afrika,people dancing indlamu in South Africa,0.8456
images/SOUTH_AFRICA/dancing/indlamu/translated/1.jpg,https://dynamic-media-cdn.tripadvisor.com/media/photo-o/17/49/e2/89/swati-boys.jpg?w\u003d900\u0026h\u003d-1\u0026s\u003d1,SOUTH_AFRICA,dancing,indlamu,translated,mense wat indlamu dans in Suid-Afrika,people dancing indlamu in South Africa,0.8426
images/SOUTH_AFRICA/dancing/indlamu/translated/3.jpg,https://i.ytimg.com/vi/rK8Mc6rnvVo/hq720.jpg?sqp\u003d-oaymwEhCK4FEIIDSFryq4qpAxMIARUAAAAAGAElAADIQj0AgKJD\u0026rs\u003dAOn4CLBKPxmqIiepLW7W2tSb9OIBSPTvmA,SOUTH_AFRICA,dancing,indlamu,translated,mense wat indlamu dans in Suid-Afrika,people dancing indlamu in South Africa,0.822
images/SOUTH_AFRICA/dancing/indlamu/english/7.jpg,https://momaa.org/wp-content/uploads/2023/04/tanec-adumu-plemeni-masaev.jpg,SOUTH_AFRICA,dancing,indlamu,english,people dancing indlamu in South Africa,people dancing indlamu in South Africa,0.8068
images/SOUTH_AFRICA/dancing/indlamu/english/3.jpg,https://study.com/cimages/multimages/16/my_project_42280783178515465321.jpg,SOUTH_AFRICA,dancing,indlamu,english,people dancing indlamu in South Africa,people dancing indlamu in South Africa,0.8011
images/SOUTH_AFRICA/dancing/pantsula/english/8.jpeg,https://miro.medium.com/1*Feuz9nulutfkDtkdvGbuQw.jpeg,SOUTH_AFRICA,dancing,pantsula,english,people dancing pantsula in South Africa,people dancing pantsula in South Africa,0.8204
images/SOUTH_AFRICA/dancing/pantsula/english/3.png,http://eventsinc.co.za/wp-content/uploads/2016/02/pantsula-main-1.png,SOUTH_AFRICA,dancing,pantsula,english,people dancing pantsula in South Africa,people dancing pantsula in South Africa,0.7852
images/SOUTH_AFRICA/dancing/pantsula/translated/5.jpg,https://i.ytimg.com/vi/1QqtKPoKuqk/maxresdefault.jpg,SOUTH_AFRICA,dancing,pantsula,translated,mense wat pantsula dans in Suid-Afrika,people dancing pantsula in South Africa,0.7673
images/SOUTH_AFRICA/dancing/pantsula/english/5.jpg,https://hips.hearstapps.com/hmg-prod/images/chris-saunders-pantsula-esquire-7-1537908868.jpg,SOUTH_AFRICA,dancing,pantsula,english,people dancing pantsula in South Africa,people dancing pantsula in South Africa,0.7497
images/SOUTH_AFRICA/dancing/pantsula/english/7.png,https://cdn.24.co.za/files/Cms/General/d/8474/55a1ff2bc57344bc8c66ed54f090791b.png,SOUTH_AFRICA,dancing,pantsula,english,people dancing pantsula in South Africa,people dancing pantsula in South Africa,0.7203
images/SOUTH_AFRICA/dancing/toyi-toyi/english/8.jpg,https://www.baldhiker.com/wp-content/uploads/SA-Dance-Blog-7-zulu.jpg,SOUTH_AFRICA,dancing,toyi-toyi,english,people dancing toyi-toyi in South Africa,people dancing toyi-toyi in South Africa,0.8569
images/SOUTH_AFRICA/dancing/toyi-toyi/translated/4.jpg,https://i.ytimg.com/vi/rK8Mc6rnvVo/hq720.jpg?sqp\u003d-oaymwEXCK4FEIIDSFryq4qpAwkIARUAAIhCGAE\u003d\u0026rs\u003dAOn4CLB_SGz5XmRcfV_F_uScT-rvNpBc8g,SOUTH_AFRICA,dancing,toyi-toyi,translated,mense wat toyi-toyi dans in Suid-Afrika,people dancing toyi-toyi in South Africa,0.8254
images/SOUTH_AFRICA/dancing/toyi-toyi/translated/2.jpg,https://i.ytimg.com/vi/u9qQt0pP7Hs/hqdefault.jpg,SOUTH_AFRICA,dancing,toyi-toyi,translated,mense wat toyi-toyi dans in Suid-Afrika,people dancing toyi-toyi in South Africa,0.8066
images/SOUTH_AFRICA/dancing/toyi-toyi/english/6.jpg,https://www.baldhiker.com/wp-content/uploads/SA-Dance-Blog-2-zulu.jpg,SOUTH_AFRICA,dancing,toyi-toyi,english,people dancing toyi-toyi in South Africa,people dancing toyi-toyi in South Africa,0.7937
images/SOUTH_AFRICA/dancing/toyi-toyi/english/4.jpg,https://journals.openedition.org/jso/docannexe/image/7550/img-4.jpg,SOUTH_AFRICA,dancing,toyi-toyi,english,people dancing toyi-toyi in South Africa,people dancing toyi-toyi in South Africa,0.7676
images/SOUTH_AFRICA/eating/eating/english/5.jpg,https://www.globalgiving.org/pfil/54047/ph_54047_211187.jpg,SOUTH_AFRICA,eating,eating,english,people eating food in South Africa,people eating food in South Africa,0.7983
images/SOUTH_AFRICA/eating/eating/english/9.jpg,https://f50d772ec1e2a4347264-964b3324d77f313a724faa237152e95f.ssl.cf2.rackcdn.com/stories/202106100004/1140x_a10-7_cTC/202010604jmafricaneats1_1746079608.jpg,SOUTH_AFRICA,eating,eating,english,people eating food in South Africa,people eating food in South Africa,0.7637
images/SOUTH_AFRICA/eating/eating/english/1.png,https://africa.com/wp-content/uploads/2023/05/Food-Main.png,SOUTH_AFRICA,eating,eating,english,people eating food in South Africa,people eating food in South Africa,0.7603
images/SOUTH_AFRICA/eating/eating/english/2.jpg,https://www.lolaakinmade.com/wp-content/uploads/2012/10/South_Africa_Lola_Akinmade17.jpg,SOUTH_AFRICA,eating,eating,english,people eating food in South Africa,people eating food in South Africa,0.7391
images/SOUTH_AFRICA/eating/eating/english/7.jpeg,https://images.pond5.com/african-family-south-sudan-eating-145421475_prevstill.jpeg,SOUTH_AFRICA,eating,eating,english,people eating food in South Africa,people eating food in South Africa,0.7062
images/SOUTH_AFRICA/eating/home/english/4.jpg,https://i.pinimg.com/564x/f4/f6/f2/f4f6f264abe77593c7a089edb2c703ab.jpg,SOUTH_AFRICA,eating,home,english,people eating food at home in South Africa,people eating food at home in South Africa,0.7704
images/SOUTH_AFRICA/eating/home/english/3.jpg,https://i.ytimg.com/vi/4V_vR0fkT5g/hq720.jpg?sqp\u003d-oaymwEhCK4FEIIDSFryq4qpAxMIARUAAAAAGAElAADIQj0AgKJD\u0026rs\u003dAOn4CLAuk2Yh-IWkEQatEfPpGv2RDFKuXQ,SOUTH_AFRICA,eating,home,english,people eating food at home in South Africa,people eating food at home in South Africa,0.7418
images/SOUTH_AFRICA/eating/home/english/5.jpeg,https://images.pond5.com/african-family-south-sudan-eating-145421475_prevstill.jpeg,SOUTH_AFRICA,eating,home,english,people eating food at home in South Africa,people eating food at home in South Africa,0.7089
images/SOUTH_AFRICA/eating/home/english/6.png,https://hcpl.net/wp-content/uploads/sites/130/2024/02/African-Cooking-e1708995589187.png,SOUTH_AFRICA,eating,home,english,people eating food at home in South Africa,people eating food at home in South Africa,0.7033
images/SOUTH_AFRICA/eating/home/english/1.jpg,https://i.ytimg.com/vi/B-fyVov9y3E/maxresdefault.jpg,SOUTH_AFRICA,eating,home,english,people eating food at home in South Africa,people eating food at home in South Africa,0.6926
images/SOUTH_AFRICA/eating/restaurant/english/10.jpg,https://i.ytimg.com/vi/tbra72waxhA/sddefault.jpg,SOUTH_AFRICA,eating,restaurant,english,people eating food in restaurant in South Africa,people eating food in restaurant in South Africa,0.8646
images/SOUTH_AFRICA/eating/restaurant/english/1.jpg,https://static.vecteezy.com/system/resources/previews/010/490/486/non_2x/happy-african-friends-sitting-chatting-in-cafe-and-eat-food-group-of-black-peoples-meeting-in-restaurant-and-have-dinner-photo.jpg,SOUTH_AFRICA,eating,restaurant,english,people eating food in restaurant in South Africa,people eating food in restaurant in South Africa,0.7785
images/SOUTH_AFRICA/eating/restaurant/english/8.jpg,https://f50d772ec1e2a4347264-964b3324d77f313a724faa237152e95f.ssl.cf2.rackcdn.com/stories/202106100004/600x_a4-3_cTC/202010604jmafricaneats1_1746079608.jpg,SOUTH_AFRICA,eating,restaurant,english,people eating food in restaurant in South Africa,people eating food in restaurant in South Africa,0.758
images/SOUTH_AFRICA/eating/restaurant/translated/5.jpg,https://images.goway.com/production/hero/South%20Africa%20Food%20and%20Drink%20Hero_iStock-1202792648.jpg?VersionId\u003dXbcnR8_uTN97uc.f5Og4mibF8KPjwbSK,SOUTH_AFRICA,eating,restaurant,translated,mense wat in 'n restaurant kos eet in Suid-Afrika,people eating food in restaurant in South Africa,0.7019
images/SOUTH_AFRICA/eating/restaurant/english/7.jpg,https://static.vecteezy.com/system/resources/previews/010/491/671/non_2x/happy-african-friends-sitting-chatting-in-cafe-and-eat-food-group-of-black-peoples-meeting-in-restaurant-and-have-dinner-cheers-photo.jpg,SOUTH_AFRICA,eating,restaurant,english,people eating food in restaurant in South Africa,people eating food in restaurant in South Africa,0.6871
images/SOUTH_AFRICA/funeral/funeral/english/6.jpg,https://www.nydailynews.com/wp-content/uploads/migration/2013/12/15/5CKI5QIDDRXQ6MUDVPL6HIB4CQ.jpg,SOUTH_AFRICA,funeral,funeral,english,people attending a funeral ceremony in South Africa,people attending a funeral ceremony in South Africa,0.8505
images/SOUTH_AFRICA/funeral/funeral/english/4.jpg,https://s.abcnews.com/images/International/south-africa-funerals1-rt-ml-220706_1657108625579_hpEmbed_23x14_992.jpg,SOUTH_AFRICA,funeral,funeral,english,people attending a funeral ceremony in South Africa,people attending a funeral ceremony in South Africa,0.8023
images/SOUTH_AFRICA/funeral/funeral/translated/10.jpg,https://cdn.24.co.za/files/Cms/General/d/12567/fdbe5334db6d422f93e82e590a980fc9.jpg,SOUTH_AFRICA,funeral,funeral,translated,mense wat 'n begrafnis bywoon in Suid-Afrika,people attending a funeral ceremony in South Africa,0.731
images/SOUTH_AFRICA/funeral/funeral/english/9.jpg,https://gdb.voanews.com/15280316-ca23-4f95-b469-f14bed8b6290_w408_s.jpg,SOUTH_AFRICA,funeral,funeral,english,people attending a funeral ceremony in South Africa,people attending a funeral ceremony in South Africa,0.6947
images/SOUTH_AFRICA/funeral/funeral/english/8.jpg,https://myend.com/wp-content/uploads/2021/10/Zulu-worshippers-of-the-African-Apostolic-Church-Eastern-Cape-South-Africa.jpg,SOUTH_AFRICA,funeral,funeral,english,people attending a funeral ceremony in South Africa,people attending a funeral ceremony in South Africa,0.6927
images/SOUTH_AFRICA/game/bok-bok/translated/1.jpeg,https://cdn.24.co.za/files/Cms/General/d/12113/67bb200a392b4994a3b19a8d91ef1efb.jpeg,SOUTH_AFRICA,game,bok-bok,translated,mense wat bok-bok speel in Suid-Afrika,people playing bok-bok in South Africa,0.7766
images/SOUTH_AFRICA/game/bok-bok/translated/3.jpg,https://exclusivebooks.co.za/cdn/shop/products/9781868421497_1d7861d8-70d5-47fd-9490-a49e9c589bf8.jpg?height\u003d645\u0026pad_color\u003dfff\u0026v\u003d1707641144\u0026width\u003d315,SOUTH_AFRICA,game,bok-bok,translated,mense wat bok-bok speel in Suid-Afrika,people playing bok-bok in South Africa,0.6744
images/SOUTH_AFRICA/game/bok-bok/english/7.jpg,https://www.menstuff.co.za/wp-content/uploads/2025/08/Springboks-v-Wallabies-1-header.jpg,SOUTH_AFRICA,game,bok-bok,english,people playing bok-bok in South Africa,people playing bok-bok in South Africa,0.6553
images/SOUTH_AFRICA/game/bok-bok/english/10.jpg,https://springboks.rugby/media/ksqc2xnd/231129-mapimpi-moodie-springboks.jpg?anchor\u003dcenter\u0026mode\u003dcrop\u0026width\u003d945\u0026height\u003d472\u0026rnd\u003d133461606677330000,SOUTH_AFRICA,game,bok-bok,english,people playing bok-bok in South Africa,people playing bok-bok in South Africa,0.6511
images/SOUTH_AFRICA/game/bok-bok/english/4.jpg,https://i.dailymail.co.uk/1s/2021/07/30/22/46109095-0-image-a-63_1627679997817.jpg,SOUTH_AFRICA,game,bok-bok,english,people playing bok-bok in South Africa,people playing bok-bok in South Africa,0.6472
images/SOUTH_AFRICA/game/dibeke/translated/9.jpg,https://i.ytimg.com/vi/-w0LmwUP54E/maxresdefault.jpg,SOUTH_AFRICA,game,dibeke,translated,mense wat dibeke speel in Suid-Afrika,people playing dibeke in South Africa,0.8035
images/SOUTH_AFRICA/game/dibeke/english/10.jpeg,https://images.caxton.co.za/wp-content/uploads/sites/118/2023/04/WhatsApp-Image-2023-04-28-at-10.33.50-4-520x364.jpeg,SOUTH_AFRICA,game,dibeke,english,people playing dibeke in South Africa,people playing dibeke in South Africa,0.7781
images/SOUTH_AFRICA/game/dibeke/english/4.jpg,https://www.tour2-0.com/blog/img/South-african-indigenious-games_01.jpg,SOUTH_AFRICA,game,dibeke,english,people playing dibeke in South Africa,people playing dibeke in South Africa,0.7412
images/SOUTH_AFRICA/game/dibeke/english/8.jpg,https://i0.wp.com/threestreamsmedia.com/wp-content/uploads/2023/11/Diketo.jpg?resize\u003d486%2C512\u0026ssl\u003d1,SOUTH_AFRICA,game,dibeke,english,people playing dibeke in South Africa,people playing dibeke in South Africa,0.7173
images/SOUTH_AFRICA/game/dibeke/english/3.jpg,https://i0.wp.com/threestreamsmedia.com/wp-content/uploads/2023/11/Kgathi.jpg?fit\u003d512%2C383\u0026ssl\u003d1,SOUTH_AFRICA,game,dibeke,english,people playing dibeke in South Africa,people playing dibeke in South Africa,0.7062
images/SOUTH_AFRICA/game/drie stokkies/translated/8.jpg,https://i.ytimg.com/vi/-w0LmwUP54E/maxresdefault.jpg,SOUTH_AFRICA,game,drie stokkies,translated,mense wat drie stokkies speel in Suid-Afrika,people playing drie stokkies in South Africa,0.8007
images/SOUTH_AFRICA/game/drie stokkies/english/10.jpg,https://i.ytimg.com/vi/mWu0Niw_0wA/mqdefault.jpg,SOUTH_AFRICA,game,drie stokkies,english,people playing drie stokkies in South Africa,people playing drie stokkies in South Africa,0.7514
images/SOUTH_AFRICA/game/drie stokkies/english/1.jpg,https://www.tour2-0.com/blog/img/South-african-indigenious-games_01.jpg,SOUTH_AFRICA,game,drie stokkies,english,people playing drie stokkies in South Africa,people playing drie stokkies in South Africa,0.7129
images/SOUTH_AFRICA/game/drie stokkies/english/5.jpg,http://groundup.org.za/sites/default/files/styles/article_image/public/field/image/IndigenousGames-3.jpg?itok\u003dPnxE_OgH,SOUTH_AFRICA,game,drie stokkies,english,people playing drie stokkies in South Africa,people playing drie stokkies in South Africa,0.7011
images/SOUTH_AFRICA/game/drie stokkies/english/8.jpeg,https://images.caxton.co.za/wp-content/uploads/sites/52/2022/09/Attachment1_61048-520x390.jpeg,SOUTH_AFRICA,game,drie stokkies,english,people playing drie stokkies in South Africa,people playing drie stokkies in South Africa,0.696
images/SOUTH_AFRICA/game/game/english/3.jpg,http://groundup.org.za/sites/default/files/styles/article_image/public/field/image/IndigenousGames-3.jpg?itok\u003dPnxE_OgH,SOUTH_AFRICA,game,game,english,people playing game in South Africa,people playing game in South Africa,0.6989
images/SOUTH_AFRICA/game/game/english/5.jpg,https://southafricainquiryinvestigation.weebly.com/uploads/1/6/3/0/16303710/9428102_orig.jpg?412,SOUTH_AFRICA,game,game,english,people playing game in South Africa,people playing game in South Africa,0.6588
images/SOUTH_AFRICA/game/game/english/10.jpg,http://www-tc.pbs.org/prod-media/newshour/photos%2F2010%2F05%2F19%2Fsoccer_cinema1.jpg,SOUTH_AFRICA,game,game,english,people playing game in South Africa,people playing game in South Africa,0.6584
images/SOUTH_AFRICA/game/game/english/9.jpg,https://cms.groupeditors.com/img/ghnw20160524-125814-711.jpg?w\u003d\u0026scale\u003dboth\u0026quality\u003d100,SOUTH_AFRICA,game,game,english,people playing game in South Africa,people playing game in South Africa,0.6241
images/SOUTH_AFRICA/game/game/translated/9.jpg,https://lookingaround.be/wp-content/uploads/2018/03/9200000066044900.jpg,SOUTH_AFRICA,game,game,translated,mense wat speletjies speel in Suid-Afrika,people playing game in South Africa,0.6202
images/SOUTH_AFRICA/game/jukskei/translated/7.jpg,https://i.ytimg.com/vi/-w0LmwUP54E/maxresdefault.jpg,SOUTH_AFRICA,game,jukskei,translated,mense wat jukskei speel in Suid-Afrika,people playing jukskei in South Africa,0.9
images/SOUTH_AFRICA/game/jukskei/translated/8.jpg,https://leeupoort.com/wp-content/uploads/Jukskei-3-IMG-20200224-WA0016.jpg,SOUTH_AFRICA,game,jukskei,translated,mense wat jukskei speel in Suid-Afrika,people playing jukskei in South Africa,0.8134
images/SOUTH_AFRICA/game/jukskei/translated/10.jpg,https://www.diehoorn.com/wp-content/uploads/2024/03/Jukskei-Pa.jpg,SOUTH_AFRICA,game,jukskei,translated,mense wat jukskei speel in Suid-Afrika,people playing jukskei in South Africa,0.7689
images/SOUTH_AFRICA/game/jukskei/english/9.jpg,https://fireflythetravelguy.travel.blog/wp-content/uploads/2016/06/9baec-dsc_0115.jpg,SOUTH_AFRICA,game,jukskei,english,people playing jukskei in South Africa,people playing jukskei in South Africa,0.7674
images/SOUTH_AFRICA/game/jukskei/english/1.jpg,https://i.ytimg.com/vi/8CfyEXACMSY/hq720.jpg?sqp\u003d-oaymwE7CK4FEIIDSFryq4qpAy0IARUAAAAAGAElAADIQj0AgKJD8AEB-AH-CYAC0AWKAgwIABABGGUgVihBMA8\u003d\u0026rs\u003dAOn4CLDMZrdTtsiq8S-OP2KqxqqWeOYRmA,SOUTH_AFRICA,game,jukskei,english,people playing jukskei in South Africa,people playing jukskei in South Africa,0.7571
images/SOUTH_AFRICA/game/morabaraba/english/4.png,https://news.nwu.ac.za/sites/news.nwu.ac.za/files/files/Potchefstroom/researchnews-vol3-17/morabaraba-STORY.png,SOUTH_AFRICA,game,morabaraba,english,people playing morabaraba in South Africa,people playing morabaraba in South Africa,0.8371
images/SOUTH_AFRICA/game/morabaraba/english/2.jpg,https://i.ytimg.com/vi/9Jame2UB2yo/hqdefault.jpg?sqp\u003d-oaymwEmCOADEOgC8quKqQMa8AEB-AG-AoAC8AGKAgwIABABGEYgTChlMA8\u003d\u0026rs\u003dAOn4CLBVmpnwjsYmMRugJYWDl2hFfRzYjA,SOUTH_AFRICA,game,morabaraba,english,people playing morabaraba in South Africa,people playing morabaraba in South Africa,0.8288
images/SOUTH_AFRICA/game/morabaraba/translated/10.jpg,https://i.ytimg.com/vi/o8KMN1hLphw/sddefault.jpg,SOUTH_AFRICA,game,morabaraba,translated,mense wat morabaraba speel in Suid-Afrika,people playing morabaraba in South Africa,0.7114
images/SOUTH_AFRICA/game/morabaraba/english/7.jpg,https://lemaplaninternational.org/wp-content/uploads/2021/05/IMG-20210512-WA0009.jpg,SOUTH_AFRICA,game,morabaraba,english,people playing morabaraba in South Africa,people playing morabaraba in South Africa,0.6974
images/SOUTH_AFRICA/game/morabaraba/english/10.jpg,https://games.porg.es/img/7a6edb6585880264553d668cb5174fbea635bbc3.jpg,SOUTH_AFRICA,game,morabaraba,english,people playing morabaraba in South Africa,people playing morabaraba in South Africa,0.6839
images/SOUTH_AFRICA/greeting/greeting/english/10.jpg,https://sms-bridges.com/wp-content/uploads/2023/05/Customs-South-Africa-2.jpg,SOUTH_AFRICA,greeting,greeting,english,people greeting in South Africa,people greeting in South Africa,0.7418
images/SOUTH_AFRICA/greeting/greeting/english/8.jpg,https://media.citizen.co.za/wp-content/uploads/2025/03/cultural-diversity.jpg,SOUTH_AFRICA,greeting,greeting,english,people greeting in South Africa,people greeting in South Africa,0.7348
images/SOUTH_AFRICA/greeting/greeting/english/9.jpg,https://cdn.24.co.za/files/Cms/General/d/6171/e7570b3f5e1d4637bfddcaa4e8b410d4.jpg,SOUTH_AFRICA,greeting,greeting,english,people greeting in South Africa,people greeting in South Africa,0.7087
images/SOUTH_AFRICA/greeting/greeting/english/7.jpg,https://images.theconversation.com/files/590638/original/file-20240426-16-cfl093.jpg?ixlib\u003drb-4.1.0\u0026q\u003d45\u0026auto\u003dformat\u0026w\u003d926\u0026fit\u003dclip,SOUTH_AFRICA,greeting,greeting,english,people greeting in South Africa,people greeting in South Africa,0.6935
images/SOUTH_AFRICA/greeting/greeting/english/6.jpg,https://englishaccess.co.za/wp-content/uploads/2020/06/stick-fight-412666_640.jpg,SOUTH_AFRICA,greeting,greeting,english,people greeting in South Africa,people greeting in South Africa,0.6691
images/SOUTH_AFRICA/greeting/handshake/english/6.jpg,https://cdn.24.co.za/files/Cms/General/d/6171/e7570b3f5e1d4637bfddcaa4e8b410d4.jpg,SOUTH_AFRICA,greeting,handshake,english,two people greeting with handshake in South Africa,two people greeting with handshake in South Africa,0.8908
images/SOUTH_AFRICA/greeting/handshake/english/7.jpg,https://images.freeimages.com/images/premium/previews/3105/31059590-the-rainbow-nation-interracial-handshake-against-south-african.jpg,SOUTH_AFRICA,greeting,handshake,english,two people greeting with handshake in South Africa,two people greeting with handshake in South Africa,0.8774
images/SOUTH_AFRICA/greeting/handshake/english/8.jpg,https://images.theconversation.com/files/433151/original/file-20211122-13-1ufvxwf.jpg?ixlib\u003drb-4.1.0\u0026q\u003d45\u0026auto\u003dformat\u0026w\u003d926\u0026fit\u003dclip,SOUTH_AFRICA,greeting,handshake,english,two people greeting with handshake in South Africa,two people greeting with handshake in South Africa,0.7924
images/SOUTH_AFRICA/greeting/handshake/english/1.png,https://static.cambridge.org/binary/version/id/urn:cambridge.org:id:binary:20250707055432387-0078:S0963926824000385:S0963926824000385_fig1.png?pub-status\u003dlive,SOUTH_AFRICA,greeting,handshake,english,two people greeting with handshake in South Africa,two people greeting with handshake in South Africa,0.7853
images/SOUTH_AFRICA/greeting/handshake/english/10.jpg,https://t4.ftcdn.net/jpg/00/62/75/91/360_F_62759158_aSbw2k8Bt7SMgTxqMDNnH7m4EtZj6tVX.jpg,SOUTH_AFRICA,greeting,handshake,english,two people greeting with handshake in South Africa,two people greeting with handshake in South Africa,0.7818
images/SOUTH_AFRICA/greeting/hug/english/9.jpg,https://cdn.24.co.za/files/Cms/General/d/6171/e7570b3f5e1d4637bfddcaa4e8b410d4.jpg,SOUTH_AFRICA,greeting,hug,english,two people greeting with hug in South Africa,two people greeting with hug in South Africa,0.7604
images/SOUTH_AFRICA/greeting/hug/english/10.jpg,https://t3.ftcdn.net/jpg/05/49/99/96/360_F_549999676_N3JUK7eYqsRXJZUmqQDOPufWCifnlGZ4.jpg,SOUTH_AFRICA,greeting,hug,english,two people greeting with hug in South Africa,two people greeting with hug in South Africa,0.7398
images/SOUTH_AFRICA/greeting/hug/english/6.jpg,https://t4.ftcdn.net/jpg/13/46/22/41/360_F_1346224121_l68FFtRJrUF0fTkgnJKwVduPSVzivium.jpg,SOUTH_AFRICA,greeting,hug,english,two people greeting with hug in South Africa,two people greeting with hug in South Africa,0.6884
images/SOUTH_AFRICA/greeting/hug/translated/7.jpg,https://cms-imgp.jw-cdn.org/img/p/2018444/univ/art/2018444_univ_cnt_2_xl.jpg,SOUTH_AFRICA,greeting,hug,translated,twee mense wat met 'n drukkie groet in Suid-Afrika,two people greeting with hug in South Africa,0.6598
images/SOUTH_AFRICA/greeting/hug/english/2.jpg,"https://lp-cms-production.imgix.net/2024-08/Two-women-cheek-kiss.jpg?auto\u003dformat,compress\u0026q\u003d72\u0026fit\u003dcrop",SOUTH_AFRICA,greeting,hug,english,two people greeting with hug in South Africa,two people greeting with hug in South Africa,0.6492
images/SOUTH_AFRICA/greeting/kiss/english/5.jpg,https://i.ytimg.com/vi/stFlx7_N-LM/hq720.jpg?sqp\u003d-oaymwEhCK4FEIIDSFryq4qpAxMIARUAAAAAGAElAADIQj0AgKJD\u0026rs\u003dAOn4CLBFhkUlD2j_ktTryMnzrIZROJqGow,SOUTH_AFRICA,greeting,kiss,english,two people greeting with kiss in South Africa,two people greeting with kiss in South Africa,0.7404
images/SOUTH_AFRICA/greeting/kiss/english/1.png,http://eurotalk.com/blog/wp-content/uploads/2015/08/kiss.png,SOUTH_AFRICA,greeting,kiss,english,two people greeting with kiss in South Africa,two people greeting with kiss in South Africa,0.6678
images/SOUTH_AFRICA/greeting/kiss/english/10.png,https://miro.medium.com/v2/resize:fit:1400/1*RSUwt9C7PZ499T7cYVCaIw.png,SOUTH_AFRICA,greeting,kiss,english,two people greeting with kiss in South Africa,two people greeting with kiss in South Africa,0.6572
images/SOUTH_AFRICA/greeting/kiss/english/9.jpg,"https://lp-cms-production.imgix.net/2024-08/GettyRF82773708.jpg?auto\u003dformat,compress\u0026q\u003d72\u0026fit\u003dcrop",SOUTH_AFRICA,greeting,kiss,english,two people greeting with kiss in South Africa,two people greeting with kiss in South Africa,0.6345
images/SOUTH_AFRICA/greeting/kiss/english/8.jpg,https://img.jakpost.net/c/2019/11/20/2019_11_20_82579_1574222775._large.jpg,SOUTH_AFRICA,greeting,kiss,english,two people greeting with kiss in South Africa,two people greeting with kiss in South Africa,0.621
images/SOUTH_AFRICA/greeting/smile and nod/english/4.jpg,https://as1.ftcdn.net/jpg/04/20/03/14/1000_F_420031426_wjZ3aREhHfqbyKzZN05i1HMzU9rPUlOH.jpg,SOUTH_AFRICA,greeting,smile and nod,english,person greeting with smile and nod in South Africa,person greeting with smile and nod in South Africa,0.713
images/SOUTH_AFRICA/greeting/smile and nod/translated/4.png,https://www.afas.foundation/af-nieuwsbericht/het-gras-is-soms-echt-groener-aan-de-overkant/afbeelding1.png,SOUTH_AFRICA,greeting,smile and nod,translated,persoon wat met 'n glimlag en knik groet in Suid-Afrika,person greeting with smile and nod in South Africa,0.6454
images/SOUTH_AFRICA/greeting/smile and nod/english/3.jpg,https://afrolingo.co.za/wp-content/uploads/2024/09/two-diverse-business-leaders-shaking-hands-office-meeting-2-min-scaled-1-1024x574.jpg,SOUTH_AFRICA,greeting,smile and nod,english,person greeting with smile and nod in South Africa,person greeting with smile and nod in South Africa,0.6151
images/SOUTH_AFRICA/greeting/smile and nod/translated/9.jpg,https://www.rodekruis.nl/wp-content/uploads/2024/04/Malaria-word-tegen-gevochten-door-het-Rode-Kruis-1024x500.jpg,SOUTH_AFRICA,greeting,smile and nod,translated,persoon wat met 'n glimlag en knik groet in Suid-Afrika,person greeting with smile and nod in South Africa,0.6112
images/SOUTH_AFRICA/greeting/smile and nod/english/1.jpg,https://i.ytimg.com/vi/W3p2uR8cMdk/hqdefault.jpg?sqp\u003d-oaymwEmCOADEOgC8quKqQMa8AEB-AHeA4ACoAKKAgwIABABGGUgXChVMA8\u003d\u0026rs\u003dAOn4CLD7PU0dvMXDM-wTpVAx2ZxYvVfvmw,SOUTH_AFRICA,greeting,smile and nod,english,person greeting with smile and nod in South Africa,person greeting with smile and nod in South Africa,0.5935
images/SOUTH_AFRICA/greeting/two-handed handshake/english/9.jpg,https://cdn.24.co.za/files/Cms/General/d/6171/e7570b3f5e1d4637bfddcaa4e8b410d4.jpg,SOUTH_AFRICA,greeting,two-handed handshake,english,two people greeting with two-handed handshake in South Africa,two people greeting with two-handed handshake in South Africa,0.8817
images/SOUTH_AFRICA/greeting/two-handed handshake/english/10.jpg,https://images.theconversation.com/files/433151/original/file-20211122-13-1ufvxwf.jpg?ixlib\u003drb-4.1.0\u0026q\u003d45\u0026auto\u003dformat\u0026w\u003d926\u0026fit\u003dclip,SOUTH_AFRICA,greeting,two-handed handshake,english,two people greeting with two-handed handshake in South Africa,two people greeting with two-handed handshake in South Africa,0.8169
images/SOUTH_AFRICA/greeting/two-handed handshake/translated/8.jpg,https://egbisf33rok.exactdn.com/wp-content/uploads/2022/02/Etiquette-in-het-Afrikaans-in-Zuid-Afrika-Wat-je-moet-weten.jpg,SOUTH_AFRICA,greeting,two-handed handshake,translated,twee mense wat met 'n tweehandige handdruk groet in Suid-Afrika,two people greeting with two-handed handshake in South Africa,0.8098
images/SOUTH_AFRICA/greeting/two-handed handshake/english/2.png,https://static.cambridge.org/binary/version/id/urn:cambridge.org:id:binary:20250707055432387-0078:S0963926824000385:S0963926824000385_fig1.png?pub-status\u003dlive,SOUTH_AFRICA,greeting,two-handed handshake,english,two people greeting with two-handed handshake in South Africa,two people greeting with two-handed handshake in South Africa,0.8071
images/SOUTH_AFRICA/greeting/two-handed handshake/english/6.jpg,https://adf-magazine.com/wp-content/uploads/2024/01/2024-01-04T183413Z_542811750_RC26B5AQ3LK5_RTRMADP_3_SUDAN-POLITICS.jpg,SOUTH_AFRICA,greeting,two-handed handshake,english,two people greeting with two-handed handshake in South Africa,two people greeting with two-handed handshake in South Africa,0.7769
images/SOUTH_AFRICA/religious/praying/english/3.jpg,https://www.nyasatimes.com/wp-content/uploads/People-praying-at-Bushiri-church-in-South-Africa.jpg,SOUTH_AFRICA,religious,praying,english,people praying in South Africa,people praying in South Africa,0.8276
images/SOUTH_AFRICA/religious/praying/translated/9.png,https://olielamp.vgk.org.za/content/images/2024/02/Picture4.png,SOUTH_AFRICA,religious,praying,translated,mense wat bid in Suid-Afrika,people praying in South Africa,0.8062
images/SOUTH_AFRICA/religious/praying/english/4.jpg,https://joynews.co.za/wp-content/uploads/2019/06/the-power-of-prayer-in-south-africa-harold-weitsz.jpg,SOUTH_AFRICA,religious,praying,english,people praying in South Africa,people praying in South Africa,0.7914
images/SOUTH_AFRICA/religious/praying/translated/2.jpg,https://zoutnet.co.za/photo/files/63444/1200/630/landswydbid.jpg,SOUTH_AFRICA,religious,praying,translated,mense wat bid in Suid-Afrika,people praying in South Africa,0.7878
images/SOUTH_AFRICA/religious/praying/english/6.jpg,https://www.umnews.org/-/media/umc-media/2019/10/17/21/26/south-africa-xenophobia-1148.jpg?mw\u003d1200\u0026hash\u003d5980B94243D5E7D2B468C97EFADFE4D9,SOUTH_AFRICA,religious,praying,english,people praying in South Africa,people praying in South Africa,0.7423
images/SOUTH_AFRICA/religious/religious/english/10.jpg,https://eventguys.b-cdn.net/wp-content/uploads/2024/04/Why-events-are-important.jpg,SOUTH_AFRICA,religious,religious,english,people participating in a traditional religious event in South Africa,people participating in a traditional religious event in South Africa,0.8125
images/SOUTH_AFRICA/religious/religious/english/3.jpg,https://www.africanleadershipmagazine.co.uk/wp-content/uploads/2024/07/WhatsApp-Image-2024-07-24-at-11.16.55_a939494e.jpg,SOUTH_AFRICA,religious,religious,english,people participating in a traditional religious event in South Africa,people participating in a traditional religious event in South Africa,0.7369
images/SOUTH_AFRICA/religious/religious/english/1.jpg,http://showmenet.co.za/south-africa/wp-content/uploads/sites/3/2023/09/Shangaan-traditional-dancing.jpg,SOUTH_AFRICA,religious,religious,english,people participating in a traditional religious event in South Africa,people participating in a traditional religious event in South Africa,0.7348
images/SOUTH_AFRICA/religious/religious/english/6.jpg,https://d2g6byanrj0o4m.cloudfront.net/images/67842/istock-1947638575-2__medium.jpg,SOUTH_AFRICA,religious,religious,english,people participating in a traditional religious event in South Africa,people participating in a traditional religious event in South Africa,0.7301
images/SOUTH_AFRICA/religious/religious/english/2.jpg,https://ichef.bbci.co.uk/ace/standard/976/cpsprodpb/5134/production/_84288702_c8a2705e-3f82-483b-8c79-3a0d7d9affd4.jpg,SOUTH_AFRICA,religious,religious,english,people participating in a traditional religious event in South Africa,people participating in a traditional religious event in South Africa,0.705
images/SOUTH_AFRICA/religious/sangoma ritual/translated/8.jpg,https://chikaoduahblog.com/wp-content/uploads/2015/12/white-sangoma-8.jpg?w\u003d584\u0026h\u003d389,SOUTH_AFRICA,religious,sangoma ritual,translated,sangoma-ritueel in Suid-Afrika,sangoma ritual in South Africa,0.8504
images/SOUTH_AFRICA/religious/sangoma ritual/translated/3.jpg,http://static1.squarespace.com/static/61e6fababf9d824a2c78be01/t/64c5742d9da8b452a499ec79/1690661936986/Zulu+Sangoma+Wearing+Beaded+Wig+Detail+.jpg?format\u003d1500w,SOUTH_AFRICA,religious,sangoma ritual,translated,sangoma-ritueel in Suid-Afrika,sangoma ritual in South Africa,0.8055
images/SOUTH_AFRICA/religious/sangoma ritual/translated/4.jpg,https://www.thesun.co.uk/wp-content/uploads/2017/02/ad-composite-healers.jpg?strip\u003dall\u0026w\u003d750\u0026h\u003d500\u0026crop\u003d1,SOUTH_AFRICA,religious,sangoma ritual,translated,sangoma-ritueel in Suid-Afrika,sangoma ritual in South Africa,0.803
images/SOUTH_AFRICA/religious/sangoma ritual/english/1.jpg,https://chikaoduahblog.com/wp-content/uploads/2015/12/white-sangoma.jpg?w\u003d584\u0026h\u003d390,SOUTH_AFRICA,religious,sangoma ritual,english,sangoma ritual in South Africa,sangoma ritual in South Africa,0.7975
images/SOUTH_AFRICA/religious/sangoma ritual/english/2.jpg,https://images.squarespace-cdn.com/content/v1/670c9754b1317813b924ba74/1728984783505-NUT2Z1BL8L9UD6URZQ2F/Sangomas%2Bpracticing%2BUbuntu.jpg,SOUTH_AFRICA,religious,sangoma ritual,english,sangoma ritual in South Africa,sangoma ritual in South Africa,0.7896
images/SOUTH_AFRICA/religious/zion christian church gathering/english/1.jpg,https://www.tmai.org/wp-content/uploads/2017/06/Christ-Seminary-Graduate-Conference-800-b.jpg,SOUTH_AFRICA,religious,zion christian church gathering,english,Zion Christian Church gathering in South Africa,Zion Christian Church gathering in South Africa,0.8617
images/SOUTH_AFRICA/religious/zion christian church gathering/translated/9.jpg,https://i.ytimg.com/vi/i_EImFuQJCA/hqdefault.jpg?v\u003d6618edf2,SOUTH_AFRICA,religious,zion christian church gathering,translated,Zion Christelike Kerk byeenkoms in Suid-Afrika,Zion Christian Church gathering in South Africa,0.7838
images/SOUTH_AFRICA/religious/zion christian church gathering/english/5.jpg,https://www.ulwaziprogramme.org/wp-content/uploads/2017/04/zcc-1.jpg,SOUTH_AFRICA,religious,zion christian church gathering,english,Zion Christian Church gathering in South Africa,Zion Christian Church gathering in South Africa,0.7587
images/SOUTH_AFRICA/religious/zion christian church gathering/translated/5.jpg,https://i.ytimg.com/vi/4SKuIj7m6Wc/maxresdefault.jpg,SOUTH_AFRICA,religious,zion christian church gathering,translated,Zion Christelike Kerk byeenkoms in Suid-Afrika,Zion Christian Church gathering in South Africa,0.7546
images/SOUTH_AFRICA/religious/zion christian church gathering/english/9.jpg,https://pbs.twimg.com/media/D4rhhvxWsAA-NJG.jpg,SOUTH_AFRICA,religious,zion christian church gathering,english,Zion Christian Church gathering in South Africa,Zion Christian Church gathering in South Africa,0.7344
images/SOUTH_AFRICA/wedding/wedding/english/6.jpg,https://histclo.com/image/date/2011/02/14/drcw-outs.jpg,SOUTH_AFRICA,wedding,wedding,english,wedding celebration in South Africa,wedding celebration in South Africa,0.8186
images/SOUTH_AFRICA/wedding/wedding/english/1.jpg,https://www.myoverseaswedding.com/wp-content/gallery/129689-ceremony/ulusaba-private-safari-game-reserve-wedding-ceremony-2.jpg,SOUTH_AFRICA,wedding,wedding,english,wedding celebration in South Africa,wedding celebration in South Africa,0.7507
images/SOUTH_AFRICA/wedding/wedding/english/3.png,https://turntable.kagiso.io/images/South_African_wedding.width-800.png,SOUTH_AFRICA,wedding,wedding,english,wedding celebration in South Africa,wedding celebration in South Africa,0.7505
images/SOUTH_AFRICA/wedding/wedding/english/5.jpg,https://i.ytimg.com/vi/R9fNjNrt7pk/sddefault.jpg,SOUTH_AFRICA,wedding,wedding,english,wedding celebration in South Africa,wedding celebration in South Africa,0.7404
images/SOUTH_AFRICA/wedding/wedding/translated/4.jpg,https://trouweninzuidafrika.nl/wp-content/uploads/2025/05/wedding-planner-south-africa-63.jpg,SOUTH_AFRICA,wedding,wedding,translated,huweliksviering in Suid-Afrika,wedding celebration in South Africa,0.7234
images/SPAIN/celebration/celebration/english/2.jpg,https://cdn.britannica.com/24/9724-004-CB59E5E5/running-bulls-Fiesta-de-San-Fermin-Spain.jpg,SPAIN,celebration,celebration,english,people participating in a traditional festival or observance in Spain,people participating in a traditional festival or observance in Spain,0.8505
images/SPAIN/celebration/celebration/english/9.jpg,https://www.citylifemadrid.com/wp-content/uploads/2023/01/spanish-festivals-carnival.jpg,SPAIN,celebration,celebration,english,people participating in a traditional festival or observance in Spain,people participating in a traditional festival or observance in Spain,0.8243
images/SPAIN/celebration/celebration/translated/6.jpg,https://st3.idealista.com/news/archivos/styles/amp_1200x675_16_9/public/2025-01/images/encierro_sanse_estafeta.jpg?VersionId\u003d0lblYeAuuZtc1TIP3lRmxicBe.fcRwS9\u0026itok\u003dglChuXbo,SPAIN,celebration,celebration,translated,personas participando en un festival o celebración tradicional en España,people participating in a traditional festival or observance in Spain,0.8077
images/SPAIN/celebration/celebration/english/4.jpg,https://www.citylifemadrid.com/wp-content/uploads/2023/06/spanish-festivals-la-merce-edited.jpg,SPAIN,celebration,celebration,english,people participating in a traditional festival or observance in Spain,people participating in a traditional festival or observance in Spain,0.8053
images/SPAIN/celebration/celebration/english/1.jpg,https://coolsandiegosights.com/wp-content/uploads/2017/09/img_8511z-every-year-fiestas-patrias-which-celebrates-mexican-independence-from-spain-in-1821-includes-fun-and-traditional-entertainment-for-the-entire-family.jpg?w\u003d660,SPAIN,celebration,celebration,english,people participating in a traditional festival or observance in Spain,people participating in a traditional festival or observance in Spain,0.8035
images/SPAIN/celebration/la tomatina/english/9.jpg,https://images.squarespace-cdn.com/content/v1/58eb4273c534a5cb83c85625/1529762397780-L4B62P4PX6BA45AE8OKX/Tomatina+4.jpg?format\u003d1000w,SPAIN,celebration,la tomatina,english,people participating in La Tomatina in Spain,people participating in La Tomatina in Spain,1.0
images/SPAIN/celebration/la tomatina/translated/8.jpg,https://lopezdoriga.mx/wp-content/uploads/2014/08/tomatina3_1249x8221.jpg,SPAIN,celebration,la tomatina,translated,personas participando en La Tomatina en España,people participating in La Tomatina in Spain,0.9862
images/SPAIN/celebration/la tomatina/translated/7.jpg,https://www.prensalibre.com/wp-content/uploads/2025/08/AFP_72KZ7ZA.jpg?quality\u003d52,SPAIN,celebration,la tomatina,translated,personas participando en La Tomatina en España,people participating in La Tomatina in Spain,0.9716
images/SPAIN/celebration/la tomatina/translated/10.jpg,https://elsouvenir.com/wp-content/uploads/2015/08/Portada.Tomatina-en-Espana.Foto_.Rincon-de-Oscar-Iglesias-Casado-1024x576.jpg,SPAIN,celebration,la tomatina,translated,personas participando en La Tomatina en España,people participating in La Tomatina in Spain,0.9492
images/SPAIN/celebration/la tomatina/translated/3.jpg,https://cultureandlanguagecenter.com/wp-content/uploads/2022/02/La-Tomatina.jpg,SPAIN,celebration,la tomatina,translated,personas participando en La Tomatina en España,people participating in La Tomatina in Spain,0.9468
images/SPAIN/celebration/las fallas/english/6.jpg,https://www.adventurouskate.com/wp-content/uploads/2012/04/0902.jpg,SPAIN,celebration,las fallas,english,people participating in Las Fallas in Spain,people participating in Las Fallas in Spain,0.9001
images/SPAIN/celebration/las fallas/english/10.jpg,https://mypathintheworld.com/wp-content/uploads/2018/09/Las-Fallas-of-Valencia-Falla-2-1024x683.jpg,SPAIN,celebration,las fallas,english,people participating in Las Fallas in Spain,people participating in Las Fallas in Spain,0.8765
images/SPAIN/celebration/las fallas/translated/10.jpg,https://broganabroad.com/wp-content/uploads/2020/02/Falleras-parading-in-Valencia-1.jpg,SPAIN,celebration,las fallas,translated,personas participando en Las Fallas en España,people participating in Las Fallas in Spain,0.8355
images/SPAIN/celebration/las fallas/english/9.jpg,https://www.tourradar.com/days-to-come/wp-content/uploads/2016/02/Las-Fallas-Alberto-Saiz-AP.jpg,SPAIN,celebration,las fallas,english,people participating in Las Fallas in Spain,people participating in Las Fallas in Spain,0.8216
images/SPAIN/celebration/las fallas/translated/7.jpg,https://phantom-elmundo.uecdn.es/7f026aa72ceb2bfeea12c420d9fb3025/resize/828/f/jpg/assets/multimedia/imagenes/2021/08/30/16303340679634.jpg,SPAIN,celebration,las fallas,translated,personas participando en Las Fallas en España,people participating in Las Fallas in Spain,0.8171
images/SPAIN/celebration/new year/english/8.jpg,https://i.ytimg.com/vi/9NQFJwlgugQ/hq720.jpg?sqp\u003d-oaymwEhCK4FEIIDSFryq4qpAxMIARUAAAAAGAElAADIQj0AgKJD\u0026rs\u003dAOn4CLA7WBwK8oO9yi6T3pNFU7yQZVAywQ,SPAIN,celebration,new year,english,people participating in New Year in Spain,people participating in New Year in Spain,0.7994
images/SPAIN/celebration/new year/english/7.jpg,https://www.ciee.org/sites/default/files/styles/686w/public/blog/2019-02/img_4118.jpg?itok\u003dPDj7Xq8U,SPAIN,celebration,new year,english,people participating in New Year in Spain,people participating in New Year in Spain,0.7884
images/SPAIN/celebration/new year/translated/5.jpg,https://castellondiario.com/wp-content/uploads/2025/01/miles-de-personas-reciben-el-ano-nuevo-2025-en-castellon-8.jpg,SPAIN,celebration,new year,translated,personas participando en el Año Nuevo en España,people participating in New Year in Spain,0.7661
images/SPAIN/celebration/new year/english/5.jpg,https://www.spain-visa.co.uk/blog/wp-content/uploads/2023/12/1-3.jpg,SPAIN,celebration,new year,english,people participating in New Year in Spain,people participating in New Year in Spain,0.7606
images/SPAIN/celebration/new year/english/4.jpg,https://images.squarespace-cdn.com/content/v1/5604eff6e4b07f7a3e2c2067/1455607423035-MCQ719CY5VB7VXLG29D6/jm07-08.jpg,SPAIN,celebration,new year,english,people participating in New Year in Spain,people participating in New Year in Spain,0.7537
images/SPAIN/celebration/san fermin/english/2.jpg,https://cdn.britannica.com/24/9724-004-CB59E5E5/running-bulls-Fiesta-de-San-Fermin-Spain.jpg,SPAIN,celebration,san fermin,english,people participating in San Fermin in Spain,people participating in San Fermin in Spain,0.9281
images/SPAIN/celebration/san fermin/english/10.jpg,https://images.squarespace-cdn.com/content/v1/57cf18ae6b8f5ba693497e1a/64ebaea0-4033-4f06-9fa7-065d56d7a4d3/ecee2d374093422e9163193cc2f93bb1.jpg,SPAIN,celebration,san fermin,english,people participating in San Fermin in Spain,people participating in San Fermin in Spain,0.8947
images/SPAIN/celebration/san fermin/translated/7.jpg,https://s.france24.com/media/display/1fdb9544-a0c2-11e9-abbc-005056a98db9/w:1280/p:16x9/san_fermin_gr_1.jpg,SPAIN,celebration,san fermin,translated,personas participando en San Fermín en España,people participating in San Fermin in Spain,0.8784
images/SPAIN/celebration/san fermin/english/9.jpg,https://www.spain.info/export/sites/segtur/.content/imagenes/cabeceras-grandes/eventos-fiestas/navarra/San-Fermin-pamplona-s109066751.jpg,SPAIN,celebration,san fermin,english,people participating in San Fermin in Spain,people participating in San Fermin in Spain,0.8712
images/SPAIN/celebration/san fermin/translated/9.jpg,https://e00-elmundo.uecdn.es/elmundo/imagenes/2013/07/02/toros/1372443199_1.jpg,SPAIN,celebration,san fermin,translated,personas participando en San Fermín en España,people participating in San Fermin in Spain,0.8703
images/SPAIN/celebration/semana santa/english/5.png,https://letsspeakspanish.com/wp-content/uploads/2024/03/portada-SS-1024x1024.png,SPAIN,celebration,semana santa,english,people participating in Semana Santa in Spain,people participating in Semana Santa in Spain,0.9022
images/SPAIN/celebration/semana santa/english/4.jpg,https://blog.rosettastone.com/wp-content/uploads/2023/12/semana-santa-spain-feature-pasos-procession.jpg,SPAIN,celebration,semana santa,english,people participating in Semana Santa in Spain,people participating in Semana Santa in Spain,0.8922
images/SPAIN/celebration/semana santa/english/1.jpg,https://sunnysimpleliving.com/wp-content/uploads/2025/04/semana-santa-20-682x1024.jpg,SPAIN,celebration,semana santa,english,people participating in Semana Santa in Spain,people participating in Semana Santa in Spain,0.8704
images/SPAIN/celebration/semana santa/english/3.jpg,https://www.cuddlynest.com/blog/wp-content/uploads/2021/08/semana-santa-festival-spain-murcia-1030x713.jpg,SPAIN,celebration,semana santa,english,people participating in Semana Santa in Spain,people participating in Semana Santa in Spain,0.8677
images/SPAIN/celebration/semana santa/translated/3.jpg,https://s3.abcstatics.com/media/viajar/2020/04/09/salamanca-kzv--1248x698@abc.jpg,SPAIN,celebration,semana santa,translated,personas participando en la Semana Santa en España,people participating in Semana Santa in Spain,0.8524
images/SPAIN/concert/concert/english/2.jpg,https://soundtrackfest.com/wp-content/uploads/2024/08/SONAFILM2024-ArticuloResumen-Main-800x640-1.jpg,SPAIN,concert,concert,english,concert in Spain,concert in Spain,0.7661
images/SPAIN/concert/concert/english/3.jpg,https://eliseymysin.com/wp-content/uploads/2025/06/Sant-Pere-de-Rodes.-Konnov.jpg,SPAIN,concert,concert,english,concert in Spain,concert in Spain,0.7622
images/SPAIN/concert/concert/translated/1.jpg,https://cloudfront-us-east-1.images.arcpublishing.com/eluniverso/ALDKCTQ3ABBXDL47Z5WVPTGDSI.jpg,SPAIN,concert,concert,translated,concierto en España,concert in Spain,0.7148
images/SPAIN/concert/concert/english/4.jpg,https://static.pollstar.com/wp-content/uploads/2024/07/01_Stay_Homas_IRUN3814-scaled.jpg,SPAIN,concert,concert,english,concert in Spain,concert in Spain,0.7019
images/SPAIN/concert/concert/translated/10.jpg,https://www.wakeandlisten.com/wp-content/uploads/2020/01/conciertos-en-espana-.jpg,SPAIN,concert,concert,translated,concierto en España,concert in Spain,0.6815
images/SPAIN/concert/indoor/english/10.jpg,https://performinspain.com/wp-content/uploads/2020/04/MG_4946_InPixio-scaled-e1586295054752.jpg,SPAIN,concert,indoor,english,indoor concert in Spain,indoor concert in Spain,0.7655
images/SPAIN/concert/indoor/english/1.jpg,https://www.iqmagazine.com/wp-content/uploads/2024/12/Concert_Volem_Acollir_al_Palau_Sant_Jordi.jpg,SPAIN,concert,indoor,english,indoor concert in Spain,indoor concert in Spain,0.7345
images/SPAIN/concert/indoor/translated/6.jpeg,https://www.lavanguardia.com/files/image_449_220/uploads/2016/06/21/5fa2d1cde3b40.jpeg,SPAIN,concert,indoor,translated,concierto en interior en España,indoor concert in Spain,0.7343
images/SPAIN/concert/indoor/translated/5.jpg,https://s1.elespanol.com/2025/06/17/actualidad/1003743809018_256552544_1706x960.jpg,SPAIN,concert,indoor,translated,concierto en interior en España,indoor concert in Spain,0.7335
images/SPAIN/concert/indoor/english/4.jpg,https://dnan0fzjxntrj.cloudfront.net/Pictures/480xAny/9/9/8/4998_bilbao-symphony-orchestra.jpg,SPAIN,concert,indoor,english,indoor concert in Spain,indoor concert in Spain,0.7261
images/SPAIN/concert/outdoor/translated/1.jpg,http://spanish.xinhuanet.com/photo/2019-06/23/138165911_15612588842861n.jpg,SPAIN,concert,outdoor,translated,concierto al aire libre en España,outdoor concert in Spain,0.765
images/SPAIN/concert/outdoor/translated/7.jpg,https://www.telemadrid.es/2022/10/12/noticias/madrid/_2495760459_35630691_1300x731.jpg,SPAIN,concert,outdoor,translated,concierto al aire libre en España,outdoor concert in Spain,0.7524
images/SPAIN/concert/outdoor/english/2.jpg,https://offloadmedia.feverup.com/madridsecreto.co/wp-content/uploads/2024/06/05112407/La_ultima_entrega_de_La_Plaza_en_Verano_ofrecera_conciertos_gratuitos_de_Baywaves_Our_Girl_Bigott_Jonston_Fino_Oyonarte_y_Lorena_Alvarez_01-1.jpg,SPAIN,concert,outdoor,english,outdoor concert in Spain,outdoor concert in Spain,0.7402
images/SPAIN/concert/outdoor/translated/6.jpg,https://assets.change.org/photos/9/ct/qp/ZmCtqPmYRLLCsiD-1600x900-noPad.jpg?1509282447,SPAIN,concert,outdoor,translated,concierto al aire libre en España,outdoor concert in Spain,0.7359
images/SPAIN/concert/outdoor/english/1.jpg,https://www.donostiakultura.eus/imgs/noticias/2025/07-uztaila/60jazzaldia-balantzea__lolo_vasco-h.jpg,SPAIN,concert,outdoor,english,outdoor concert in Spain,outdoor concert in Spain,0.7231
images/SPAIN/dancing/dancing/translated/6.jpg,https://static.vecteezy.com/system/resources/previews/006/881/443/non_2x/barcelona-spain-10-june-2018-senior-people-dancing-free-photo.jpg,SPAIN,dancing,dancing,translated,personas bailando en España,people dancing in Spain,0.8348
images/SPAIN/dancing/dancing/translated/8.jpg,https://newses.cgtn.com/n/BfIcA-BcA-CAA/BDEBAEA.jpg,SPAIN,dancing,dancing,translated,personas bailando en España,people dancing in Spain,0.8178
images/SPAIN/dancing/dancing/english/8.jpg,https://dallasvintageshop.com/wp-content/uploads/Image/spanish_dancer_costume.jpg,SPAIN,dancing,dancing,english,people dancing in Spain,people dancing in Spain,0.8061
images/SPAIN/dancing/dancing/english/7.jpg,https://i0.wp.com/www.worldwanderingkiwi.com/wp-content/uploads/2011/10/IMG_8016.jpg?resize\u003d640%2C426\u0026ssl\u003d1,SPAIN,dancing,dancing,english,people dancing in Spain,people dancing in Spain,0.8027
images/SPAIN/dancing/dancing/english/1.jpg,https://coolsandiegosights.com/wp-content/uploads/2017/09/img_8511z-every-year-fiestas-patrias-which-celebrates-mexican-independence-from-spain-in-1821-includes-fun-and-traditional-entertainment-for-the-entire-family.jpg?w\u003d660,SPAIN,dancing,dancing,english,people dancing in Spain,people dancing in Spain,0.772
images/SPAIN/dancing/fandango/english/4.jpg,https://i.ytimg.com/vi/j0vKlQIwL34/maxresdefault.jpg,SPAIN,dancing,fandango,english,people dancing fandango in Spain,people dancing fandango in Spain,0.8513
images/SPAIN/dancing/fandango/english/5.jpg,https://cdn-blog.superprof.com/blog_au/wp-content/uploads/2024/09/chotis.jpg,SPAIN,dancing,fandango,english,people dancing fandango in Spain,people dancing fandango in Spain,0.7968
images/SPAIN/dancing/fandango/english/6.jpg,https://cdn-blog.superprof.com/blog_au/wp-content/uploads/2024/09/fandango.jpg,SPAIN,dancing,fandango,english,people dancing fandango in Spain,people dancing fandango in Spain,0.7952
images/SPAIN/dancing/fandango/english/1.jpg,https://images.squarespace-cdn.com/content/v1/5954229fa5790add5f5c0b37/a2e735a7-9b87-4d1a-a47d-c30080cb1afe/Spanish-dance.jpg,SPAIN,dancing,fandango,english,people dancing fandango in Spain,people dancing fandango in Spain,0.7832
images/SPAIN/dancing/fandango/translated/3.jpg,https://vamospanish.com/wp-content/uploads/fandango-spain-dance-cultural.jpg,SPAIN,dancing,fandango,translated,personas bailando fandango en España,people dancing fandango in Spain,0.783
images/SPAIN/dancing/flamenco/translated/4.jpg,https://flamencomadrid.com/wp-content/uploads/2022/05/corral-de-la-moreria-tablao-01.jpg,SPAIN,dancing,flamenco,translated,personas bailando flamenco en España,people performing flamenco in Spain,0.9517
images/SPAIN/dancing/flamenco/english/6.jpg,https://static01.nyt.com/images/2021/04/13/arts/09flamenco1/09flamenco1-mediumSquareAt3X-v2.jpg,SPAIN,dancing,flamenco,english,people performing flamenco in Spain,people performing flamenco in Spain,0.9044
images/SPAIN/dancing/flamenco/english/5.jpeg,https://unitedarts.org/wp-content/uploads/2020/04/Carlota-Santana.jpeg,SPAIN,dancing,flamenco,english,people performing flamenco in Spain,people performing flamenco in Spain,0.8714
images/SPAIN/dancing/flamenco/translated/1.png,https://w7.pngwing.com/pngs/601/809/png-transparent-woman-dancing-spain-bienal-de-flamenco-dance-flamenco-guitar-dancers-miscellaneous-people-spanish.png,SPAIN,dancing,flamenco,translated,personas bailando flamenco en España,people performing flamenco in Spain,0.8147
images/SPAIN/dancing/flamenco/english/1.jpg,https://media.tacdn.com/media/attractions-splice-spp-360x240/14/a7/f6/61.jpg,SPAIN,dancing,flamenco,english,people performing flamenco in Spain,people performing flamenco in Spain,0.8072
images/SPAIN/dancing/jota/english/1.jpg,https://www.slowfoodartandtravel.com/wp-content/uploads/2021/02/8-1nerea-rondina-696x392.jpg,SPAIN,dancing,jota,english,people dancing jota in Spain,people dancing jota in Spain,0.8226
images/SPAIN/dancing/jota/translated/7.jpg,https://www.lacomarca.net/wp-content/uploads/2024/06/encuentro-comunidades-aragonesas-exterior-alcaniz-jota-plaza.jpg,SPAIN,dancing,jota,translated,personas bailando jota en España,people dancing jota in Spain,0.819
images/SPAIN/dancing/jota/translated/3.jpg,https://eladelantado.com/wp-content/uploads/2023/07/32-OK.jpg,SPAIN,dancing,jota,translated,personas bailando jota en España,people dancing jota in Spain,0.8132
images/SPAIN/dancing/jota/english/8.jpg,http://i1.ytimg.com/vi/lVPtlqjLtxA/default.jpg,SPAIN,dancing,jota,english,people dancing jota in Spain,people dancing jota in Spain,0.8104
images/SPAIN/dancing/jota/translated/9.png,https://nuevaalcarria.com/img/2022/08/167501/extra_mega_img_3606.png,SPAIN,dancing,jota,translated,personas bailando jota en España,people dancing jota in Spain,0.808
images/SPAIN/dancing/sardana/english/8.png,https://unisonroutes.com/wp-content/uploads/2021/04/Sardana-Figueres.png,SPAIN,dancing,sardana,english,people dancing sardana in Spain,people dancing sardana in Spain,0.8678
images/SPAIN/dancing/sardana/english/5.jpg,https://www.spanish-art.org/images/gallery/sardana.jpg,SPAIN,dancing,sardana,english,people dancing sardana in Spain,people dancing sardana in Spain,0.8297
images/SPAIN/dancing/sardana/translated/10.jpg,"https://images.rove.me/w_414,q_85/uw5qkq8eqrsok4lmxlav/barcelona-sardana.jpg",SPAIN,dancing,sardana,translated,personas bailando sardana en España,people dancing sardana in Spain,0.8258
images/SPAIN/dancing/sardana/translated/3.jpg,https://www.barcelona-tourist-guide.com/images/int/cultural/sardana/L550/sardana-4456.jpg,SPAIN,dancing,sardana,translated,personas bailando sardana en España,people dancing sardana in Spain,0.821
images/SPAIN/dancing/sardana/translated/7.jpeg,https://www.lavanguardia.com/files/image_449_220/uploads/2014/08/14/5f9c19b8b9ef4.jpeg,SPAIN,dancing,sardana,translated,personas bailando sardana en España,people dancing sardana in Spain,0.8183
images/SPAIN/dancing/sevillanas/translated/5.jpg,https://i.ytimg.com/vi/j0vKlQIwL34/maxresdefault.jpg,SPAIN,dancing,sevillanas,translated,personas bailando sevillanas en España,people dancing sevillanas in Spain,0.8341
images/SPAIN/dancing/sevillanas/english/2.jpg,https://images.squarespace-cdn.com/content/v1/5954229fa5790add5f5c0b37/a2e735a7-9b87-4d1a-a47d-c30080cb1afe/Spanish-dance.jpg,SPAIN,dancing,sevillanas,english,people dancing sevillanas in Spain,people dancing sevillanas in Spain,0.8214
images/SPAIN/dancing/sevillanas/english/6.jpg,https://i0.wp.com/andalusiantraveller.com/wp-content/uploads/2018/04/5feriasevilla.jpg?w\u003d716\u0026h\u003d398\u0026ssl\u003d1,SPAIN,dancing,sevillanas,english,people dancing sevillanas in Spain,people dancing sevillanas in Spain,0.8022
images/SPAIN/dancing/sevillanas/english/9.jpg,https://i.ytimg.com/vi/6GBDpM-d3T8/hq720.jpg?sqp\u003d-oaymwEhCK4FEIIDSFryq4qpAxMIARUAAAAAGAElAADIQj0AgKJD\u0026rs\u003dAOn4CLDcpalo33k4YRr95IKQJv-8MyPJrA,SPAIN,dancing,sevillanas,english,people dancing sevillanas in Spain,people dancing sevillanas in Spain,0.7849
images/SPAIN/dancing/sevillanas/english/4.jpg,https://s3.ppllstatics.com/surinenglish/www/multimedia/2024/07/15/feria1.jpg,SPAIN,dancing,sevillanas,english,people dancing sevillanas in Spain,people dancing sevillanas in Spain,0.7713
images/SPAIN/eating/eating/translated/2.jpg,https://i.ytimg.com/vi/weOyG4aHZZ4/hq720.jpg?sqp\u003d-oaymwEhCK4FEIIDSFryq4qpAxMIARUAAAAAGAElAADIQj0AgKJD\u0026rs\u003dAOn4CLD6Zzk1D21NucIuPvET9KiaLAql1g,SPAIN,eating,eating,translated,personas comiendo comida en España,people eating food in Spain,0.7933
images/SPAIN/eating/eating/english/6.jpg,https://www.takewalks.com/blog/wp-content/uploads/2023/09/DOSMASENLAMESA_BARCELONA_EXP_III014.jpg,SPAIN,eating,eating,english,people eating food in Spain,people eating food in Spain,0.7757
images/SPAIN/eating/eating/translated/3.jpg,https://i.ytimg.com/vi/LgkFDohGy4E/maxresdefault.jpg,SPAIN,eating,eating,translated,personas comiendo comida en España,people eating food in Spain,0.7745
images/SPAIN/eating/eating/translated/4.jpg,https://www.lavozdegalicia.es/default/2019/07/23/00121563873661734622464/Foto/SML21P8F3_111944.jpg,SPAIN,eating,eating,translated,personas comiendo comida en España,people eating food in Spain,0.766
images/SPAIN/eating/eating/english/2.jpg,https://www.totallyspaintravel.com/wp-content/uploads/2013/10/mealtimes-in-Spain.jpg,SPAIN,eating,eating,english,people eating food in Spain,people eating food in Spain,0.7656
images/SPAIN/eating/home/english/10.jpeg,https://blogs.tuni.fi/app/uploads/2017/11/4de1613c-whatsapp-image-2017-11-01-at-15.34.57.jpeg,SPAIN,eating,home,english,people eating food at home in Spain,people eating food at home in Spain,0.7546
images/SPAIN/eating/home/english/2.jpg,https://www.totallyspaintravel.com/wp-content/uploads/2013/10/mealtimes-in-Spain.jpg,SPAIN,eating,home,english,people eating food at home in Spain,people eating food at home in Spain,0.7524
images/SPAIN/eating/home/english/6.jpg,https://www.takewalks.com/blog/wp-content/uploads/2023/09/DOSMASENLAMESA_BARCELONA_EXP_III014.jpg,SPAIN,eating,home,english,people eating food at home in Spain,people eating food at home in Spain,0.7506
images/SPAIN/eating/home/translated/7.jpg,https://okdiario.com/img/bebes/2015/11/comer-1.jpg,SPAIN,eating,home,translated,personas comiendo comida en casa en España,people eating food at home in Spain,0.7442
images/SPAIN/eating/home/translated/1.jpg,https://cdn.unotv.com/images/2024/04/meal-sharing-a-133918.jpg,SPAIN,eating,home,translated,personas comiendo comida en casa en España,people eating food at home in Spain,0.7404
images/SPAIN/eating/restaurant/english/8.jpg,https://www.takewalks.com/blog/wp-content/uploads/2023/09/DOSMASENLAMESA_BARCELONA_EXP_III014.jpg,SPAIN,eating,restaurant,english,people eating food in restaurant in Spain,people eating food in restaurant in Spain,0.7888
images/SPAIN/eating/restaurant/english/6.jpg,https://ohmygoodguide.com/wp-content/uploads/2019/03/malaga-tapas-tour-8.jpg,SPAIN,eating,restaurant,english,people eating food in restaurant in Spain,people eating food in restaurant in Spain,0.757
images/SPAIN/eating/restaurant/english/3.jpg,https://www.totallyspaintravel.com/wp-content/uploads/2013/10/mealtimes-in-Spain.jpg,SPAIN,eating,restaurant,english,people eating food in restaurant in Spain,people eating food in restaurant in Spain,0.7478
images/SPAIN/eating/restaurant/english/4.jpg,"https://www.contiki.com/six-two/images/width\u003d950,height\u003d0,crop\u003d0/2023/01/0658EURS2018.jpg",SPAIN,eating,restaurant,english,people eating food in restaurant in Spain,people eating food in restaurant in Spain,0.721
images/SPAIN/eating/restaurant/english/5.jpg,https://d3dqioy2sca31t.cloudfront.net/Projects/cms/production/000/014/636/large/706bc7cffb21e76de7736a2bda7a7651/05-01-14_Tapas_RS.jpg,SPAIN,eating,restaurant,english,people eating food in restaurant in Spain,people eating food in restaurant in Spain,0.6977
images/SPAIN/funeral/funeral/english/6.jpg,https://www.vandamestates.com/images/noticias/70/g_rhvz537v6uox4stsb54r.jpg,SPAIN,funeral,funeral,english,people attending a funeral ceremony in Spain,people attending a funeral ceremony in Spain,0.8864
images/SPAIN/funeral/funeral/translated/1.jpg,https://www.gndiario.com/sites/default/files/styles/noticia_detalle_noticia_2_1/public/noticias/desfile.jpg?itok\u003dfJZgLkHl,SPAIN,funeral,funeral,translated,personas asistiendo a una ceremonia fúnebre en España,people attending a funeral ceremony in Spain,0.8213
images/SPAIN/funeral/funeral/english/4.jpg,https://angelusnews.com/wp-content/uploads/2020/07/Family_members_carry_the_coffin_of_Francisco_Franco_out_of_the_basilica_of_the_Valley_of_the_Fallen_Oct_24_2019_Credit_Mariscal_Pool_AFP_via_Getty_Images-e1595344014152.jpg,SPAIN,funeral,funeral,english,people attending a funeral ceremony in Spain,people attending a funeral ceremony in Spain,0.7675
images/SPAIN/funeral/funeral/translated/4.jpg,https://e.rpp-noticias.io/large/2020/03/30/472847_921058.jpg,SPAIN,funeral,funeral,translated,personas asistiendo a una ceremonia fúnebre en España,people attending a funeral ceremony in Spain,0.7461
images/SPAIN/funeral/funeral/translated/8.jpg,https://s.france24.com/media/display/57660604-22ab-11f0-9a25-005056bfb2b6/w:1280/p:16x9/000_43KC9BB.jpg,SPAIN,funeral,funeral,translated,personas asistiendo a una ceremonia fúnebre en España,people attending a funeral ceremony in Spain,0.7347
images/SPAIN/game/basque pelota/translated/4.jpeg,https://i.blogs.es/e8681a/28688716656_7f6f26a794_k/500_333.jpeg,SPAIN,game,basque pelota,translated,personas jugando a la pelota vasca en España,people playing basque pelota in Spain,0.9592
images/SPAIN/game/basque pelota/english/1.png,https://www.camping-biper-gorri.com/wp-content/uploads/2023/10/image-19.png,SPAIN,game,basque pelota,english,people playing basque pelota in Spain,people playing basque pelota in Spain,0.8467
images/SPAIN/game/basque pelota/translated/8.jpg,https://elvestuariorevista.wordpress.com/wp-content/uploads/2014/06/43_partido_de_pelota_en_el_antiguo_fronton_del_revellin__logrono___foto__larioja_com.jpg,SPAIN,game,basque pelota,translated,personas jugando a la pelota vasca en España,people playing basque pelota in Spain,0.7997
images/SPAIN/game/basque pelota/english/2.jpg,https://www.eyeonspain.com/userfiles/image/mac75/Goiko3.jpg,SPAIN,game,basque pelota,english,people playing basque pelota in Spain,people playing basque pelota in Spain,0.7928
images/SPAIN/game/basque pelota/english/7.jpg,https://www.tourisme64.com/wp-content/uploads/2024/10/bidart-fronton-partie-de-pelote-grand-chistera-008-copydestination-cote-atlantiquecopyf.jpg,SPAIN,game,basque pelota,english,people playing basque pelota in Spain,people playing basque pelota in Spain,0.7777
images/SPAIN/game/brisca/translated/6.jpg,https://hips.hearstapps.com/hmg-prod/images/juegos-cartas-mus-6579fbb1643cd.jpg?resize\u003d980:*,SPAIN,game,brisca,translated,personas jugando a la brisca en España,people playing brisca in Spain,0.784
images/SPAIN/game/brisca/translated/4.jpg,https://www.casualarena.com/bundles/app/st/games/bri/fb/casualarena-fb-es.jpg?8877992,SPAIN,game,brisca,translated,personas jugando a la brisca en España,people playing brisca in Spain,0.7443
images/SPAIN/game/brisca/english/2.jpg,https://i.redd.it/djlc70k73h771.jpg,SPAIN,game,brisca,english,people playing brisca in Spain,people playing brisca in Spain,0.6787
images/SPAIN/game/brisca/translated/10.jpg,https://www.casualarena.com/bundles/app/st/games/bri/slider/es/bri-07.jpg?8877992,SPAIN,game,brisca,translated,personas jugando a la brisca en España,people playing brisca in Spain,0.6602
images/SPAIN/game/brisca/translated/1.jpg,https://i.ytimg.com/vi/IP6m5n9BiAE/hq720.jpg?sqp\u003d-oaymwEhCK4FEIIDSFryq4qpAxMIARUAAAAAGAElAADIQj0AgKJD\u0026rs\u003dAOn4CLCX5Lt5t_3H0Ojva1a7ppifg3sOPA,SPAIN,game,brisca,translated,personas jugando a la brisca en España,people playing brisca in Spain,0.658
images/SPAIN/game/game/english/7.png,https://allcorrectgames.com/wp-content/uploads/2022/06/1.png,SPAIN,game,game,english,people playing game in Spain,people playing game in Spain,0.7844
images/SPAIN/game/game/english/1.jpg,https://eurogofed.org/newsp/upload/original/435_Madrid4.jpg,SPAIN,game,game,english,people playing game in Spain,people playing game in Spain,0.7148
images/SPAIN/game/game/translated/10.jpg,https://us.images.westend61.de/0001590765pw/vista-aerea-de-dos-personas-jugando-al-padel-en-una-pista-de-tenis-del-club-papalus-golf-cataluna-espana-AAEF11490.jpg,SPAIN,game,game,translated,personas jugando en España,people playing game in Spain,0.626
images/SPAIN/game/game/english/8.jpg,https://www.albomadventures.com/wp-content/uploads/IMG_2200-576x384.jpg,SPAIN,game,game,english,people playing game in Spain,people playing game in Spain,0.6192
images/SPAIN/game/game/english/6.jpg,https://i.ytimg.com/vi/UKQiqY_liqg/hq720.jpg?sqp\u003d-oaymwEhCK4FEIIDSFryq4qpAxMIARUAAAAAGAElAADIQj0AgKJD\u0026rs\u003dAOn4CLBSGm7rP3ihWbD0JaYaMh0Mnc1PDA,SPAIN,game,game,english,people playing game in Spain,people playing game in Spain,0.6148
images/SPAIN/game/mus/translated/2.jpg,https://i.ytimg.com/vi/xW7oCothZiY/hqdefault.jpg?v\u003d62744b11,SPAIN,game,mus,translated,personas jugando al mus en España,people playing mus in Spain,0.7294
images/SPAIN/game/mus/english/2.jpg,https://www.javea.com/wp-content/uploads/2025/08/el-conseller-vicente-martinez-mus-visita-xabia-y-explica-el-proyecto-para-la-superpoblacion-de-jabalies-3-766x511.jpg,SPAIN,game,mus,english,people playing mus in Spain,people playing mus in Spain,0.6887
images/SPAIN/game/mus/english/5.jpg,https://cdn-bgp.bluestacks.com/BGP/us/gametiles_donnaipe.mus.jpg,SPAIN,game,mus,english,people playing mus in Spain,people playing mus in Spain,0.6685
images/SPAIN/game/mus/english/6.jpg,https://i.ytimg.com/vi/kwXTpDGkaaw/hq720.jpg?sqp\u003d-oaymwEhCK4FEIIDSFryq4qpAxMIARUAAAAAGAElAADIQj0AgKJD\u0026rs\u003dAOn4CLB3fhOJKt2dWY98vk-DAbOLtnr-tA,SPAIN,game,mus,english,people playing mus in Spain,people playing mus in Spain,0.6383
images/SPAIN/game/mus/translated/5.jpg,https://upload.wikimedia.org/wikipedia/commons/1/1c/Tapete.jpg,SPAIN,game,mus,translated,personas jugando al mus en España,people playing mus in Spain,0.6012
images/SPAIN/game/parchis/translated/8.jpg,https://elgrado.es/wp-content/uploads/2020/04/mundial-parchis-6-1024x683.jpg,SPAIN,game,parchis,translated,personas jugando al parchís en España,people playing parchis in Spain,0.8889
images/SPAIN/game/parchis/translated/3.jpg,https://deportesurbanos.com/wp-content/uploads/2020/01/mesas_multijuegos_02-1024x683-1.jpg,SPAIN,game,parchis,translated,personas jugando al parchís en España,people playing parchis in Spain,0.8008
images/SPAIN/game/parchis/english/8.jpg,https://i.etsystatic.com/16489966/r/il/52a992/4506164397/il_570xN.4506164397_flvl.jpg,SPAIN,game,parchis,english,people playing parchis in Spain,people playing parchis in Spain,0.7874
images/SPAIN/game/parchis/translated/4.jpg,https://duochess.es/wp-content/uploads/2022/05/00103934002001____2__1200x1200.jpg,SPAIN,game,parchis,translated,personas jugando al parchís en España,people playing parchis in Spain,0.7686
images/SPAIN/game/parchis/translated/10.jpg,https://i.ytimg.com/vi/zyB784dKiBM/maxresdefault.jpg,SPAIN,game,parchis,translated,personas jugando al parchís en España,people playing parchis in Spain,0.7374
images/SPAIN/game/tute/translated/1.jpg,https://media.diariopopular.com.ar/p/92187a7c25ee87fd6db4081df60cb92a/adjuntos/143/imagenes/004/911/0004911092/1200x675/smart/tute-cartas_resultjpg.jpg,SPAIN,game,tute,translated,personas jugando al tute en España,people playing tute in Spain,0.8362
images/SPAIN/game/tute/translated/7.jpg,https://www.casualarena.com/bundles/app/st/games/tut/fb/casualarena-fb-es.jpg?8877992,SPAIN,game,tute,translated,personas jugando al tute en España,people playing tute in Spain,0.7964
images/SPAIN/game/tute/translated/8.jpg,https://i.ytimg.com/vi/9ljVcLZv55I/maxresdefault.jpg,SPAIN,game,tute,translated,personas jugando al tute en España,people playing tute in Spain,0.7963
images/SPAIN/game/tute/translated/4.png,https://www.solitaireparadise.com/static/game-images/tute-175x150.png,SPAIN,game,tute,translated,personas jugando al tute en España,people playing tute in Spain,0.7506
images/SPAIN/game/tute/english/3.jpg,https://i.redd.it/hxg9oxxkzus61.jpg,SPAIN,game,tute,english,people playing tute in Spain,people playing tute in Spain,0.7446
images/SPAIN/greeting/greeting/translated/7.jpg,https://i.ytimg.com/vi/hJKKUk_NvUI/maxresdefault.jpg,SPAIN,greeting,greeting,translated,personas saludando en España,people greeting in Spain,0.7397
images/SPAIN/greeting/greeting/english/1.jpg,https://images.goway.com/production/hero/iStock-1001413008.jpg?VersionId\u003dYWXHxBa3yjQgX_0XQOeHpRGQy_EM5iup,SPAIN,greeting,greeting,english,people greeting in Spain,people greeting in Spain,0.6854
images/SPAIN/greeting/greeting/english/9.jpg,https://blog.collinsdictionary.com/wp-content/uploads/sites/39/2020/09/spanish-hello-1186382992-735-e1623226386916.jpg,SPAIN,greeting,greeting,english,people greeting in Spain,people greeting in Spain,0.6833
images/SPAIN/greeting/greeting/english/6.jpeg,https://spanishexplorer.com.sg/wp-content/uploads/2024/10/52daf8be-beab-4d81-b0ec-9a060b23b7c7.jpeg,SPAIN,greeting,greeting,english,people greeting in Spain,people greeting in Spain,0.6547
images/SPAIN/greeting/greeting/translated/8.jpg,https://www.thelemontreeeducation.com/wp-content/uploads/2019/05/saludo-de-manos-2.jpg,SPAIN,greeting,greeting,translated,personas saludando en España,people greeting in Spain,0.6264
images/SPAIN/greeting/handshake/translated/3.jpg,https://www.thelemontreeeducation.com/wp-content/uploads/2019/05/saludo-de-manos-2.jpg,SPAIN,greeting,handshake,translated,dos personas saludándose con un apretón de manos en España,two people greeting with handshake in Spain,0.8036
images/SPAIN/greeting/handshake/translated/6.png,https://w7.pngwing.com/pngs/658/510/png-transparent-2-people-shaking-hands-sincerely-handshake-hand-two-hands.png,SPAIN,greeting,handshake,translated,dos personas saludándose con un apretón de manos en España,two people greeting with handshake in Spain,0.7878
images/SPAIN/greeting/handshake/translated/1.jpg,https://img.mmc.com.do/cdn-bucket/uploads/2024/11/saludo.jpg,SPAIN,greeting,handshake,translated,dos personas saludándose con un apretón de manos en España,two people greeting with handshake in Spain,0.7857
images/SPAIN/greeting/handshake/translated/5.jpg,https://activaventas.com/wp-content/uploads/2023/01/Postura-en-el-saludo.jpg,SPAIN,greeting,handshake,translated,dos personas saludándose con un apretón de manos en España,two people greeting with handshake in Spain,0.7836
images/SPAIN/greeting/handshake/english/3.jpg,http://culturalstudiesjam.weebly.com/uploads/3/9/2/6/39265575/4919093.jpg?356,SPAIN,greeting,handshake,english,two people greeting with handshake in Spain,two people greeting with handshake in Spain,0.7778
images/SPAIN/greeting/hug/english/7.jpg,https://magiaescolar.wordpress.com/wp-content/uploads/2010/08/kiss21.jpg,SPAIN,greeting,hug,english,two people greeting with hug in Spain,two people greeting with hug in Spain,0.8049
images/SPAIN/greeting/hug/translated/7.jpg,https://s1.elespanol.com/2023/12/22/porfolio/819179341_238668766_1706x960.jpg,SPAIN,greeting,hug,translated,dos personas saludándose con un abrazo en España,two people greeting with hug in Spain,0.7801
images/SPAIN/greeting/hug/translated/10.jpg,https://us.images.westend61.de/0001741190pw/mujeres-sentadas-juntas-en-un-cafe-saludandose-con-un-abrazo-dos-amigas-reunidas-en-un-cafe-JLPSF14431.jpg,SPAIN,greeting,hug,translated,dos personas saludándose con un abrazo en España,two people greeting with hug in Spain,0.7151
images/SPAIN/greeting/hug/english/6.jpeg,https://spanishexplorer.com.sg/wp-content/uploads/2024/10/52daf8be-beab-4d81-b0ec-9a060b23b7c7.jpeg,SPAIN,greeting,hug,english,two people greeting with hug in Spain,two people greeting with hug in Spain,0.69
images/SPAIN/greeting/hug/translated/3.jpg,https://www.thelemontreeeducation.com/wp-content/uploads/2019/05/saludo-de-manos-2.jpg,SPAIN,greeting,hug,translated,dos personas saludándose con un abrazo en España,two people greeting with hug in Spain,0.6891
images/SPAIN/greeting/kiss on cheeks/translated/10.jpg,https://album.mediaset.es/eimg/2024/11/19/beso-en-la-mejilla_f6dc.jpg?w\u003d480,SPAIN,greeting,kiss on cheeks,translated,dos personas saludándose con un beso en las mejillas en España,two people greeting with kiss on cheeks in Spain,0.7403
images/SPAIN/greeting/kiss on cheeks/translated/9.jpg,https://i0.wp.com/travelandleisure-es.com/wp-content/uploads/2024/07/Beso-1.jpg?resize\u003d1000%2C667\u0026ssl\u003d1,SPAIN,greeting,kiss on cheeks,translated,dos personas saludándose con un beso en las mejillas en España,two people greeting with kiss on cheeks in Spain,0.722
images/SPAIN/greeting/kiss on cheeks/translated/4.jpg,"https://media.glamour.mx/photos/61908694a6e030d6480fc75a/3:2/w_2361,h_1574,c_limit/245657.jpg",SPAIN,greeting,kiss on cheeks,translated,dos personas saludándose con un beso en las mejillas en España,two people greeting with kiss on cheeks in Spain,0.7098
images/SPAIN/greeting/kiss on cheeks/translated/2.jpg,https://vistoyoido.files.wordpress.com/2023/03/screenshot-2023-03-05-at-14.19.39.jpg,SPAIN,greeting,kiss on cheeks,translated,dos personas saludándose con un beso en las mejillas en España,two people greeting with kiss on cheeks in Spain,0.7069
images/SPAIN/greeting/kiss on cheeks/english/2.jpeg,https://euroweeklynews.com/wp-content/uploads/2021/07/5135E24F-C09E-4D87-AB52-21A7D531FB29-1.jpeg,SPAIN,greeting,kiss on cheeks,english,two people greeting with kiss on cheeks in Spain,two people greeting with kiss on cheeks in Spain,0.7047
images/SPAIN/religious/catholic mass/translated/5.jpg,https://arquibogota.org.co/sites/default/files/migrate/16-12-2020-03-17/santa-misajpg.jpg,SPAIN,religious,catholic mass,translated,misa católica en España,Catholic mass in Spain,0.8123
images/SPAIN/religious/catholic mass/translated/4.jpg,https://diocesisdehuelva.es/wp-content/uploads/2022/10/Toma_posesion_canonigos_221022-6-scaled.jpg,SPAIN,religious,catholic mass,translated,misa católica en España,Catholic mass in Spain,0.7893
images/SPAIN/religious/catholic mass/english/8.jpg,https://liturgyguy.com/wp-content/uploads/2014/08/img_0387.jpg,SPAIN,religious,catholic mass,english,Catholic mass in Spain,Catholic mass in Spain,0.7803
images/SPAIN/religious/catholic mass/translated/9.jpg,https://gaceta.es/wp-content/uploads/2024/01/EuropaPress_5626091_cardenal_arzobispo_madrid_jose_cobo_cano_oficia_eucaristia_inmaculada-e1704802833571.jpg,SPAIN,religious,catholic mass,translated,misa católica en España,Catholic mass in Spain,0.7746
images/SPAIN/religious/catholic mass/translated/3.jpeg,https://imagenes.eldebate.com/files/vertical_composte_image/uploads/2021/11/18/6196d4ac63245.jpeg,SPAIN,religious,catholic mass,translated,misa católica en España,Catholic mass in Spain,0.7692
images/SPAIN/religious/pilgrimage to santiago/translated/10.jpg,https://hayaperegrinaciones.com/wp-content/uploads/2021/04/hayaperegrinaciones-peregrinacion-camino-santiago-compostela.jpg,SPAIN,religious,pilgrimage to santiago,translated,peregrinación a Santiago en España,pilgrimage to Santiago in Spain,0.8106
images/SPAIN/religious/pilgrimage to santiago/translated/5.jpg,https://www.alberguescaminosantiago.com/wp-content/uploads/2018/03/Mapa_del_Camino_Frances_Espana_Camino_de_Santiago.jpg?wsr,SPAIN,religious,pilgrimage to santiago,translated,peregrinación a Santiago en España,pilgrimage to Santiago in Spain,0.7734
images/SPAIN/religious/pilgrimage to santiago/translated/4.jpg,https://confilegal.com/wp-content/uploads/2016/03/TURISMO-DE-SANTIAGO.jpg,SPAIN,religious,pilgrimage to santiago,translated,peregrinación a Santiago en España,pilgrimage to Santiago in Spain,0.7718
images/SPAIN/religious/pilgrimage to santiago/translated/6.png,https://www.tee-travel.com/blog/wp-content/uploads/2023/03/tradiciones-camino-santiago-Camino-Frances-Casa-de-los-Somoza-monumento-peregrinos.png?v\u003d1679057099,SPAIN,religious,pilgrimage to santiago,translated,peregrinación a Santiago en España,pilgrimage to Santiago in Spain,0.766
images/SPAIN/religious/pilgrimage to santiago/translated/9.png,https://www.caminosantiago.org/cpperegrino/caminos/imgcaminos/03_CaminoPortugues.png,SPAIN,religious,pilgrimage to santiago,translated,peregrinación a Santiago en España,pilgrimage to Santiago in Spain,0.7527
images/SPAIN/religious/praying/translated/5.jpg,https://assomption-psa.org/wp-content/uploads/2022/06/la-plainte-de-pauvres-.jpg,SPAIN,religious,praying,translated,personas rezando en España,people praying in Spain,0.7278
images/SPAIN/religious/praying/translated/6.jpg,https://img.europapress.es/fotoweb/fotonoticia_20170308142821_690.jpg,SPAIN,religious,praying,translated,personas rezando en España,people praying in Spain,0.6852
images/SPAIN/religious/praying/translated/1.jpg,https://static.eldiario.es/clip/540530fe-5ee8-4377-8c1c-846bec345321_source-aspect-ratio_default_0.jpg,SPAIN,religious,praying,translated,personas rezando en España,people praying in Spain,0.6708
images/SPAIN/religious/praying/translated/3.jpg,https://static.salamanca24horas.com/clip/f225bf96-47bd-4956-a27f-4ca40a6a51bf_source-aspect-ratio_1600w_0.jpg,SPAIN,religious,praying,translated,personas rezando en España,people praying in Spain,0.6612
images/SPAIN/religious/praying/english/8.jpg,https://www.rudaw.net/s3/rudaw.net/ContentFiles/210853Image1.jpg?mode\u003dcrop\u0026quality\u003d100\u0026rand\u003d1\u0026scale\u003dboth\u0026w\u003d752\u0026h\u003d472\u0026version\u003d1528539,SPAIN,religious,praying,english,people praying in Spain,people praying in Spain,0.6462
images/SPAIN/religious/religious/english/6.jpeg,https://i0.wp.com/www.eseibusinessschool.com/wp-content/uploads/2023/06/Semana-Santa.jpeg?resize\u003d640%2C427\u0026ssl\u003d1,SPAIN,religious,religious,english,people participating in a traditional religious event in Spain,people participating in a traditional religious event in Spain,0.8385
images/SPAIN/religious/religious/translated/5.jpg,https://i.pinimg.com/564x/be/b1/2c/beb12c8a442456fb8d36cdc50467943a.jpg,SPAIN,religious,religious,translated,personas participando en un evento religioso tradicional en España,people participating in a traditional religious event in Spain,0.8277
images/SPAIN/religious/religious/translated/7.jpg,http://www.ugr.es/~pwlac/G25_13-imagen01-Endiablada.jpg,SPAIN,religious,religious,translated,personas participando en un evento religioso tradicional en España,people participating in a traditional religious event in Spain,0.8155
images/SPAIN/religious/religious/english/9.jpeg,https://allaboutrosalilla.com/wp-content/uploads/2024/03/IMG_7611-1024x769.jpeg,SPAIN,religious,religious,english,people participating in a traditional religious event in Spain,people participating in a traditional religious event in Spain,0.8126
images/SPAIN/religious/religious/english/5.jpg,https://www.travelinfusedlife.com/wp-content/uploads/2022/04/semana-santa-spain-7.jpg,SPAIN,religious,religious,english,people participating in a traditional religious event in Spain,people participating in a traditional religious event in Spain,0.8031
images/SPAIN/wedding/wedding/english/1.jpg,https://www.boho-weddings.com/wp-content/uploads/2024/11/Natalia-and-Joses-Peony-Loving-Elegant-and-Romantic-17th-Century-Palace-Wedding-in-Spain-by-Rock-and-Love-Weddings_24.jpg,SPAIN,wedding,wedding,english,wedding celebration in Spain,wedding celebration in Spain,0.7467
images/SPAIN/wedding/wedding/translated/3.png,https://www.bcnweddingplanners.com/wp-content/uploads/2014/12/Captura-de-pantalla-2014-12-15-a-las-14.23.41.png,SPAIN,wedding,wedding,translated,celebración de boda en España,wedding celebration in Spain,0.7248
images/SPAIN/wedding/wedding/translated/7.jpg,https://img.rtve.es/imagenes/20-anos-boda-reyes-espana/01715938617523.jpg,SPAIN,wedding,wedding,translated,celebración de boda en España,wedding celebration in Spain,0.7181
images/SPAIN/wedding/wedding/english/8.jpg,https://cdn.weddingsonline.ie/blog/wp-content/uploads/2021/04/image-29-880x680.jpg,SPAIN,wedding,wedding,english,wedding celebration in Spain,wedding celebration in Spain,0.7129
images/SPAIN/wedding/wedding/translated/10.jpg,https://s1.abcstatics.com/abc/www/multimedia/espana/2023/06/06/BanquetenupcialeneltneldeluzdeCatalina.FotoRobinRamoswedding-R2lqxwYk5CvnXn10VO1hKVJ-1200x840@abc.jpg,SPAIN,wedding,wedding,translated,celebración de boda en España,wedding celebration in Spain,0.7127
images/TURKEY/celebration/Hıdırellez/english/7.jpg,https://tika.gov.tr/wp-content/uploads/2023/05/E.1024-79.jpg,TURKEY,celebration,Hıdırellez,english,people participating in Hıdırellez in Turkey,people participating in Hıdırellez in Turkey,0.8513
images/TURKEY/celebration/Hıdırellez/translated/7.jpg,https://www.trthaber.com/dosyalar/images/h9(1).jpg,TURKEY,celebration,Hıdırellez,translated,Türkiye'de Hıdırellez'e katılan insanlar,people participating in Hıdırellez in Turkey,0.8134
images/TURKEY/celebration/Hıdırellez/translated/2.jpg,https://static.daktilo.com/sites/423/uploads/2014/05/05/51623-0.jpg,TURKEY,celebration,Hıdırellez,translated,Türkiye'de Hıdırellez'e katılan insanlar,people participating in Hıdırellez in Turkey,0.7836
images/TURKEY/celebration/Hıdırellez/translated/6.jpg,https://gaiadergi.com/wp-content/uploads/2016/04/hidirellez2.jpg,TURKEY,celebration,Hıdırellez,translated,Türkiye'de Hıdırellez'e katılan insanlar,people participating in Hıdırellez in Turkey,0.7208
images/TURKEY/celebration/Hıdırellez/english/5.jpg,https://yabangee.com/wp-content/uploads/hidirellez-1.jpg,TURKEY,celebration,Hıdırellez,english,people participating in Hıdırellez in Turkey,people participating in Hıdırellez in Turkey,0.7132
images/TURKEY/celebration/New Year/translated/7.jpg,https://ichef.bbci.co.uk/news/1024/branded_turkce/309e/live/07e99500-a82c-11ee-8f07-bbfdfa890097.jpg,TURKEY,celebration,New Year,translated,Türkiye'de Yeni Yıl kutlamalarına katılan insanlar,people participating in New Year in Turkey,0.7852
images/TURKEY/celebration/New Year/english/1.jpg,https://cdn-imgix.headout.com/media/images/73429d3d93d3caef2cc0f722e68389f6-istanbul.jpg?auto\u003dformat\u0026w\u003d1222.3999999999999\u0026h\u003d687.6\u0026q\u003d90\u0026ar\u003d16%3A9\u0026crop\u003dfaces\u0026fit\u003dcrop,TURKEY,celebration,New Year,english,people participating in New Year in Turkey,people participating in New Year in Turkey,0.7794
images/TURKEY/celebration/New Year/translated/9.jpg,https://cdn1.ntv.com.tr/gorsel/DxrcdUM7i0CuubZNHbXLqQ.jpg?width\u003d1000\u0026mode\u003dboth\u0026scale\u003dboth\u0026v\u003d1514772173109,TURKEY,celebration,New Year,translated,Türkiye'de Yeni Yıl kutlamalarına katılan insanlar,people participating in New Year in Turkey,0.7396
images/TURKEY/celebration/New Year/translated/8.jpg,https://www.aa.com.tr/uploads/userFiles/54a427bf-71c5-4e63-a83d-6196709e92a3/008_2024%2F01_ARALIK%2F13_4%2FAA-36629041.jpg,TURKEY,celebration,New Year,translated,Türkiye'de Yeni Yıl kutlamalarına katılan insanlar,people participating in New Year in Turkey,0.7228
images/TURKEY/celebration/New Year/english/2.jpg,https://medyanews.net/wp-content/uploads/2022/03/20-03-2022-TE118-NEWROZ-CELEBRATIONS-VAN.jpg,TURKEY,celebration,New Year,english,people participating in New Year in Turkey,people participating in New Year in Turkey,0.6859
images/TURKEY/celebration/Oil Wrestling/english/5.jpg,https://travelatelier.com/wp-content/uploads/2017/12/kirkpinar-oil-wrestling-festival.jpg,TURKEY,celebration,Oil Wrestling,english,people participating in Oil Wrestling in Turkey,people participating in Oil Wrestling in Turkey,0.9284
images/TURKEY/celebration/Oil Wrestling/translated/5.jpg,https://img.piri.net/mnresize/712/-/resim/imagecrop/2015/06/02/resized_44b86-9caba11.jpg,TURKEY,celebration,Oil Wrestling,translated,Türkiye'de Yağlı Güreş'e katılan insanlar,people participating in Oil Wrestling in Turkey,0.9239
images/TURKEY/celebration/Oil Wrestling/english/3.jpg,https://images.seattletimes.com/wp-content/uploads/2021/07/urn-publicid-ap-org-9b8cb0cebe63fc2965885e84c6ef5b40Turkey_Oil_Wrestling_81750.jpg?d\u003d780x520,TURKEY,celebration,Oil Wrestling,english,people participating in Oil Wrestling in Turkey,people participating in Oil Wrestling in Turkey,0.9186
images/TURKEY/celebration/Oil Wrestling/translated/2.jpg,https://trthaberstatic.cdn.wp.trt.com.tr/resimler/1868000/tarihi-kirkpinar-yagli-guresleri-aa-1869977.jpg,TURKEY,celebration,Oil Wrestling,translated,Türkiye'de Yağlı Güreş'e katılan insanlar,people participating in Oil Wrestling in Turkey,0.8995
images/TURKEY/celebration/Oil Wrestling/translated/4.png,https://gundemfethiye.com/wp-content/uploads/2024/08/Ekran-goruntusu-2024-08-18-160641-1-860x420.png,TURKEY,celebration,Oil Wrestling,translated,Türkiye'de Yağlı Güreş'e katılan insanlar,people participating in Oil Wrestling in Turkey,0.8919
images/TURKEY/celebration/Ramadan Bayram/english/4.jpg,https://static.euronews.com/articles/stories/08/36/38/98/808x539_cmsv2_c21f4a32-aeca-525e-9c5d-4138cf89ecb1-8363898.jpg,TURKEY,celebration,Ramadan Bayram,english,people participating in Ramadan Bayram in Turkey,people participating in Ramadan Bayram in Turkey,0.8263
images/TURKEY/celebration/Ramadan Bayram/english/3.jpg,https://wanderon-images.gumlet.io/gallery/new/2025/03/25/1742895585948-how-is-ramadan-celebrated-in-turkey.jpg,TURKEY,celebration,Ramadan Bayram,english,people participating in Ramadan Bayram in Turkey,people participating in Ramadan Bayram in Turkey,0.7947
images/TURKEY/celebration/Ramadan Bayram/translated/5.jpg,https://www2.denizli.bel.tr/userfiles/image/r140728174703741.jpg,TURKEY,celebration,Ramadan Bayram,translated,Türkiye'de Ramazan Bayramı'na katılan insanlar,people participating in Ramadan Bayram in Turkey,0.7898
images/TURKEY/celebration/Ramadan Bayram/translated/10.jpg,https://www.aa.com.tr/uploads/userFiles/7fc6ad83-e801-4dd2-b1c1-974abd5a6af0/2022%2FMayis%2F20220502_2_53350860_76505820.jpg,TURKEY,celebration,Ramadan Bayram,translated,Türkiye'de Ramazan Bayramı'na katılan insanlar,people participating in Ramadan Bayram in Turkey,0.7821
images/TURKEY/celebration/Ramadan Bayram/english/8.jpg,https://d3dqioy2sca31t.cloudfront.net/Projects/cms/production/000/000/285/medium/b63785588b31434faba4afb8c7cd7e2b/531_Market.jpg,TURKEY,celebration,Ramadan Bayram,english,people participating in Ramadan Bayram in Turkey,people participating in Ramadan Bayram in Turkey,0.7626
images/TURKEY/celebration/Republic Day/english/4.jpg,https://idsb.tmgrup.com.tr/ly/uploads/images/2024/10/28/352434.jpg,TURKEY,celebration,Republic Day,english,people participating in Republic Day in Turkey,people participating in Republic Day in Turkey,0.852
images/TURKEY/celebration/Republic Day/translated/2.jpg,https://cdn1.ntv.com.tr/gorsel/f5I7xhr1R0CtxtO-gV6QEA.jpg?width\u003d1000\u0026mode\u003dboth\u0026scale\u003dboth\u0026v\u003d1730206583154,TURKEY,celebration,Republic Day,translated,Türkiye'de Cumhuriyet Bayramı'na katılan insanlar,people participating in Republic Day in Turkey,0.8255
images/TURKEY/celebration/Republic Day/english/6.png,https://yetkinreport.com/wp-content/uploads/2023/10/ataturk-1.png,TURKEY,celebration,Republic Day,english,people participating in Republic Day in Turkey,people participating in Republic Day in Turkey,0.8178
images/TURKEY/celebration/Republic Day/english/3.jpg,https://static.bianet.org/system/uploads/1/articles/spot_image/000/233/546/original/Ads%C4%B1z_tasar%C4%B1m.jpg,TURKEY,celebration,Republic Day,english,people participating in Republic Day in Turkey,people participating in Republic Day in Turkey,0.7977
images/TURKEY/celebration/Republic Day/english/7.jpg,https://upload.wikimedia.org/wikipedia/commons/4/43/Protect_Your_Republic_Protest_-_1_%282007-04-14%29.jpg,TURKEY,celebration,Republic Day,english,people participating in Republic Day in Turkey,people participating in Republic Day in Turkey,0.7805
images/TURKEY/celebration/celebration/english/10.jpg,https://upload.wikimedia.org/wikipedia/commons/c/ce/Turkish_general_election%2C_2015_-_Peoples%27_Democratic_Party_%28Turkey%29_Celebration_-_Istanbul_2.jpg,TURKEY,celebration,celebration,english,people participating in a traditional festival or observance in Turkey,people participating in a traditional festival or observance in Turkey,0.7753
images/TURKEY/celebration/celebration/english/8.jpg,https://www.tremglobal.com/uploads/blog/686641518-tekirdag-kiraz.jpg,TURKEY,celebration,celebration,english,people participating in a traditional festival or observance in Turkey,people participating in a traditional festival or observance in Turkey,0.7654
images/TURKEY/celebration/celebration/english/6.jpg,https://www.advantour.com/img/turkey/images/culture.jpg,TURKEY,celebration,celebration,english,people participating in a traditional festival or observance in Turkey,people participating in a traditional festival or observance in Turkey,0.7631
images/TURKEY/celebration/celebration/translated/4.jpg,https://kriterdergi.com/images/news/2019/12/02/tarik-dagli1.jpg,TURKEY,celebration,celebration,translated,Türkiye'de geleneksel bir festivale veya kutlamaya katılan insanlar,people participating in a traditional festival or observance in Turkey,0.7589
images/TURKEY/celebration/celebration/translated/9.jpg,https://img-s1.onedio.com/id-6311f2bb1b0f55cc22d044d9/rev-0/w-600/h-314/f-jpg/s-8f9d860f1f0137ea50776cc4a60a9f98ab1c3f11.jpg,TURKEY,celebration,celebration,translated,Türkiye'de geleneksel bir festivale veya kutlamaya katılan insanlar,people participating in a traditional festival or observance in Turkey,0.7529
images/TURKEY/concert/concert/translated/4.jpg,https://i20.haber7.net/resize/1280x720//haber/haber7/photos/2024/20/qJb72_1716107246_3147.jpg,TURKEY,concert,concert,translated,Türkiye'de konser,concert in Turkey,0.7979
images/TURKEY/concert/concert/translated/10.jpg,https://img-s1.onedio.com/id-6821cd3a975e0267c16c1c1c/rev-0/w-1200/h-675/f-jpg/s-00c8615be3444b4992f7115a0fa5097387583248.jpg,TURKEY,concert,concert,translated,Türkiye'de konser,concert in Turkey,0.7643
images/TURKEY/concert/concert/english/5.jpg,https://miro.medium.com/0*qTLJTo3uD-tlV4l3.jpg,TURKEY,concert,concert,english,concert in Turkey,concert in Turkey,0.7509
images/TURKEY/concert/concert/translated/6.jpg,https://media-cdn.t24.com.tr/media/stories/2015/06/raw_istanbulda-konser-veren-one-republic-turkiyeden-ev-alacak_485711528.jpg,TURKEY,concert,concert,translated,Türkiye'de konser,concert in Turkey,0.7418
images/TURKEY/concert/concert/english/1.jpg,https://www.sabaton.net/wp-content/uploads/2025/04/turkey-istanbul-sabaton-tour-2025-768x960.jpg,TURKEY,concert,concert,english,concert in Turkey,concert in Turkey,0.7154
images/TURKEY/concert/indoor/english/7.jpg,https://dynamic-media-cdn.tripadvisor.com/media/photo-o/17/8b/6a/ab/the-orchestra-on-stage.jpg?w\u003d500\u0026h\u003d500\u0026s\u003d1,TURKEY,concert,indoor,english,indoor concert in Turkey,indoor concert in Turkey,0.8085
images/TURKEY/concert/indoor/translated/4.jpg,https://rayp.adalet.gov.tr/Resimler/405/1224-04-202511-27-am.jpg,TURKEY,concert,indoor,translated,Türkiye'de kapalı alanda konser,indoor concert in Turkey,0.7599
images/TURKEY/concert/indoor/english/8.jpg,https://www.cappadociatoursagency.com/wp-content/uploads/2020/02/turkish-night-show-in-cappadocia-1.jpg,TURKEY,concert,indoor,english,indoor concert in Turkey,indoor concert in Turkey,0.7421
images/TURKEY/concert/indoor/translated/9.png,"https://cdn.bubilet.com.tr/cdn-cgi/image/format\u003dauto,width\u003d1920/https://cdn.bubilet.com.tr/files/Blog/resim-adi-41598.png",TURKEY,concert,indoor,translated,Türkiye'de kapalı alanda konser,indoor concert in Turkey,0.7213
images/TURKEY/concert/indoor/translated/3.jpeg,http://www.eskisehir.bel.tr/img_icerik/2025/big-11059-1-2025-04-28-1745834773.jpeg,TURKEY,concert,indoor,translated,Türkiye'de kapalı alanda konser,indoor concert in Turkey,0.706
images/TURKEY/concert/outdoor/translated/1.jpg,https://www.bubilet.com.tr/files/Mekan/harbiye-cemil-topuzlu-acikhava-tiyatrosu-18332.jpg,TURKEY,concert,outdoor,translated,Türkiye'de açık havada konser,outdoor concert in Turkey,0.7587
images/TURKEY/concert/outdoor/translated/5.jpg,https://pervasizcomtr.teimg.com/crop/1280x720/pervasiz-com-tr/uploads/2024/07/05-07-24-acik-hava.jpg,TURKEY,concert,outdoor,translated,Türkiye'de açık havada konser,outdoor concert in Turkey,0.7506
images/TURKEY/concert/outdoor/translated/9.jpg,https://muzikonair.com/wp-content/uploads/2020/09/acik-hava-konserleri-neden-iptal-edildi.jpg,TURKEY,concert,outdoor,translated,Türkiye'de açık havada konser,outdoor concert in Turkey,0.7486
images/TURKEY/concert/outdoor/translated/2.jpg,https://blog.biletino.com/inc/uploads/2022/05/rock-n-coke-2005-biletino.jpg,TURKEY,concert,outdoor,translated,Türkiye'de açık havada konser,outdoor concert in Turkey,0.7438
images/TURKEY/concert/outdoor/english/9.jpg,https://media.holidify.com/images/cmsuploads/compressed/5204759323500036485618696972584589910867968n_20240805112703.jpg,TURKEY,concert,outdoor,english,outdoor concert in Turkey,outdoor concert in Turkey,0.7369
images/TURKEY/dancing/Bar/english/1.jpg,https://dynamic-media-cdn.tripadvisor.com/media/photo-o/1c/1a/5f/d6/12.jpg?w\u003d900\u0026h\u003d500\u0026s\u003d1,TURKEY,dancing,Bar,english,people dancing Bar in Turkey,people dancing Bar in Turkey,0.8253
images/TURKEY/dancing/Bar/translated/3.jpg,https://image.milimaj.com/i/milliyet/75/869x477/68508c65582529acd0a3ee9d.jpg,TURKEY,dancing,Bar,translated,Türkiye'de Bar dansı yapan insanlar,people dancing Bar in Turkey,0.7961
images/TURKEY/dancing/Bar/translated/8.jpg,https://i.ytimg.com/vi/YblxrRbCya8/hq720_2.jpg?sqp\u003d-oaymwE7CK4FEIIDSFryq4qpAy0IARUAAAAAGAAlAADIQj0AgKJD8AEB-AG2CIACgA-KAgwIABABGH8gNygTMA8\u003d\u0026rs\u003dAOn4CLB8Pu6aAu1XWClo6cOYLRh6cBgrAA,TURKEY,dancing,Bar,translated,Türkiye'de Bar dansı yapan insanlar,people dancing Bar in Turkey,0.7884
images/TURKEY/dancing/Bar/translated/1.jpg,https://image.cnnturk.com/i/cnnturk/75/740x416/59679696ae78491730d9c6ef.jpg,TURKEY,dancing,Bar,translated,Türkiye'de Bar dansı yapan insanlar,people dancing Bar in Turkey,0.7751
images/TURKEY/dancing/Bar/translated/6.jpg,https://cdn.baskagazete.com/haber/2024/02/20/89752-damsiz-girilmez-mahkemeye-tasindi-eglence-mekanlarinda-yeni-donem-65d4504d00b0c.jpg,TURKEY,dancing,Bar,translated,Türkiye'de Bar dansı yapan insanlar,people dancing Bar in Turkey,0.7728
images/TURKEY/dancing/Dervish dance/english/9.jpeg,https://www.erikastravels.com/wp-content/uploads/2024/07/Konya-dervishes-2.jpeg,TURKEY,dancing,Dervish dance,english,people performing Dervish dance in Turkey,people performing Dervish dance in Turkey,0.9306
images/TURKEY/dancing/Dervish dance/english/6.jpg,https://cdn.madeinturkeytours.com/wp-content/uploads/2022/06/whirling-dervishes-festival-konya.jpg,TURKEY,dancing,Dervish dance,english,people performing Dervish dance in Turkey,people performing Dervish dance in Turkey,0.914
images/TURKEY/dancing/Dervish dance/english/10.jpg,https://dynamic-media-cdn.tripadvisor.com/media/photo-o/30/4c/dc/8e/caption.jpg?w\u003d800\u0026h\u003d400\u0026s\u003d1,TURKEY,dancing,Dervish dance,english,people performing Dervish dance in Turkey,people performing Dervish dance in Turkey,0.9021
images/TURKEY/dancing/Dervish dance/translated/10.jpg,https://dynamic-media-cdn.tripadvisor.com/media/photo-o/19/80/6f/c6/photo3jpg.jpg?w\u003d1200\u0026h\u003d1200\u0026s\u003d1,TURKEY,dancing,Dervish dance,translated,Türkiye'de Semazen dansı yapan insanlar,people performing Dervish dance in Turkey,0.881
images/TURKEY/dancing/Dervish dance/english/1.jpg,https://soniarevankar.wordpress.com/wp-content/uploads/2011/12/sema-whirling-dervishes-ceremony2.jpg?w\u003d640,TURKEY,dancing,Dervish dance,english,people performing Dervish dance in Turkey,people performing Dervish dance in Turkey,0.8794
images/TURKEY/dancing/Halay/english/8.jpg,https://eventsofistanbul.com/wp-content/uploads/2020/12/turkish-folk-dance-lesson-workshop-masterclass-istanbul-13.jpg,TURKEY,dancing,Halay,english,people dancing Halay in Turkey,people dancing Halay in Turkey,0.8467
images/TURKEY/dancing/Halay/english/3.jpg,https://web.itu.edu.tr/aksind/Personal/dance/thracia4.jpg,TURKEY,dancing,Halay,english,people dancing Halay in Turkey,people dancing Halay in Turkey,0.8219
images/TURKEY/dancing/Halay/translated/6.jpg,https://lapsusdergi.com/wp-content/uploads/2021/09/Antep-1024x639.jpg,TURKEY,dancing,Halay,translated,Türkiye'de Halay dansı yapan insanlar,people dancing Halay in Turkey,0.8172
images/TURKEY/dancing/Halay/translated/8.jpg,https://www.evrensel.net/upload/dosya/267965.jpg,TURKEY,dancing,Halay,translated,Türkiye'de Halay dansı yapan insanlar,people dancing Halay in Turkey,0.8006
images/TURKEY/dancing/Halay/english/6.jpg,https://www.advantour.com/img/turkey/culture/turkish-dances.jpg,TURKEY,dancing,Halay,english,people dancing Halay in Turkey,people dancing Halay in Turkey,0.7838
images/TURKEY/dancing/Horon/english/4.jpg,https://eventsofistanbul.com/wp-content/uploads/2020/12/turkish-folk-dance-lesson-workshop-masterclass-istanbul-13.jpg,TURKEY,dancing,Horon,english,people dancing Horon in Turkey,people dancing Horon in Turkey,0.8377
images/TURKEY/dancing/Horon/translated/1.png,https://tufag.org.tr/wp-content/uploads/2017/10/karadeniz-repertuar.png,TURKEY,dancing,Horon,translated,Türkiye'de Horon dansı yapan insanlar,people dancing Horon in Turkey,0.7985
images/TURKEY/dancing/Horon/english/6.jpg,http://www.reflectionsenroute.com/wp-content/uploads/2013/06/laz.jpg,TURKEY,dancing,Horon,english,people dancing Horon in Turkey,people dancing Horon in Turkey,0.7852
images/TURKEY/dancing/Horon/english/2.jpg,https://www.advantour.com/img/turkey/culture/turkish-dances.jpg,TURKEY,dancing,Horon,english,people dancing Horon in Turkey,people dancing Horon in Turkey,0.7772
images/TURKEY/dancing/Horon/translated/3.png,"https://rize.ktb.gov.tr/Resim/120120,horon-2.png?0",TURKEY,dancing,Horon,translated,Türkiye'de Horon dansı yapan insanlar,people dancing Horon in Turkey,0.754
images/TURKEY/dancing/Spoon Dance/translated/5.jpg,https://www.gigbi.com/cdn/image/category/710/folklor-ekibi-1.jpg,TURKEY,dancing,Spoon Dance,translated,Türkiye'de Kaşık Dansı yapan insanlar,people performing Spoon Dance in Turkey,0.8463
images/TURKEY/dancing/Spoon Dance/translated/7.jpg,https://i.ytimg.com/vi/R9tyvPjEebs/maxresdefault.jpg,TURKEY,dancing,Spoon Dance,translated,Türkiye'de Kaşık Dansı yapan insanlar,people performing Spoon Dance in Turkey,0.8331
images/TURKEY/dancing/Spoon Dance/english/3.jpg,https://web.itu.edu.tr/aksind/Personal/dance/thracia3.jpg,TURKEY,dancing,Spoon Dance,english,people performing Spoon Dance in Turkey,people performing Spoon Dance in Turkey,0.8242
images/TURKEY/dancing/Spoon Dance/english/2.jpg,https://i.pinimg.com/736x/25/17/b1/2517b151cee5a150f0463b7c4cf8e38e.jpg,TURKEY,dancing,Spoon Dance,english,people performing Spoon Dance in Turkey,people performing Spoon Dance in Turkey,0.8014
images/TURKEY/dancing/Spoon Dance/english/1.jpg,https://web.itu.edu.tr/aksind/Personal/dance/thracia4.jpg,TURKEY,dancing,Spoon Dance,english,people performing Spoon Dance in Turkey,people performing Spoon Dance in Turkey,0.7981
images/TURKEY/dancing/Zeybek/translated/9.jpg,"https://static.wixstatic.com/media/5ce564_21e228fac78149ffae5857663ebd491e~mv2.jpg/v1/crop/x_2,y_0,w_451,h_451/fill/w_280,h_280,al_c,q_80,usm_0.66_1.00_0.01,enc_avif,quality_auto/zeybek-ekibi-1.jpg",TURKEY,dancing,Zeybek,translated,Türkiye'de Zeybek dansı yapan insanlar,people dancing Zeybek in Turkey,0.8266
images/TURKEY/dancing/Zeybek/english/4.jpg,https://eventsofistanbul.com/wp-content/uploads/2020/12/turkish-folk-dance-lesson-workshop-masterclass-istanbul-13.jpg,TURKEY,dancing,Zeybek,english,people dancing Zeybek in Turkey,people dancing Zeybek in Turkey,0.7989
images/TURKEY/dancing/Zeybek/english/6.jpg,https://upload.wikimedia.org/wikipedia/commons/a/aa/Dursunbey_Barana_ekibi.jpg,TURKEY,dancing,Zeybek,english,people dancing Zeybek in Turkey,people dancing Zeybek in Turkey,0.7654
images/TURKEY/dancing/Zeybek/translated/10.jpg,https://metinhan.com.tr/dosyalar/zeybekcesitleri-3177.jpg,TURKEY,dancing,Zeybek,translated,Türkiye'de Zeybek dansı yapan insanlar,people dancing Zeybek in Turkey,0.7432
images/TURKEY/dancing/Zeybek/english/10.jpg,https://i.pinimg.com/474x/fa/da/c9/fadac9ca1b1c5da33fc2847cf7d9d146.jpg,TURKEY,dancing,Zeybek,english,people dancing Zeybek in Turkey,people dancing Zeybek in Turkey,0.7356
images/TURKEY/dancing/dancing/english/5.jpg,https://idsb.tmgrup.com.tr/ly/uploads/images/2022/05/19/206531.jpg,TURKEY,dancing,dancing,english,people dancing in Turkey,people dancing in Turkey,0.793
images/TURKEY/dancing/dancing/english/3.jpg,https://i.ytimg.com/vi/qI3Q6zGfZaM/maxresdefault.jpg,TURKEY,dancing,dancing,english,people dancing in Turkey,people dancing in Turkey,0.7896
images/TURKEY/dancing/dancing/translated/10.png,https://static.daktilo.com/sites/1514/uploads/2025/01/07/ekran-goruntusu-2025-01-07-132731.png,TURKEY,dancing,dancing,translated,Türkiye'de dans eden insanlar,people dancing in Turkey,0.7576
images/TURKEY/dancing/dancing/translated/6.jpg,https://p2.piqsels.com/preview/744/684/887/dance-dervishes-turkey-konya.jpg,TURKEY,dancing,dancing,translated,Türkiye'de dans eden insanlar,people dancing in Turkey,0.7435
images/TURKEY/dancing/dancing/english/1.jpg,https://www.advantour.com/img/turkey/culture/turkish-dances.jpg,TURKEY,dancing,dancing,english,people dancing in Turkey,people dancing in Turkey,0.7347
images/TURKEY/eating/eating/english/4.jpg,https://www.mondomulia.com/wp-content/uploads/2016/02/Istanbul-Turkey-33-700x467.jpg,TURKEY,eating,eating,english,people eating food in Turkey,people eating food in Turkey,0.8259
images/TURKEY/eating/eating/translated/10.jpg,https://img-s1.onedio.com/id-5a5498d14f14c6a30e0b2cfb/rev-0/w-600/h-351/f-jpg/s-452ee2423d90bc7127bd22a4abda0762d1736927.jpg,TURKEY,eating,eating,translated,Türkiye'de yemek yiyen insanlar,people eating food in Turkey,0.7427
images/TURKEY/eating/eating/english/3.jpg,https://img.theepochtimes.com/assets/uploads/2018/11/12/operation-turkey-top-photo-700x530.jpg,TURKEY,eating,eating,english,people eating food in Turkey,people eating food in Turkey,0.6737
images/TURKEY/eating/eating/english/7.png,https://www.bohemianbaklava.com/wp-content/uploads/2021/01/the-health-benefits-of-turkish-cuisine-6.png,TURKEY,eating,eating,english,people eating food in Turkey,people eating food in Turkey,0.6705
images/TURKEY/eating/eating/english/10.jpg,https://i.ytimg.com/vi/juWJMvAaTOc/hq720.jpg?sqp\u003d-oaymwEhCK4FEIIDSFryq4qpAxMIARUAAAAAGAElAADIQj0AgKJD\u0026rs\u003dAOn4CLBr0VurZg5NLL22A2OpIDMSvXqBpg,TURKEY,eating,eating,english,people eating food in Turkey,people eating food in Turkey,0.6489
images/TURKEY/eating/home/english/4.jpg,https://i.ytimg.com/vi/gOujKKRvEj8/hqdefault.jpg?v\u003d61650f2e,TURKEY,eating,home,english,people eating food at home in Turkey,people eating food at home in Turkey,0.8317
images/TURKEY/eating/home/english/5.jpg,https://www.pelago.com/img/products/TR-Turkey/turkish-home-cooking-class-in-cappadocia-with-hotel-transfers/e9f5dfc3-be67-42f6-9535-054a2fd6ba86_turkish-home-cooking-class-in-cappadocia-with-hotel-transfers.jpg,TURKEY,eating,home,english,people eating food at home in Turkey,people eating food at home in Turkey,0.8038
images/TURKEY/eating/home/english/7.jpg,https://yummyistanbul.com/wp-content/uploads/2021/06/cig-kofte-turkish-raw-meatballs.jpg,TURKEY,eating,home,english,people eating food at home in Turkey,people eating food at home in Turkey,0.7423
images/TURKEY/eating/home/english/9.jpg,"https://res.klook.com/images/fl_lossy.progressive,q_65/c_fill,w_1280,h_960/w_79,x_14,y_14,g_south_west,l_Klook_water_br_trans_yhcmh3/activities/vwoddjq5tybi6lkcgbv8/AuthenticTurkishHomeDinnerExperiencewithaLocalFamily.jpg",TURKEY,eating,home,english,people eating food at home in Turkey,people eating food at home in Turkey,0.7184
images/TURKEY/eating/home/english/8.png,https://www.bohemianbaklava.com/wp-content/uploads/2021/01/the-health-benefits-of-turkish-cuisine-6.png,TURKEY,eating,home,english,people eating food at home in Turkey,people eating food at home in Turkey,0.6796
images/TURKEY/eating/restaurant/english/1.jpg,https://i.ytimg.com/vi/gsWtcpFFK_g/hq720.jpg?sqp\u003d-oaymwEhCK4FEIIDSFryq4qpAxMIARUAAAAAGAElAADIQj0AgKJD\u0026rs\u003dAOn4CLBuKcSwRPMBQVVIUjSBLGkoMKjFKw,TURKEY,eating,restaurant,english,people eating food in restaurant in Turkey,people eating food in restaurant in Turkey,0.7937
images/TURKEY/eating/restaurant/translated/4.jpg,https://cdn.img.anlatilaninotesi.com.tr/img/07e5/03/02/1043935653_0:0:1000:563_1920x0_80_0_0_19fb01b29ea380f00898b8c05e83f7b2.jpg,TURKEY,eating,restaurant,translated,Türkiye'de restoranda yemek yiyen insanlar,people eating food in restaurant in Turkey,0.7897
images/TURKEY/eating/restaurant/translated/10.jpg,https://www.istanbulmakina.com.tr/wp-content/uploads/2024/03/istanbul-makina-iftar-yemegi-2024.jpg,TURKEY,eating,restaurant,translated,Türkiye'de restoranda yemek yiyen insanlar,people eating food in restaurant in Turkey,0.7559
images/TURKEY/eating/restaurant/translated/3.jpg,https://foto.haberler.com/haber/2024/10/11/giden-herkesin-bugunlerde-pisman-oldugu-kofteci-17920618_7057_amp.jpg,TURKEY,eating,restaurant,translated,Türkiye'de restoranda yemek yiyen insanlar,people eating food in restaurant in Turkey,0.712
images/TURKEY/eating/restaurant/translated/2.jpg,https://cdn.iha.com.tr/Contents/images/2024/04/03/20240403aw175740-0.jpg,TURKEY,eating,restaurant,translated,Türkiye'de restoranda yemek yiyen insanlar,people eating food in restaurant in Turkey,0.7013
images/TURKEY/funeral/funeral/translated/4.jpeg,https://haberetkin.com/wp-content/uploads/2025/04/CHP-Lideri-Ozel-Volkan-Konakin-cenazesine-katildi-Istanbulun-iradesine-yapilan-darbeye-ilk-tepkiyi-veren-sanatcilardandi-4.jpeg,TURKEY,funeral,funeral,translated,Türkiye'de cenaze törenine katılan insanlar,people attending a funeral ceremony in Turkey,0.8973
images/TURKEY/funeral/funeral/translated/2.jpg,https://img.gercekgundem.com/rcman/Cw820h462q95gm/storage/files/images/2025/01/22/cenaze-8c7p.jpg,TURKEY,funeral,funeral,translated,Türkiye'de cenaze törenine katılan insanlar,people attending a funeral ceremony in Turkey,0.8173
images/TURKEY/funeral/funeral/english/10.jpg,http://blogs.ft.com/photo-diary/files/2015/10/ankara.jpg,TURKEY,funeral,funeral,english,people attending a funeral ceremony in Turkey,people attending a funeral ceremony in Turkey,0.8119
images/TURKEY/funeral/funeral/english/7.jpg,https://turkishminute.com/wp-content/uploads/2025/01/AFP__20250122__36VB6KY__v4__Preview__TurkeyFireTourism-1068x712.jpg,TURKEY,funeral,funeral,english,people attending a funeral ceremony in Turkey,people attending a funeral ceremony in Turkey,0.8009
images/TURKEY/funeral/funeral/english/4.jpg,https://gdb.voanews.com/466f7927-5ac7-4398-a1a2-fb2349a89207_w408_s.jpg,TURKEY,funeral,funeral,english,people attending a funeral ceremony in Turkey,people attending a funeral ceremony in Turkey,0.7802
images/TURKEY/game/Mangala/english/3.jpg,https://miro.medium.com/0*QvHAw8jTwsZQI6PC.jpg,TURKEY,game,Mangala,english,people playing Mangala in Turkey,people playing Mangala in Turkey,0.764
images/TURKEY/game/Mangala/translated/2.jpg,"https://static.wixstatic.com/media/2326a2_bfda91577e98425eb78a4fa8515d83a4~mv2.jpg/v1/fill/w_280,h_186,al_c,q_80,usm_0.66_1.00_0.01,enc_avif,quality_auto/215546_209109875774785_3718827_n.jpg",TURKEY,game,Mangala,translated,Türkiye'de Mangala oynayan insanlar,people playing Mangala in Turkey,0.7567
images/TURKEY/game/Mangala/translated/1.jpg,https://img-s1.onedio.com/id-60811164f2bbd7242ad91cdb/rev-0/raw/s-47c9fd63d0493bb2789e23466a7d8775bb5af85d.jpg,TURKEY,game,Mangala,translated,Türkiye'de Mangala oynayan insanlar,people playing Mangala in Turkey,0.6823
images/TURKEY/game/Mangala/translated/6.jpg,http://www.abdulvahapkara.com/wp-content/uploads/2012/11/mangala%20osm4.jpg,TURKEY,game,Mangala,translated,Türkiye'de Mangala oynayan insanlar,people playing Mangala in Turkey,0.6807
images/TURKEY/game/Mangala/translated/3.jpg,https://www.gookulu.com/wp-content/uploads/1582-Istanbul-Sehzade-Mehmetin-sunnet-dugunu-Surnamei-Humayun-Esnaf-Alayi.jpg,TURKEY,game,Mangala,translated,Türkiye'de Mangala oynayan insanlar,people playing Mangala in Turkey,0.6783
images/TURKEY/game/Okey/translated/10.jpg,https://cdn1.ntv.com.tr/gorsel/RQHqOmFzGkeWFITgJ9LbCw.jpg?width\u003d952\u0026height\u003d540\u0026mode\u003dboth\u0026scale\u003dboth,TURKEY,game,Okey,translated,Türkiye'de Okey oynayan insanlar,people playing Okey in Turkey,0.8521
images/TURKEY/game/Okey/translated/4.jpg,https://www.gazete3.com.tr/wp-content/uploads/2024/05/AA-20240518-34601319-34601316-AYDINDA_KAHVEHANELERDEKI_OKEY_ISTAKALARINA_KADINA_EL_KALKAMAZ_CIKARTMASI-scaled.jpg,TURKEY,game,Okey,translated,Türkiye'de Okey oynayan insanlar,people playing Okey in Turkey,0.818
images/TURKEY/game/Okey/translated/3.jpg,https://i12.haber7.net//fotogaleri/haber7/video/player/2024/12/okey_masasina_arkadas_bulamadi_4_kisilik_oyunu_tek_basina_oynadi_1710760795_1658.jpg,TURKEY,game,Okey,translated,Türkiye'de Okey oynayan insanlar,people playing Okey in Turkey,0.7961
images/TURKEY/game/Okey/english/2.jpg,https://static.vecteezy.com/system/resources/previews/031/029/655/large_2x/a-group-of-men-drink-traditional-turkish-tea-and-play-a-turkish-game-called-okey-photo.jpg,TURKEY,game,Okey,english,people playing Okey in Turkey,people playing Okey in Turkey,0.7742
images/TURKEY/game/Okey/translated/1.jpg,https://www.diken.com.tr/wp-content/uploads/2016/12/okey.jpg,TURKEY,game,Okey,translated,Türkiye'de Okey oynayan insanlar,people playing Okey in Turkey,0.7676
images/TURKEY/game/Seven Stones/translated/6.jpg,https://bizimgazete.bg/sites/default/files/field/image/16456.jpg,TURKEY,game,Seven Stones,translated,Türkiye'de Yedi Taş oynayan insanlar,people playing Seven Stones in Turkey,0.8013
images/TURKEY/game/Seven Stones/translated/3.png,https://static.daktilo.com/sites/59/uploads/2021/06/18/yedi-kule-oyunu.png,TURKEY,game,Seven Stones,translated,Türkiye'de Yedi Taş oynayan insanlar,people playing Seven Stones in Turkey,0.763
images/TURKEY/game/Seven Stones/translated/8.jpg,https://i.ytimg.com/vi/gTYMs_sB4kY/maxresdefault.jpg,TURKEY,game,Seven Stones,translated,Türkiye'de Yedi Taş oynayan insanlar,people playing Seven Stones in Turkey,0.6995
images/TURKEY/game/Seven Stones/english/7.jpg,https://c1.mediamax.am/datas/znews/big_/2024/06/1719232342_6008913.jpg,TURKEY,game,Seven Stones,english,people playing Seven Stones in Turkey,people playing Seven Stones in Turkey,0.6838
images/TURKEY/game/Seven Stones/english/9.jpg,http://www.anatolianarchaeology.net/wp-content/uploads/2025/01/Hadrianopolis.jpg,TURKEY,game,Seven Stones,english,people playing Seven Stones in Turkey,people playing Seven Stones in Turkey,0.6394
images/TURKEY/game/Soccer/translated/2.png,https://gdb.voanews.com/326B8862-1701-4866-BA0D-8A867709C30A_w408_r1_s.png,TURKEY,game,Soccer,translated,Türkiye'de futbol oynayan insanlar,people playing soccer in Turkey,0.8015
images/TURKEY/game/Soccer/english/1.jpg,https://world.time.com/wp-content/uploads/sites/17/2013/04/turkey_soccer.jpg?w\u003d480\u0026h\u003d320\u0026crop\u003d1,TURKEY,game,Soccer,english,people playing soccer in Turkey,people playing soccer in Turkey,0.7364
images/TURKEY/game/Soccer/translated/4.jpg,https://www.konhaber.com/sahifeler/upload/2022/12/03/1670073896.jpg,TURKEY,game,Soccer,translated,Türkiye'de futbol oynayan insanlar,people playing soccer in Turkey,0.6562
images/TURKEY/game/Soccer/translated/6.jpg,https://upload.wikimedia.org/wikipedia/commons/3/3c/Stamps_of_Azerbaijan%2C_2002-627.jpg,TURKEY,game,Soccer,translated,Türkiye'de futbol oynayan insanlar,people playing soccer in Turkey,0.6277
images/TURKEY/game/Soccer/english/8.jpg,https://static.foxnews.com/foxnews.com/content/uploads/2019/10/AP19287747721763.jpg,TURKEY,game,Soccer,english,people playing soccer in Turkey,people playing soccer in Turkey,0.6022
images/TURKEY/game/Tavla/english/2.jpg,https://mrphilrobinson.wordpress.com/wp-content/uploads/2015/09/tavla1.jpg?w\u003d640,TURKEY,game,Tavla,english,people playing Tavla in Turkey,people playing Tavla in Turkey,0.778
images/TURKEY/game/Tavla/translated/1.jpg,https://pbs.twimg.com/media/ChrrQxlUkAAWMXn.jpg,TURKEY,game,Tavla,translated,Türkiye'de Tavla oynayan insanlar,people playing Tavla in Turkey,0.6766
images/TURKEY/game/Tavla/translated/3.jpg,https://i.pinimg.com/736x/fb/7b/4c/fb7b4c04ad6469a842b6b9b6a6d5a5d2.jpg,TURKEY,game,Tavla,translated,Türkiye'de Tavla oynayan insanlar,people playing Tavla in Turkey,0.6762
images/TURKEY/game/Tavla/english/1.jpg,https://idsb.tmgrup.com.tr/ly/uploads/images/2024/06/30/334524.jpg,TURKEY,game,Tavla,english,people playing Tavla in Turkey,people playing Tavla in Turkey,0.662
images/TURKEY/game/Tavla/english/10.jpg,https://toursaroundturkey.com/wp-content/uploads/2021/09/Turkish-Backgammon.jpg,TURKEY,game,Tavla,english,people playing Tavla in Turkey,people playing Tavla in Turkey,0.6581
images/TURKEY/game/game/english/2.jpg,https://en.chessbase.com/Portals/4/files/news/2015/ff/turkey06.jpg,TURKEY,game,game,english,people playing game in Turkey,people playing game in Turkey,0.825
images/TURKEY/game/game/english/10.jpg,https://static.vecteezy.com/system/resources/previews/031/029/666/non_2x/a-group-of-men-drink-traditional-turkish-tea-and-play-a-turkish-game-called-okey-photo.jpg,TURKEY,game,game,english,people playing game in Turkey,people playing game in Turkey,0.7684
images/TURKEY/game/game/english/5.jpg,https://www.hecktictravels.com/wp-content/uploads/2012/06/Okey.jpg,TURKEY,game,game,english,people playing game in Turkey,people playing game in Turkey,0.7516
images/TURKEY/game/game/translated/3.jpg,https://cdn.karar.com/news/1667160.jpg,TURKEY,game,game,translated,Türkiye'de oyun oynayan insanlar,people playing game in Turkey,0.7489
images/TURKEY/game/game/english/9.jpg,https://en.chessbase.com/Portals/4/files/news/2015/ff/turkey07.jpg,TURKEY,game,game,english,people playing game in Turkey,people playing game in Turkey,0.7377
images/TURKEY/greeting/cheek kiss/english/8.jpg,https://d32ex7notsszg6.cloudfront.net/img/content/124739-849x565-cheek-kiss.jpg,TURKEY,greeting,cheek kiss,english,two people greeting with cheek kiss in Turkey,two people greeting with cheek kiss in Turkey,0.743
images/TURKEY/greeting/cheek kiss/english/10.jpg,https://i.dailymail.co.uk/1s/2023/08/16/10/74372709-12412275-image-m-18_1692178314803.jpg,TURKEY,greeting,cheek kiss,english,two people greeting with cheek kiss in Turkey,two people greeting with cheek kiss in Turkey,0.7075
images/TURKEY/greeting/cheek kiss/translated/4.jpg,https://serkanuygur.com.tr/wp-content/uploads/2017/12/serkan-uygur-kc3bcltc3bcrel-selamlac59fma.jpg?w\u003d474,TURKEY,greeting,cheek kiss,translated,Türkiye'de yanaktan öperek selamlaşan iki kişi,two people greeting with cheek kiss in Turkey,0.7019
images/TURKEY/greeting/cheek kiss/translated/8.jpg,https://seniorsvoiceplus.eu/wp-content/uploads/2022/01/6175eec245d2a0a104197960-1.jpg,TURKEY,greeting,cheek kiss,translated,Türkiye'de yanaktan öperek selamlaşan iki kişi,two people greeting with cheek kiss in Turkey,0.7018
images/TURKEY/greeting/cheek kiss/english/1.png,http://eurotalk.com/blog/wp-content/uploads/2015/08/kiss.png,TURKEY,greeting,cheek kiss,english,two people greeting with cheek kiss in Turkey,two people greeting with cheek kiss in Turkey,0.6998
images/TURKEY/greeting/elder hand-kiss/translated/6.jpg,https://i.ytimg.com/vi/-JdTIdXKGSo/oar2.jpg?sqp\u003d-oaymwEYCJUDENAFSFqQAgHyq4qpAwcIARUAAIhC\u0026rs\u003dAOn4CLBwrWj7sm-xNUNNq8CRFDveMw18Aw,TURKEY,greeting,elder hand-kiss,translated,Türkiye'de yaşlının elini öperek selamlaşan kişi,person greeting by kissing elder's hand in Turkey,0.8017
images/TURKEY/greeting/elder hand-kiss/english/2.jpg,https://www.insideoutinistanbul.com/wp-content/uploads/2022/02/Mustafa-Mhar-Bey-Akbil-guy-scaled.jpg,TURKEY,greeting,elder hand-kiss,english,person greeting by kissing elder's hand in Turkey,person greeting by kissing elder's hand in Turkey,0.7439
images/TURKEY/greeting/elder hand-kiss/english/9.jpg,https://i.ytimg.com/vi/x5SovyAdgGI/hqdefault.jpg,TURKEY,greeting,elder hand-kiss,english,person greeting by kissing elder's hand in Turkey,person greeting by kissing elder's hand in Turkey,0.7297
images/TURKEY/greeting/elder hand-kiss/translated/3.jpg,https://serkanuygur.com.tr/wp-content/uploads/2017/12/serkan-uygur-kc3bcltc3bcrel-selamlac59fma.jpg?w\u003d474,TURKEY,greeting,elder hand-kiss,translated,Türkiye'de yaşlının elini öperek selamlaşan kişi,person greeting by kissing elder's hand in Turkey,0.6786
images/TURKEY/greeting/elder hand-kiss/translated/5.jpg,http://samsunekiphaber.com/upload/news/mhp-samsun-dan-tekkekoy-ve-salipazari-ziyareti_1.jpg,TURKEY,greeting,elder hand-kiss,translated,Türkiye'de yaşlının elini öperek selamlaşan kişi,person greeting by kissing elder's hand in Turkey,0.6711
images/TURKEY/greeting/greeting/translated/8.jpg,https://www.ilgazetesi.com.tr/d/other/2025/08/22/ahmet2.jpg,TURKEY,greeting,greeting,translated,Türkiye'de selamlaşan insanlar,people greeting in Turkey,0.7408
images/TURKEY/greeting/greeting/english/1.jpg,https://storylearning.com/wp-content/uploads/2022/11/Couple-standing-on-rock-next-to-Turkish-flag.jpg,TURKEY,greeting,greeting,english,people greeting in Turkey,people greeting in Turkey,0.7098
images/TURKEY/greeting/greeting/translated/7.jpg,https://www.mersin.bel.tr/uploads/images/56157920240618201249.jpg,TURKEY,greeting,greeting,translated,Türkiye'de selamlaşan insanlar,people greeting in Turkey,0.6647
images/TURKEY/greeting/greeting/translated/5.jpg,http://mersinmozaik.com/haberler/resimler/275/bd3b5fb3-9914-47ef-b833-483e2a9eb67f.jpg,TURKEY,greeting,greeting,translated,Türkiye'de selamlaşan insanlar,people greeting in Turkey,0.6589
images/TURKEY/greeting/greeting/translated/2.jpg,https://gazeteeksprescom.teimg.com/crop/1280x720/gazeteekspres-com/uploads/2025/06/resim1-15.jpg,TURKEY,greeting,greeting,translated,Türkiye'de selamlaşan insanlar,people greeting in Turkey,0.6345
images/TURKEY/greeting/hand over heart/translated/10.jpg,https://d38vousazc6cao.cloudfront.net/Images/Shop/9/Product/24407/400/b890cb6c55314558a057ef67c5624ed4.jpg,TURKEY,greeting,hand over heart,translated,Türkiye'de eli kalbine koyarak selamlaşan kişi,person greeting with hand over heart in Turkey,0.5927
images/TURKEY/greeting/hand over heart/translated/3.jpg,https://drahmetkarabulut.com/wp-content/uploads/2010/03/kalp-krizi-nedir-696x464.jpg,TURKEY,greeting,hand over heart,translated,Türkiye'de eli kalbine koyarak selamlaşan kişi,person greeting with hand over heart in Turkey,0.5637
images/TURKEY/greeting/hand over heart/english/7.jpg,https://aspaniardinturkey.wordpress.com/wp-content/uploads/2014/02/dsc_0332.jpg,TURKEY,greeting,hand over heart,english,person greeting with hand over heart in Turkey,person greeting with hand over heart in Turkey,0.5629
images/TURKEY/greeting/hand over heart/english/9.png,https://images.squarespace-cdn.com/content/v1/51c10fdee4b03e12b82037b5/1466b351-c315-4e62-80cc-6d0ddcd69c43/2023+Turkey+Hand_001.png,TURKEY,greeting,hand over heart,english,person greeting with hand over heart in Turkey,person greeting with hand over heart in Turkey,0.539
images/TURKEY/greeting/hand over heart/translated/2.jpg,https://tanitim.bilecik.edu.tr/kamp%C3%BCs/files/mobile/1.jpg?250701171123,TURKEY,greeting,hand over heart,translated,Türkiye'de eli kalbine koyarak selamlaşan kişi,person greeting with hand over heart in Turkey,0.5346
images/TURKEY/greeting/handshake/english/2.jpg,https://en.people.cn/mediafile/pic/BIG/20250831/68/5531813943021428468.jpg,TURKEY,greeting,handshake,english,two people greeting with handshake in Turkey,two people greeting with handshake in Turkey,0.7697
images/TURKEY/greeting/handshake/english/1.jpg,https://static-cdn.toi-media.com/www/uploads/2025/04/AP25073552147447.jpg,TURKEY,greeting,handshake,english,two people greeting with handshake in Turkey,two people greeting with handshake in Turkey,0.7683
images/TURKEY/greeting/handshake/english/7.jpg,https://images.theconversation.com/files/668391/original/file-20250516-56-452iuo.jpg?ixlib\u003drb-4.1.0\u0026rect\u003d0%2C101%2C3213%2C1807\u0026q\u003d20\u0026auto\u003dformat\u0026w\u003d320\u0026fit\u003dclip\u0026dpr\u003d2\u0026usm\u003d12\u0026cs\u003dstrip,TURKEY,greeting,handshake,english,two people greeting with handshake in Turkey,two people greeting with handshake in Turkey,0.7631
images/TURKEY/greeting/handshake/translated/8.jpg,https://img.yeniankara.com.tr/rcman/Cw1280h720q95gc/storage/files/images/2025/05/06/aa-20250506-37864587-37864582-cumhurbaskani-erdogan-mhp-genel-baskani-bahceli-ile-gorustu-04db.jpg,TURKEY,greeting,handshake,translated,Türkiye'de tokalaşarak selamlaşan iki kişi,two people greeting with handshake in Turkey,0.7558
images/TURKEY/greeting/handshake/english/4.jpg,https://s.france24.com/media/display/0a4caca6-cb5e-11ee-9eaf-005056a97e36/w:1280/p:16x9/AP24045586750283.jpg,TURKEY,greeting,handshake,english,two people greeting with handshake in Turkey,two people greeting with handshake in Turkey,0.7515
images/TURKEY/religious/Cemevi ritual/translated/9.jpg,https://blogger.googleusercontent.com/img/b/R29vZ2xl/AVvXsEhDBn413qvQbQJcphbEfV6VKShvvW2AQU6dACzKvb5SUYpHUzqNkm6D9Ql4XDGxoRazIHfk-FZkQYcta87ltRZv3XzLwW6XzWLDlrQIE5u7gVRAAeWOl-kiFotTFg4JCngVBzBm1DFYTj-W/w1200-h630-p-k-no-nu/hizir-cemi-sewa-xeylas.jpg,TURKEY,religious,Cemevi ritual,translated,Türkiye'de Cemevi ritüeli,Cemevi ritual in Turkey,0.7251
images/TURKEY/religious/Cemevi ritual/translated/10.jpg,https://yurtsever.org.tr/wp-content/uploads/2016/04/cemevi.jpg,TURKEY,religious,Cemevi ritual,translated,Türkiye'de Cemevi ritüeli,Cemevi ritual in Turkey,0.7176
images/TURKEY/religious/Cemevi ritual/english/9.jpeg,https://cdn.roadsandkingdoms.com/uploads/2014/11/JON_23751.jpeg?class\u003d2600,TURKEY,religious,Cemevi ritual,english,Cemevi ritual in Turkey,Cemevi ritual in Turkey,0.7169
images/TURKEY/religious/Cemevi ritual/translated/2.jpg,https://www.indyturk.com/sites/default/files/article/main_image/2020/12/20/538916-1836577245.jpg,TURKEY,religious,Cemevi ritual,translated,Türkiye'de Cemevi ritüeli,Cemevi ritual in Turkey,0.7058
images/TURKEY/religious/Cemevi ritual/english/10.jpg,https://www.insideoutinistanbul.com/wp-content/uploads/2013/12/20210121_125701-scaled.jpg,TURKEY,religious,Cemevi ritual,english,Cemevi ritual in Turkey,Cemevi ritual in Turkey,0.7004
images/TURKEY/religious/Friday prayer/translated/10.jpg,https://isbh.tmgrup.com.tr/sbh/2020/05/29/650x344/tum-turkiyede-oldugu-gibi-corluda-da-10-haftalik-a-1590758116536.jpg,TURKEY,religious,Friday prayer,translated,Türkiye'de Cuma namazı,Friday prayer in Turkey,0.8643
images/TURKEY/religious/Friday prayer/translated/3.jpg,https://cdn.yeniakit.com.tr/images/news/625/turkiyede-bir-tek-o-camide-cuma-namazi-kilinacak-h1585303965-e90546.jpg,TURKEY,religious,Friday prayer,translated,Türkiye'de Cuma namazı,Friday prayer in Turkey,0.8175
images/TURKEY/religious/Friday prayer/english/6.jpg,https://d39raawggeifpx.cloudfront.net/styles/16_9_desktop/s3/articleimages/2020-07-24-ayasofyada-cuma-17.jpg,TURKEY,religious,Friday prayer,english,Friday prayer in Turkey,Friday prayer in Turkey,0.8097
images/TURKEY/religious/Friday prayer/translated/8.png,https://karadenizdesonnoktacomtr.teimg.com/crop/1280x720/karadenizdesonnokta-com-tr/images/haberler/2020/03/bestepe_millet_camii_nde_cuma_namazi_kilindi_h54981_adb0f.png,TURKEY,religious,Friday prayer,translated,Türkiye'de Cuma namazı,Friday prayer in Turkey,0.8074
images/TURKEY/religious/Friday prayer/english/1.jpg,https://cdn11.bigcommerce.com/s-yzgoj/images/stencil/1280x1280/products/1324086/3863153/PPI53466S__26049.1542181605.jpg?c\u003d2,TURKEY,religious,Friday prayer,english,Friday prayer in Turkey,Friday prayer in Turkey,0.7716
images/TURKEY/religious/praying/english/4.jpg,https://i.ytimg.com/vi/z5tP40t5OVw/maxresdefault.jpg,TURKEY,religious,praying,english,people praying in Turkey,people praying in Turkey,0.8469
images/TURKEY/religious/praying/english/9.jpg,https://www.uaebarq.ae/en/wp-content/uploads/2018/10/download-3-650x330.jpg,TURKEY,religious,praying,english,people praying in Turkey,people praying in Turkey,0.7647
images/TURKEY/religious/praying/english/1.jpg,https://www.aljazeera.com/wp-content/uploads/2022/04/3_hagia.jpg?w\u003d770\u0026resize\u003d770%2C578\u0026quality\u003d80,TURKEY,religious,praying,english,people praying in Turkey,people praying in Turkey,0.7558
images/TURKEY/religious/praying/translated/3.jpg,https://aa.com.tr/uploads/userFiles/23525b19-4139-468c-8051-ba931b6738e4/2017%2Focak%2Fdua2.jpg,TURKEY,religious,praying,translated,Türkiye'de dua eden insanlar,people praying in Turkey,0.752
images/TURKEY/religious/praying/english/2.jpg,https://www.ufuksarisen.com/wp-content/uploads/2024/04/Turkey-Muslim-Wedding-Photographs-04.jpg,TURKEY,religious,praying,english,people praying in Turkey,people praying in Turkey,0.7515
images/TURKEY/religious/religious/english/1.jpg,https://travellingtopics.com/wp-content/uploads/2023/02/Turkey-traditions.jpg,TURKEY,religious,religious,english,people participating in a traditional religious event in Turkey,people participating in a traditional religious event in Turkey,0.788
images/TURKEY/religious/religious/english/3.jpg,https://idsb.tmgrup.com.tr/2014/04/23/HaberDetay/1398244053656.jpg,TURKEY,religious,religious,english,people participating in a traditional religious event in Turkey,people participating in a traditional religious event in Turkey,0.7742
images/TURKEY/religious/religious/english/8.jpg,https://images.memphistours.com/large/766951987_1401656132-celebrations-of-a-turkish-day-in-london_4903155.jpg,TURKEY,religious,religious,english,people participating in a traditional religious event in Turkey,people participating in a traditional religious event in Turkey,0.7266
images/TURKEY/religious/religious/english/5.jpg,https://gdb.voanews.com/01000000-0aff-0242-7ecc-08db396cc944_cx0_cy9_cw100_w408_r1_s.jpg,TURKEY,religious,religious,english,people participating in a traditional religious event in Turkey,people participating in a traditional religious event in Turkey,0.7186
images/TURKEY/religious/religious/translated/5.jpg,https://www.aa.com.tr/uploads/userFiles/23525b19-4139-468c-8051-ba931b6738e4/EYL%C3%9CL%202022%2F07%2FAA-31464845.jpg,TURKEY,religious,religious,translated,Türkiye'de geleneksel bir dini etkinliğe katılan insanlar,people participating in a traditional religious event in Turkey,0.6838
images/TURKEY/wedding/wedding/english/1.png,https://turkishle.com/wp-content/uploads/2023/05/Screenshot-2023-05-06-230033.png,TURKEY,wedding,wedding,english,wedding celebration in Turkey,wedding celebration in Turkey,0.8207
images/TURKEY/wedding/wedding/english/3.png,https://turkishle.com/wp-content/uploads/2023/05/Screenshot-2023-05-06-231045.png,TURKEY,wedding,wedding,english,wedding celebration in Turkey,wedding celebration in Turkey,0.8185
images/TURKEY/wedding/wedding/english/2.jpg,https://www.middleeasteye.net/sites/default/files/turkish-wedding-AFP.jpg,TURKEY,wedding,wedding,english,wedding celebration in Turkey,wedding celebration in Turkey,0.8058
images/TURKEY/wedding/wedding/english/5.jpg,http://weddingvenuesguideturkey.com/icerik/uploads/job-manager-uploads/job_gallery/2019/02/persian-wedding-ceremony-planner-in-istanbul-turkey.jpg,TURKEY,wedding,wedding,english,wedding celebration in Turkey,wedding celebration in Turkey,0.7817
images/TURKEY/wedding/wedding/english/4.jpg,https://i.ytimg.com/vi/hGrNilLcswg/sddefault.jpg,TURKEY,wedding,wedding,english,wedding celebration in Turkey,wedding celebration in Turkey,0.7711
images/USA/celebration/Easter/english/5.jpg,https://i.ytimg.com/vi/Y8BGdnnb7P8/hq720.jpg?sqp\u003d-oaymwEhCK4FEIIDSFryq4qpAxMIARUAAAAAGAElAADIQj0AgKJD\u0026rs\u003dAOn4CLAiks2zLgStApgXPI0gbQsvTgUdsA,USA,celebration,Easter,english,people participating in Easter in USA,people participating in Easter in USA,0.7417
images/USA/celebration/Easter/english/7.jpg,https://upload.wikimedia.org/wikipedia/commons/3/37/Barack_Obama_at_this_2009_White_House_Easter_Egg_Roll.jpg,USA,celebration,Easter,english,people participating in Easter in USA,people participating in Easter in USA,0.728
images/USA/celebration/Easter/english/2.jpg,https://maeducationusa.com/wp-content/uploads/Easter-day-pascua-EEUU-MAE.jpg,USA,celebration,Easter,english,people participating in Easter in USA,people participating in Easter in USA,0.6955
images/USA/celebration/Easter/translated/9.jpg,https://c.tadst.com/gfx/750w/catholic-church-washingtondc.jpg,USA,celebration,Easter,translated,people participating in Easter in USA,people participating in Easter in USA,0.6871
images/USA/celebration/Easter/translated/4.png,https://www.ohla.com/blog/wp-content/uploads/2025/03/213443567.png,USA,celebration,Easter,translated,people participating in Easter in USA,people participating in Easter in USA,0.6513
images/USA/celebration/Fourth of July/translated/9.jpg,http://www.nrpa.org/uploadedImages/nrpa.org/About_NRPA/Press_Room/Press_Releases/Community-Activities-Infographic.jpg,USA,celebration,Fourth of July,translated,people participating in Fourth of July in USA,people participating in Fourth of July in USA,0.7627
images/USA/celebration/Fourth of July/translated/2.jpg,https://gdb.voanews.com/43f54f17-f494-4dfa-9295-f7396a19e04c_cx0_cy8_cw0_w408_r1_s.jpg,USA,celebration,Fourth of July,translated,people participating in Fourth of July in USA,people participating in Fourth of July in USA,0.7616
images/USA/celebration/Fourth of July/english/5.jpg,https://s.abcnews.com/images/Lifestyle/ap_fourth_of_july_09_kb_140704_2_16x9_992.jpg,USA,celebration,Fourth of July,english,people participating in Fourth of July in USA,people participating in Fourth of July in USA,0.7551
images/USA/celebration/Fourth of July/translated/10.jpg,https://assets.christianpost.com/images/cache/image/11/36/113638_w_400_264.jpg,USA,celebration,Fourth of July,translated,people participating in Fourth of July in USA,people participating in Fourth of July in USA,0.7233
images/USA/celebration/Fourth of July/english/1.jpg,https://www.ohla.com/blog/wp-content/uploads/2024/07/iStock-1007168144-scaled.jpg,USA,celebration,Fourth of July,english,people participating in Fourth of July in USA,people participating in Fourth of July in USA,0.6786
images/USA/celebration/Halloween/english/1.jpeg,https://www.census.gov/newsroom/facts-for-features/2023/halloween/_jcr_content/root/responsivegrid/responsivegrid_copy/imagecore.coreimg.jpeg/1695066944525/fun-facts-halloween.jpeg,USA,celebration,Halloween,english,people participating in Halloween in USA,people participating in Halloween in USA,0.7852
images/USA/celebration/Halloween/english/5.jpg,https://media.timeout.com/images/106049065/750/562/image.jpg,USA,celebration,Halloween,english,people participating in Halloween in USA,people participating in Halloween in USA,0.7552
images/USA/celebration/Halloween/english/8.png,https://brand-innovators.com/wp-content/uploads/2023/10/unnamed2.png,USA,celebration,Halloween,english,people participating in Halloween in USA,people participating in Halloween in USA,0.7443
images/USA/celebration/Halloween/english/6.jpg,https://d2rdhxfof4qmbb.cloudfront.net/wp-content/uploads/20180926173549/Halloween-FI.jpg,USA,celebration,Halloween,english,people participating in Halloween in USA,people participating in Halloween in USA,0.708
images/USA/celebration/Halloween/english/3.jpg,https://www.info-america-usa.com/assets/Uploads-DE/Artikelbilder/halloween-haus.jpg,USA,celebration,Halloween,english,people participating in Halloween in USA,people participating in Halloween in USA,0.698
images/USA/celebration/Juneteenth/english/6.jpg,"https://images.immediate.co.uk/production/volatile/sites/7/2022/06/Juneteenth-celebrations-523fbc6.jpg?quality\u003d90\u0026resize\u003d980,654",USA,celebration,Juneteenth,english,people participating in Juneteenth in USA,people participating in Juneteenth in USA,0.8252
images/USA/celebration/Juneteenth/english/1.jpg,https://neighbors.columbia.edu/sites/default/files/styles/cu_crop/public/content/2024/good-vibes-in-the-park.jpg?itok\u003dBizNiTn7,USA,celebration,Juneteenth,english,people participating in Juneteenth in USA,people participating in Juneteenth in USA,0.7422
images/USA/celebration/Juneteenth/english/8.jpg,https://cdn.britannica.com/27/217327-050-885A2DF5/Juneteenth-parade-Malcom-X-Park-Philadelphia-Pennsylvania-2019.jpg,USA,celebration,Juneteenth,english,people participating in Juneteenth in USA,people participating in Juneteenth in USA,0.742
images/USA/celebration/Juneteenth/english/9.png,https://nmaahc.si.edu/sites/default/files/styles/scale_crop_1920_1200/public/2025-05/24c0048a-be5b-4103-ae40-4f77b8777012%20%281%29.png?h\u003df54bfa0f\u0026itok\u003d57y1WeP3,USA,celebration,Juneteenth,english,people participating in Juneteenth in USA,people participating in Juneteenth in USA,0.7367
images/USA/celebration/Juneteenth/english/2.jpg,https://static01.nyt.com/images/2022/06/18/us/18xp-juneteenth1/18xp-juneteenth1-videoSixteenByNineJumbo1600.jpg,USA,celebration,Juneteenth,english,people participating in Juneteenth in USA,people participating in Juneteenth in USA,0.7034
images/USA/celebration/Mardi Gras/english/4.jpg,https://i.ytimg.com/vi/_hNjFytiRAU/hq720.jpg?sqp\u003d-oaymwEhCK4FEIIDSFryq4qpAxMIARUAAAAAGAElAADIQj0AgKJD\u0026rs\u003dAOn4CLACbIEPnIyypnUjVz6YTmPVd0rv8A,USA,celebration,Mardi Gras,english,people participating in Mardi Gras in USA,people participating in Mardi Gras in USA,0.7166
images/USA/celebration/Mardi Gras/english/9.jpg,https://media.timeout.com/images/105975717/750/562/image.jpg,USA,celebration,Mardi Gras,english,people participating in Mardi Gras in USA,people participating in Mardi Gras in USA,0.7119
images/USA/celebration/Mardi Gras/english/8.jpg,https://media.timeout.com/images/105975719/750/562/image.jpg,USA,celebration,Mardi Gras,english,people participating in Mardi Gras in USA,people participating in Mardi Gras in USA,0.6982
images/USA/celebration/Mardi Gras/english/10.jpeg,https://www.tatacapital.com/blog/wp-content/uploads/2020/02/mardi-gras-festival-banner.jpeg,USA,celebration,Mardi Gras,english,people participating in Mardi Gras in USA,people participating in Mardi Gras in USA,0.6746
images/USA/celebration/Mardi Gras/english/7.jpeg,https://www.travelandtourworld.com/wp-content/uploads/2024/09/Festival-850x486.jpeg,USA,celebration,Mardi Gras,english,people participating in Mardi Gras in USA,people participating in Mardi Gras in USA,0.6263
images/USA/celebration/New Year/translated/4.png,https://tds.indianeagle.com/wp-content/uploads/2023/12/New-Years-Eve-in-USA.png,USA,celebration,New Year,translated,people participating in New Year in USA,people participating in New Year in USA,0.7768
images/USA/celebration/New Year/english/6.jpg,https://www.agoda.com/wp-content/uploads/2024/12/new-york-usa-new-year-featured.jpg,USA,celebration,New Year,english,people participating in New Year in USA,people participating in New Year in USA,0.7172
images/USA/celebration/New Year/english/5.jpg,https://www.info-america-usa.com/assets/Uploads-DE/Artikelbilder/silvester-party.jpg,USA,celebration,New Year,english,people participating in New Year in USA,people participating in New Year in USA,0.7045
images/USA/celebration/New Year/english/2.jpg,https://cdn.britannica.com/73/237073-138-CCE579AA/New-Year-festival-New-Years-Eve.jpg?w\u003d800\u0026h\u003d450\u0026c\u003dcrop,USA,celebration,New Year,english,people participating in New Year in USA,people participating in New Year in USA,0.6999
images/USA/celebration/New Year/translated/8.jpg,"https://media-cldnry.s-nbcnews.com/image/upload/t_fit-760w,f_auto,q_auto:best/rockcms/2025-01/241231-new-york-new-year-mn-0945-7ff138.jpg",USA,celebration,New Year,translated,people participating in New Year in USA,people participating in New Year in USA,0.6967
images/USA/celebration/Thanksgiving/translated/10.jpg,https://news.ag.org/-/media/PENews/Images/2022-Article-Images/1400/thanksgiving-first_1400.jpg?crop\u003d1\u0026h\u003d441\u0026w\u003d900,USA,celebration,Thanksgiving,translated,people participating in Thanksgiving in USA,people participating in Thanksgiving in USA,0.8152
images/USA/celebration/Thanksgiving/english/1.png,https://aroundthefest.com/wp-content/uploads/2025/08/origin-tnx-1024x559.png,USA,celebration,Thanksgiving,english,people participating in Thanksgiving in USA,people participating in Thanksgiving in USA,0.7394
images/USA/celebration/Thanksgiving/english/5.jpg,https://maeducationusa.com/wp-content/uploads/El-Dia-de-Accion-de-Gracias-en-EE.-UU.-tradiciones-historia-y-la-experiencia-universitaria.jpg,USA,celebration,Thanksgiving,english,people participating in Thanksgiving in USA,people participating in Thanksgiving in USA,0.7302
images/USA/celebration/Thanksgiving/english/4.jpg,https://d1ss4nmhr4m5he.cloudfront.net/wp-content/uploads/2024/11/12100957/Thanksgiving-Day.jpg,USA,celebration,Thanksgiving,english,people participating in Thanksgiving in USA,people participating in Thanksgiving in USA,0.7055
images/USA/celebration/Thanksgiving/english/3.jpg,https://westernfinancialgroup.ca/get/files/image/galleries/Thanksgiving_Blog_Image_1200x630.jpg,USA,celebration,Thanksgiving,english,people participating in Thanksgiving in USA,people participating in Thanksgiving in USA,0.704
images/USA/celebration/celebration/translated/8.jpg,https://gdb.voanews.com/23ADDA07-162A-4461-88BE-E7A27ABBE780_w408_r0_s.jpg,USA,celebration,celebration,translated,people participating in a traditional festival or observance in USA,people participating in a traditional festival or observance in USA,0.7813
images/USA/celebration/celebration/translated/9.jpg,https://static01.nyt.com/images/2021/10/11/us/11-INDIGENOUS-PEOPLE-01-PRINT/10indigeous-explainer-1-facebookJumbo.jpg,USA,celebration,celebration,translated,people participating in a traditional festival or observance in USA,people participating in a traditional festival or observance in USA,0.7565
images/USA/celebration/celebration/translated/10.jpeg,https://www.unlv.edu/sites/default/files/styles/1920_width/public/media/image/2024-03/UNLV%20Powwow%20FTP%20%2723-26.jpeg?itok\u003d3XISuU9T,USA,celebration,celebration,translated,people participating in a traditional festival or observance in USA,people participating in a traditional festival or observance in USA,0.7097
images/USA/celebration/celebration/translated/7.jpg,https://cdn.britannica.com/03/232303-050-917410B3/Dancers-Cinco-de-Mayo-festival-San-Francisco-California-2019.jpg,USA,celebration,celebration,translated,people participating in a traditional festival or observance in USA,people participating in a traditional festival or observance in USA,0.6932
images/USA/celebration/celebration/english/2.jpg,https://s1.it.atcdn.net/wp-content/uploads/2024/09/Tribal-Dancers.jpg,USA,celebration,celebration,english,people participating in a traditional festival or observance in USA,people participating in a traditional festival or observance in USA,0.691
images/USA/concert/concert/translated/10.jpg,https://www.rollingstone.com/wp-content/uploads/2018/12/best-venues-hollywood-bowl.jpg?w\u003d800,USA,concert,concert,translated,concert in USA,concert in USA,0.6927
images/USA/concert/concert/english/4.jpg,https://www.cuddlynest.com/blog/wp-content/uploads/2021/08/best-festivals-usa-scaled.jpg,USA,concert,concert,english,concert in USA,concert in USA,0.676
images/USA/concert/concert/translated/7.jpg,https://www.dialmycalls.com/wp-content/uploads/2020/08/ryman-auditorium-top-10-concert-venues-united-states-20201.jpg,USA,concert,concert,translated,concert in USA,concert in USA,0.6703
images/USA/concert/concert/english/6.jpg,https://cdn.mos.cms.futurecdn.net/dwVtPHAYpKhQe5esZrGwi6.jpg,USA,concert,concert,english,concert in USA,concert in USA,0.6687
images/USA/concert/concert/english/2.jpg,https://www.indiespark.tv/wp-content/uploads/2024/09/u2_rose_bowl_highest_grossing_concert-1024x681.jpg,USA,concert,concert,english,concert in USA,concert in USA,0.668
images/USA/concert/indoor/english/2.jpg,https://www.dialmycalls.com/wp-content/uploads/2020/08/ryman-auditorium-top-10-concert-venues-united-states-20201.jpg,USA,concert,indoor,english,indoor concert in USA,indoor concert in USA,0.7259
images/USA/concert/indoor/translated/5.jpg,https://www.rollingstone.com/wp-content/uploads/2018/12/best-venues-hollywood-bowl.jpg?w\u003d800,USA,concert,indoor,translated,indoor concert in USA,indoor concert in USA,0.7005
images/USA/concert/indoor/english/4.jpg,https://conferences.appstate.edu/wp-content/uploads/2023/11/CHEW7540-scaled.jpg,USA,concert,indoor,english,indoor concert in USA,indoor concert in USA,0.6917
images/USA/concert/indoor/translated/9.jpg,"https://res.cloudinary.com/ds5gdw0uw/images/c_scale,w_1920,h_853,dpr_2/f_auto,q_auto:good/v1721246456/Bass-Concert-Hall_House-from-stage-1/Bass-Concert-Hall_House-from-stage-1.jpg?_i\u003dAA",USA,concert,indoor,translated,indoor concert in USA,indoor concert in USA,0.6869
images/USA/concert/indoor/translated/10.jpg,http://res.cloudinary.com/simpleview/image/upload/v1587069170/clients/fresnoccca/Selland_1a553554-31c8-474e-8b3a-cedd0a1459fe.jpg,USA,concert,indoor,translated,indoor concert in USA,indoor concert in USA,0.6797
images/USA/concert/outdoor/english/2.jpg,https://www.rollingstone.com/wp-content/uploads/2018/06/rs-139003-20130604-greektheatreb-x306-1370359474.jpg?w\u003d306,USA,concert,outdoor,english,outdoor concert in USA,outdoor concert in USA,0.7864
images/USA/concert/outdoor/english/4.png,https://s3.amazonaws.com/iexplore_web/images/assets/000/003/232/original/RedRocksAMP.png?1440099876,USA,concert,outdoor,english,outdoor concert in USA,outdoor concert in USA,0.7556
images/USA/concert/outdoor/translated/6.jpg,https://livability.com/wp-content/uploads/2015/03/Woods-at-Fontanel.jpg,USA,concert,outdoor,translated,outdoor concert in USA,outdoor concert in USA,0.7516
images/USA/concert/outdoor/translated/8.jpg,https://www.fodors.com/wp-content/uploads/2023/03/13-KettleHouse-Amphitheater-636830667808734522.jpg,USA,concert,outdoor,translated,outdoor concert in USA,outdoor concert in USA,0.741
images/USA/concert/outdoor/translated/9.jpg,https://www.rollingstone.com/wp-content/uploads/2018/06/rs-134694-20130601-venues-x306-1370106756.jpg?w\u003d306\u0026h\u003d306\u0026crop\u003d1,USA,concert,outdoor,translated,outdoor concert in USA,outdoor concert in USA,0.7364
images/USA/dancing/Swing dance/english/5.jpg,https://renoswings.com/wp-content/uploads/2020/01/Charleston-David-Becky.jpg,USA,dancing,Swing dance,english,people dancing Swing dance in USA,people dancing Swing dance in USA,0.7905
images/USA/dancing/Swing dance/english/9.jpg,https://clickamericana.com/wp-content/uploads/Virginia-jitterbugs-1943-750x683.jpg,USA,dancing,Swing dance,english,people dancing Swing dance in USA,people dancing Swing dance in USA,0.7611
images/USA/dancing/Swing dance/english/8.jpeg,https://www.wikidancesport.com/wp-content/uploads/2025/07/20150314_235839_258533ballrm_3034.jpg.640x360_q85.jpg.jpeg,USA,dancing,Swing dance,english,people dancing Swing dance in USA,people dancing Swing dance in USA,0.7077
images/USA/dancing/Swing dance/english/1.jpg,"https://res.cloudinary.com/hz3gmuqw6/image/upload/c_fill,q_60,w_750/v1/classpop/blog/swing-dance-lessons_623a238004408.jpg",USA,dancing,Swing dance,english,people dancing Swing dance in USA,people dancing Swing dance in USA,0.6971
images/USA/dancing/Swing dance/english/2.jpg,https://news.gcu.edu/app/uploads/2024/03/AmericanKids-CountrySwingDance-rf-022624-011.jpg,USA,dancing,Swing dance,english,people dancing Swing dance in USA,people dancing Swing dance in USA,0.6546
images/USA/dancing/dancing/english/5.jpg,https://i.ytimg.com/vi/j53YsKCSXps/hq720.jpg?sqp\u003d-oaymwE7CK4FEIIDSFryq4qpAy0IARUAAAAAGAElAADIQj0AgKJD8AEB-AH-CYAC0AWKAgwIABABGGUgVihUMA8\u003d\u0026rs\u003dAOn4CLD1GH8ivw_cnZHVCgNtY7iAPHhanA,USA,dancing,dancing,english,people dancing in USA,people dancing in USA,0.7608
images/USA/dancing/dancing/english/8.jpeg,https://americandancer.org/wp-content/uploads/2025/02/55.jpeg,USA,dancing,dancing,english,people dancing in USA,people dancing in USA,0.6832
images/USA/dancing/dancing/translated/10.jpeg,https://www.columbusmonthly.com/gcdn/authoring/2015/04/24/NCOM/ghows-OH-bbe6ffec-ed11-48e2-a6f8-720b764ba869-8fc84a88.jpeg,USA,dancing,dancing,translated,people dancing in USA,people dancing in USA,0.656
images/USA/dancing/dancing/english/2.jpg,https://static01.nyt.com/images/2019/08/27/arts/26spencer-ballet1/26spencer-ballet1-superJumbo.jpg,USA,dancing,dancing,english,people dancing in USA,people dancing in USA,0.6402
images/USA/dancing/dancing/english/3.jpg,https://danceusa.s3.us-east-2.amazonaws.com/page_uploads/1Burning%20Man%20I%20think%20credit%20Ron%20Worobec%20500.jpg,USA,dancing,dancing,english,people dancing in USA,people dancing in USA,0.6346
images/USA/dancing/hip hop/english/5.jpg,https://upload.wikimedia.org/wikipedia/commons/f/fc/B-boy_breakdancing.jpg,USA,dancing,hip hop,english,people dancing hip hop in USA,people dancing hip hop in USA,0.7448
images/USA/dancing/hip hop/english/1.jpg,https://www.blind-magazine.com/wp-content/uploads/2022/04/6Sophia-Bramly-New-hiphop-us.jpg,USA,dancing,hip hop,english,people dancing hip hop in USA,people dancing hip hop in USA,0.707
images/USA/dancing/hip hop/english/8.jpg,"https://res.cloudinary.com/hz3gmuqw6/image/upload/c_fill,q_60,w_750/v1/classpop/blog/hip-hop-dancers_6244c16c7c977.jpg",USA,dancing,hip hop,english,people dancing hip hop in USA,people dancing hip hop in USA,0.6853
images/USA/dancing/hip hop/english/2.jpg,https://as2.ftcdn.net/jpg/03/03/36/71/1000_F_303367106_0Gz82zibMjRCKek9cmps6P3Dd0MOIFG9.jpg,USA,dancing,hip hop,english,people dancing hip hop in USA,people dancing hip hop in USA,0.6809
images/USA/dancing/hip hop/english/10.jpg,https://i.ytimg.com/vi/WORirbXAI8A/maxresdefault.jpg,USA,dancing,hip hop,english,people dancing hip hop in USA,people dancing hip hop in USA,0.6519
images/USA/dancing/line dance/translated/2.jpg,https://bloximages.newyork1.vip.townnews.com/lancasteronline.com/content/tncms/assets/v3/editorial/6/1c/61caf20e-d02c-11ed-8e1a-afeb39da06c5/6427888797e0e.image.jpg?resize\u003d750%2C500,USA,dancing,line dance,translated,people performing line dance in USA,people performing line dance in USA,0.838
images/USA/dancing/line dance/english/7.jpg,https://i.ytimg.com/vi/tsCvzH1_oug/hq720.jpg?sqp\u003d-oaymwE7CK4FEIIDSFryq4qpAy0IARUAAAAAGAElAADIQj0AgKJD8AEB-AH-CYAC0AWKAgwIABABGHIgZSg9MA8\u003d\u0026rs\u003dAOn4CLDuJNu2Oj-wu4D1GBqtoZlF0C2W2w,USA,dancing,line dance,english,people performing line dance in USA,people performing line dance in USA,0.7854
images/USA/dancing/line dance/english/10.jpg,https://i.ytimg.com/vi/ihfURCPgBzg/hq720.jpg?sqp\u003d-oaymwE7CK4FEIIDSFryq4qpAy0IARUAAAAAGAElAADIQj0AgKJD8AEB-AH-CYAC0AWKAgwIABABGGUgVihIMA8\u003d\u0026rs\u003dAOn4CLCHRLTjAo7B57pLXuPy568FzG1mLQ,USA,dancing,line dance,english,people performing line dance in USA,people performing line dance in USA,0.7815
images/USA/dancing/line dance/translated/5.jpg,https://bloximages.newyork1.vip.townnews.com/yakimaherald.com/content/tncms/assets/v3/editorial/2/38/238f1f14-c02e-11ed-b09f-ef5597bf1ea7/640cb387926e9.image.jpg?resize\u003d750%2C500,USA,dancing,line dance,translated,people performing line dance in USA,people performing line dance in USA,0.771
images/USA/dancing/line dance/english/3.jpg,https://news.gcu.edu/app/uploads/2024/03/AmericanKids-CountrySwingDance-rf-022624-006-1024x688.jpg,USA,dancing,line dance,english,people performing line dance in USA,people performing line dance in USA,0.7467
images/USA/dancing/modern dance/english/1.jpg,https://www.purdue.edu/uns/images/2020/purdue-dance-companyOG.jpg,USA,dancing,modern dance,english,people performing modern dance in USA,people performing modern dance in USA,0.7865
images/USA/dancing/modern dance/english/4.jpg,https://www.rwu.edu/sites/default/files/downloads/fcas/dance/Website/Pictures/IMG_6537%20edit.jpg,USA,dancing,modern dance,english,people performing modern dance in USA,people performing modern dance in USA,0.7816
images/USA/dancing/modern dance/english/5.png,https://americandancefestival.org/wp-content/uploads/2022/10/1.-duke-edit-out-1.png,USA,dancing,modern dance,english,people performing modern dance in USA,people performing modern dance in USA,0.7711
images/USA/dancing/modern dance/english/9.jpg,https://communitynewspapers.com/wp-content/uploads/2015/10/Combinado-Argentino-de-Danza-by-Agustin-Franzoni1.jpg,USA,dancing,modern dance,english,people performing modern dance in USA,people performing modern dance in USA,0.7544
images/USA/dancing/modern dance/translated/7.jpg,https://isthmus.com/downloads/69910/download/dance-madisoncontemporarydance-CRShilohDeBauch%20-09-17-2024.jpg?cb\u003da2366d345c8a723622e0017ae8d0be81,USA,dancing,modern dance,translated,people performing modern dance in USA,people performing modern dance in USA,0.7513
images/USA/dancing/square dance/translated/10.jpg,https://api.army.mil/e2/c/images/2013/10/15/316178/original.jpg,USA,dancing,square dance,translated,people dancing square dance in USA,people dancing square dance in USA,0.8256
images/USA/dancing/square dance/english/7.jpg,https://www.squaredancemn.com/wp-content/uploads/2023/03/2023-02-13-WW.jpg,USA,dancing,square dance,english,people dancing square dance in USA,people dancing square dance in USA,0.8058
images/USA/dancing/square dance/translated/8.jpeg,https://www.starnewsonline.com/gcdn/authoring/2012/12/30/NSTN/ghows-NC-3163ddd9-7a1c-4a74-87df-5d9813e1b22a-27729a1f.jpeg,USA,dancing,square dance,translated,people dancing square dance in USA,people dancing square dance in USA,0.7981
images/USA/dancing/square dance/english/1.jpg,https://signalscv.s3.us-west-1.amazonaws.com/wp-content/uploads/2017/08/12141227/0806_news_Senior_Dancing_NS_3-1024x603.jpg,USA,dancing,square dance,english,people dancing square dance in USA,people dancing square dance in USA,0.792
images/USA/dancing/square dance/english/2.jpg,https://balladofamerica.org/wp-content/uploads/2018/12/Square-Dance-at-Bascom-Lamar-Lunsfords-House-1-1200x922.jpg,USA,dancing,square dance,english,people dancing square dance in USA,people dancing square dance in USA,0.7836
images/USA/eating/eating/english/5.jpg,https://s.wsj.net/public/resources/images/B3-BZ486_NYMEYE_OR_20181008135800.jpg,USA,eating,eating,english,people eating food in USA,people eating food in USA,0.6909
images/USA/eating/eating/english/7.jpg,https://s.hdnux.com/photos/01/40/62/27/25372120/5/ratio4x3_1920.jpg,USA,eating,eating,english,people eating food in USA,people eating food in USA,0.6782
images/USA/eating/eating/english/3.jpg,https://cdn.informaconnect.com/platform/files/public/2018-10/background/fast-food-eaters_1538671355.jpg?VersionId\u003dt96J0M6A15CCNv1UH8dxZLZQprcUvGJH,USA,eating,eating,english,people eating food in USA,people eating food in USA,0.649
images/USA/eating/eating/english/1.jpg,https://www.ift.org/-/media/food-technology/feature-images/2013/08/f1snacks/0813f1snackshero.jpg,USA,eating,eating,english,people eating food in USA,people eating food in USA,0.6325
images/USA/eating/eating/english/2.jpg,https://www.nationalgeographic.com/foodfeatures/hunger/images/slideShow/images_1536/newyork1_1536.jpg,USA,eating,eating,english,people eating food in USA,people eating food in USA,0.6137
images/USA/eating/home/translated/8.jpg,https://www.goodnet.org/photos/281x197/38674_hd.jpg,USA,eating,home,translated,people eating food at home in USA,people eating food at home in USA,0.6676
images/USA/eating/home/english/3.jpg,https://nypost.com/wp-content/uploads/sites/2/2022/03/food-toilet-1-copy.jpg?quality\u003d75\u0026strip\u003dall\u0026w\u003d744,USA,eating,home,english,people eating food at home in USA,people eating food at home in USA,0.655
images/USA/eating/home/english/7.png,https://www.pewresearch.org/wp-content/uploads/sites/20/2025/05/PS_25.05.07_food-and-eating_featured.png,USA,eating,home,english,people eating food at home in USA,people eating food at home in USA,0.6509
images/USA/eating/home/english/4.jpeg,https://www.bridgesinternational.com/wp-content/uploads/sites/539/2017/03/americans-and-food-e1663619184114.jpeg,USA,eating,home,english,people eating food at home in USA,people eating food at home in USA,0.6476
images/USA/eating/home/english/9.jpg,https://www.ift.org/-/media/food-technology/feature-images/2020/01/0120_feat2_whatamericaeats-folder/0120_f2_americaeats_gi1189167940/page-image-16x9_l.jpg,USA,eating,home,english,people eating food at home in USA,people eating food at home in USA,0.6475
images/USA/eating/restaurant/english/7.jpg,https://cdn.prod.website-files.com/6408f29e083a044c9780800a/679ce818acc84dade6cb6638_049A7314.jpg,USA,eating,restaurant,english,people eating food in restaurant in USA,people eating food in restaurant in USA,0.7108
images/USA/eating/restaurant/english/8.jpg,https://s.hdnux.com/photos/01/40/62/27/25372120/5/ratio4x3_1920.jpg,USA,eating,restaurant,english,people eating food in restaurant in USA,people eating food in restaurant in USA,0.6895
images/USA/eating/restaurant/english/2.jpg,https://i.ytimg.com/vi/dnNKBxevR9c/maxresdefault.jpg,USA,eating,restaurant,english,people eating food in restaurant in USA,people eating food in restaurant in USA,0.6577
images/USA/eating/restaurant/english/9.jpg,https://images.squarespace-cdn.com/content/v1/58792db6e6f2e12fa11cbf43/1484359698696-VFYVZAUINQFWUR52891N/Stocksy_txpd6b1b16bg4K100_Medium_32592.jpg,USA,eating,restaurant,english,people eating food in restaurant in USA,people eating food in restaurant in USA,0.6455
images/USA/eating/restaurant/english/5.jpg,https://static01.nyt.com/images/2018/08/26/sports/tennis/26openfood-1/26openfood-1-videoSixteenByNineJumbo1600.jpg,USA,eating,restaurant,english,people eating food in restaurant in USA,people eating food in restaurant in USA,0.6414
images/USA/funeral/funeral/english/8.jpg,https://s3-us-west-2.amazonaws.com/amm-prod/images/photos/000/002/017/original/officiate-memorial-funeral-service-wedding-officiant-business.jpg?1707506593,USA,funeral,funeral,english,people attending a funeral ceremony in USA,people attending a funeral ceremony in USA,0.8113
images/USA/funeral/funeral/english/10.jpg,https://api.army.mil/e2/c/images/2018/12/14/539104/original.jpg,USA,funeral,funeral,english,people attending a funeral ceremony in USA,people attending a funeral ceremony in USA,0.6978
images/USA/funeral/funeral/english/3.jpg,https://www.arlingtoncemetery.mil/portals/0/Images/52030889922_f6bf5e3f79_c.jpg?ver\u003d9usjKVDf8KlOzG2Hr9o9Dw%3D%3D,USA,funeral,funeral,english,people attending a funeral ceremony in USA,people attending a funeral ceremony in USA,0.6842
images/USA/funeral/funeral/english/7.jpg,https://www.arlingtoncemetery.mil/portals/0/Users/121/21/121/funerals-chaplains-honors-burial.jpg?ver\u003d2020-02-06-115311-943,USA,funeral,funeral,english,people attending a funeral ceremony in USA,people attending a funeral ceremony in USA,0.6808
images/USA/funeral/funeral/english/5.jpg,https://www.us-funerals.com/wp-content/uploads/2020/02/Honegoing-funeral-african-american-funeral-traditions.jpg,USA,funeral,funeral,english,people attending a funeral ceremony in USA,people attending a funeral ceremony in USA,0.6396
images/USA/game/Monopoly/english/7.jpeg,"https://www.tuscaloosanews.com/gcdn/authoring/2009/04/13/NTTN/ghows-DA-df1ebc11-bf8c-466f-b628-1dede4d505c1-a6bcfca1.jpeg?crop\u003d1000,1332,x621,y0",USA,game,Monopoly,english,people playing Monopoly in USA,people playing Monopoly in USA,0.8388
images/USA/game/Monopoly/english/1.jpg,https://www.mcall.com/wp-content/uploads/migration/2015/07/25/2ZV7FRX2GBD6ZIZSQMXAOXKUBI.jpg?w\u003d1200,USA,game,Monopoly,english,people playing Monopoly in USA,people playing Monopoly in USA,0.8275
images/USA/game/Monopoly/english/10.jpg,https://www.pbs.org/wgbh/americanexperience/media/__sized__/canonical_images/feature/Monopoly_Trailer_canonical-resize-300x0-50.jpg,USA,game,Monopoly,english,people playing Monopoly in USA,people playing Monopoly in USA,0.8069
images/USA/game/Monopoly/english/4.jpg,https://upload.wikimedia.org/wikipedia/commons/7/78/Monopoly_board_on_white_bg.jpg,USA,game,Monopoly,english,people playing Monopoly in USA,people playing Monopoly in USA,0.7843
images/USA/game/Monopoly/english/9.jpg,https://www.usatoday.com/gcdn/media/2021/09/03/USATODAY/usatsports/247WallSt.com-247WS-944852-Monopoly-1.jpg,USA,game,Monopoly,english,people playing Monopoly in USA,people playing Monopoly in USA,0.7389
images/USA/game/Scrabble/english/5.jpg,https://images.seattletimes.com/wp-content/uploads/2025/08/202508060400MCT_____PHOTO____LIF-HBY-SCRABBLE-CHAMP-6-LX.jpg?d\u003d780x520,USA,game,Scrabble,english,people playing Scrabble in USA,people playing Scrabble in USA,0.8304
images/USA/game/Scrabble/translated/6.jpg,https://cdn.britannica.com/43/242443-050-59522B48/Playing-scrabble-board-game.jpg,USA,game,Scrabble,translated,people playing Scrabble in USA,people playing Scrabble in USA,0.8056
images/USA/game/Scrabble/translated/10.jpg,https://i.pinimg.com/736x/6d/91/75/6d91757a63ac61ae00f5433280962da3.jpg,USA,game,Scrabble,translated,people playing Scrabble in USA,people playing Scrabble in USA,0.7964
images/USA/game/Scrabble/english/4.jpg,https://upload.wikimedia.org/wikipedia/commons/5/5d/Scrabble_game_in_progress.jpg,USA,game,Scrabble,english,people playing Scrabble in USA,people playing Scrabble in USA,0.7685
images/USA/game/Scrabble/english/3.jpg,https://raiseyourgame.com/wp-content/uploads/2017/08/010-scrabble-790x450.jpg,USA,game,Scrabble,english,people playing Scrabble in USA,people playing Scrabble in USA,0.7651
images/USA/game/baseball/translated/4.jpg,https://bridlekitchen.wordpress.com/wp-content/uploads/2014/07/baseball-player.jpg,USA,game,baseball,translated,people playing baseball in USA,people playing baseball in USA,0.6602
images/USA/game/baseball/translated/7.jpg,https://upload.wikimedia.org/wikipedia/commons/e/e7/Tommy_Milone_gives_up_a_home_run_to_Mike_Trout_on_May_21%2C_2017.jpg,USA,game,baseball,translated,people playing baseball in USA,people playing baseball in USA,0.6403
images/USA/game/baseball/english/6.jpeg,https://cdn.prod.website-files.com/64a2dfd14f2b4114bc9f5fcd/665a46fb9029ebb3b0208ee1_baseball-high-school-sport-competition-159741.jpeg,USA,game,baseball,english,people playing baseball in USA,people playing baseball in USA,0.6346
images/USA/game/baseball/english/1.jpg,"https://www.dailynews.com/wp-content/uploads/2024/04/RPE-L-BASEBALL-0412-JG-08-2.jpg?w\u003d1200\u0026resize\u003d1200,900",USA,game,baseball,english,people playing baseball in USA,people playing baseball in USA,0.6263
images/USA/game/baseball/english/10.jpg,"https://media-cldnry.s-nbcnews.com/image/upload/t_fit-760w,f_auto,q_auto:best/rockcms/2023-03/230320-miami-baseball-mb-1012-20d74a.jpg",USA,game,baseball,english,people playing baseball in USA,people playing baseball in USA,0.6233
images/USA/game/cornhole/english/1.jpg,https://www.sportsdestinations.com/sites/sportsdestinations.com/files/sports_destination_management/nodes/2017/13843/Wiki2.jpg,USA,game,cornhole,english,people playing cornhole in USA,people playing cornhole in USA,0.8508
images/USA/game/cornhole/english/7.jpeg,https://i5.walmartimages.com/asr/f040589a-a785-4b4f-8333-f521b1bf07d4.6866b519e8d89ffe28bb64aadd92c6f3.jpeg?odnHeight\u003d768\u0026odnWidth\u003d768\u0026odnBg\u003dFFFFFF,USA,game,cornhole,english,people playing cornhole in USA,people playing cornhole in USA,0.8326
images/USA/game/cornhole/english/8.jpg,https://ledgeloungers.com/cdn/shop/files/GM-CH_0003_GenerativeFill2.jpg?v\u003d1703107827\u0026width\u003d1400,USA,game,cornhole,english,people playing cornhole in USA,people playing cornhole in USA,0.7963
images/USA/game/cornhole/english/2.jpg,https://media.tegna-media.com/assets/WNEP/images/3799c596-c3da-4578-98d8-eb16d4809826/3799c596-c3da-4578-98d8-eb16d4809826_1920x1080.jpg,USA,game,cornhole,english,people playing cornhole in USA,people playing cornhole in USA,0.7945
images/USA/game/cornhole/english/3.jpg,https://static.platform.michaels.com/2c-prd/en_US/227705162862640.jpg?fit\u003dinside|1080:1080,USA,game,cornhole,english,people playing cornhole in USA,people playing cornhole in USA,0.7657
images/USA/game/game/translated/10.jpg,"https://m.media-amazon.com/images/I/61KJzIVE1dL._UF350,350_QL80_.jpg",USA,game,game,translated,people playing game in USA,people playing game in USA,0.7402
images/USA/game/game/english/2.jpg,https://i.ytimg.com/vi/QwUSynHKRZ4/hq720.jpg?sqp\u003d-oaymwE7CK4FEIIDSFryq4qpAy0IARUAAAAAGAElAADIQj0AgKJD8AEB-AH-CYAC0AWKAgwIABABGHIgVSg_MA8\u003d\u0026rs\u003dAOn4CLC4ikUBCeVCs9WM1xZwahA-tII7hw,USA,game,game,english,people playing game in USA,people playing game in USA,0.7238
images/USA/game/game/translated/9.jpg,https://g-mnews.com/storage/2022/06/VG-USA-1.jpg,USA,game,game,translated,people playing game in USA,people playing game in USA,0.7201
images/USA/game/game/english/6.jpg,https://imageio.forbes.com/specials-images/imageserve/65bb2d0277a9c0d2d3416d7a/WildBrain-gamers-playing/960x0.jpg?format\u003djpg\u0026width\u003d960,USA,game,game,english,people playing game in USA,people playing game in USA,0.7197
images/USA/game/game/english/4.png,https://variety.com/wp-content/uploads/2019/05/family-gaming-esa.png,USA,game,game,english,people playing game in USA,people playing game in USA,0.707
images/USA/game/poker/translated/9.jpg,"https://media-cldnry.s-nbcnews.com/image/upload/t_fit-1500w,f_auto,q_auto:best/msnbc/Components/Photos/041129/041129_pokergameTeens_hmed_4p.jpg",USA,game,poker,translated,people playing poker in USA,people playing poker in USA,0.8463
images/USA/game/poker/translated/6.jpg,https://static01.nyt.com/images/2020/08/31/sports/31poker-1/31poker-1-videoSixteenByNineJumbo1600.jpg?year\u003d2020\u0026h\u003d900\u0026w\u003d1600\u0026s\u003d7c797d2959a2842e72ccccf51de4dd3286553fdf6fe439c6d8837273e35be881\u0026k\u003dZQJBKqZ0VN\u0026tw\u003d1,USA,game,poker,translated,people playing poker in USA,people playing poker in USA,0.7912
images/USA/game/poker/english/5.jpg,https://www.usacasinoparty.com/wp-content/uploads/2015/10/CasinoPic11-300x246.jpg,USA,game,poker,english,people playing poker in USA,people playing poker in USA,0.7532
images/USA/game/poker/translated/8.jpeg,https://www.pjstar.com/gcdn/authoring/2019/06/07/NJOS/ghows-IP-8a9d49e5-ce12-1b9b-e053-0100007f6b3f-04f2f1bc.jpeg,USA,game,poker,translated,people playing poker in USA,people playing poker in USA,0.7515
images/USA/game/poker/english/7.png,https://pnimg.net/w/articles/4/579/9156cc525a.png,USA,game,poker,english,people playing poker in USA,people playing poker in USA,0.7393
images/USA/game/tag/english/8.jpg,https://i.ytimg.com/vi/zsKbPjnhQO8/hqdefault.jpg,USA,game,tag,english,people playing tag in USA,people playing tag in USA,0.7531
images/USA/game/tag/english/1.jpg,https://tipjunkie.com/wp-content/uploads/2016/10/Tag.jpg,USA,game,tag,english,people playing tag in USA,people playing tag in USA,0.7225
images/USA/game/tag/translated/3.jpg,https://images.squarespace-cdn.com/content/v1/567155dca2bab819494ef093/1466359686386-7JKTAADQ2SPMHXCALFEG/PP-Primal+Play+Tag.jpg?format\u003d1500w,USA,game,tag,translated,people playing tag in USA,people playing tag in USA,0.7108
images/USA/game/tag/english/4.jpg,https://nationaltoday.com/wp-content/uploads/2021/10/american-tag-touch-day.jpg,USA,game,tag,english,people playing tag in USA,people playing tag in USA,0.695
images/USA/game/tag/english/6.jpg,https://i.ytimg.com/vi/PuYUKNfKiZQ/hqdefault.jpg,USA,game,tag,english,people playing tag in USA,people playing tag in USA,0.6302
images/USA/game/video game/english/10.jpg,https://www.mydoh.ca/wp-content/uploads/2023/01/gaming-1.jpg?w\u003d1300,USA,game,video game,english,people playing video game in USA,people playing video game in USA,0.7516
images/USA/game/video game/english/9.jpg,https://g-mnews.com/storage/2022/06/VG-USA-1.jpg,USA,game,video game,english,people playing video game in USA,people playing video game in USA,0.7295
images/USA/game/video game/english/5.png,https://variety.com/wp-content/uploads/2019/05/family-gaming-esa.png,USA,game,video game,english,people playing video game in USA,people playing video game in USA,0.7287
images/USA/game/video game/english/7.jpg,https://d3i6fh83elv35t.cloudfront.net/static/2022/09/WarGames-1024x683.jpg,USA,game,video game,english,people playing video game in USA,people playing video game in USA,0.7051
images/USA/game/video game/english/4.png,https://assets.pewresearch.org/wp-content/uploads/sites/1/2018/09/FT_18.09.17_VideoGames_Amajorityofyoungmen.png,USA,game,video game,english,people playing video game in USA,people playing video game in USA,0.7007
images/USA/greeting/greeting/translated/7.jpg,https://static.vecteezy.com/system/resources/previews/008/710/340/non_2x/happy-people-together-celebrating-usa-independence-day-with-people-holding-american-national-flag-can-be-used-for-greeting-card-postcard-banner-poster-print-web-social-media-etc-free-vector.jpg,USA,greeting,greeting,translated,people greeting in USA,people greeting in USA,0.7104
images/USA/greeting/greeting/translated/4.jpg,https://caphetienganh.wordpress.com/wp-content/uploads/2014/03/99950-greeting.jpg,USA,greeting,greeting,translated,people greeting in USA,people greeting in USA,0.6825
images/USA/greeting/greeting/english/5.jpg,https://i0.wp.com/paanluelwel.com/wp-content/uploads/2014/05/obamakiir.jpg?ssl\u003d1,USA,greeting,greeting,english,people greeting in USA,people greeting in USA,0.5789
images/USA/greeting/greeting/english/1.jpg,https://bniamerica.com/img/site/684fb9c287be39002042ea02.jpg,USA,greeting,greeting,english,people greeting in USA,people greeting in USA,0.5693
images/USA/greeting/greeting/translated/6.jpg,https://familyenterpriseusa.com/wp-content/uploads/2025/02/Annual-survey-10-firefly-1080x675.jpg,USA,greeting,greeting,translated,people greeting in USA,people greeting in USA,0.5459
images/USA/greeting/handshake/english/1.jpg,https://t4.ftcdn.net/jpg/07/85/30/71/360_F_785307163_bZfHI3THI5E2MZ5vuZesweMWNCbRNQV7.jpg,USA,greeting,handshake,english,two people greeting with handshake in USA,two people greeting with handshake in USA,0.9258
images/USA/greeting/handshake/english/8.jpg,https://png.pngtree.com/background/20250111/original/pngtree-shaking-hands-of-two-male-people-meeting-shake-office-photo-picture-image_12065338.jpg,USA,greeting,handshake,english,two people greeting with handshake in USA,two people greeting with handshake in USA,0.839
images/USA/greeting/handshake/translated/6.jpg,https://images.stockcake.com/public/8/7/5/8757096a-0fdd-40ba-bc7b-828c7968b6f3_medium/patriotic-handshake-moment-stockcake.jpg,USA,greeting,handshake,translated,two people greeting with handshake in USA,two people greeting with handshake in USA,0.8321
images/USA/greeting/handshake/english/2.jpg,https://jacoblund.com/cdn/shop/products/photo-id-2074476740677-business-people-greeting-each-other-with-a-handshake.jpg?v\u003d1563818631,USA,greeting,handshake,english,two people greeting with handshake in USA,two people greeting with handshake in USA,0.7634
images/USA/greeting/handshake/english/4.jpg,https://hbr.org/resources/images/article_assets/2020/03/Mar20_12_115049941.jpg,USA,greeting,handshake,english,two people greeting with handshake in USA,two people greeting with handshake in USA,0.7582
images/USA/greeting/hug/translated/10.jpg,https://www.goerie.com/gcdn/-mm-/d159eb1898013a7d9557ddbb7688d396eae73eef/c\u003d0-0-1800-1012/local/-/media/2020/08/24/Erie/ghows-PA-200809208-128cccd6.jpg,USA,greeting,hug,translated,two people greeting with hug in USA,two people greeting with hug in USA,0.7147
images/USA/greeting/hug/translated/8.jpg,https://dfjx2uxqg3cgi.cloudfront.net/img/photo/221536/221536_00_2x.jpg?20201116130219,USA,greeting,hug,translated,two people greeting with hug in USA,two people greeting with hug in USA,0.7038
images/USA/greeting/hug/translated/2.jpg,https://us.images.westend61.de/0001741190pw/women-sitting-together-at-a-cafe-greeting-each-other-with-a-hug-two-female-friends-meeting-in-a-cafe-JLPSF14431.jpg,USA,greeting,hug,translated,two people greeting with hug in USA,two people greeting with hug in USA,0.6994
images/USA/greeting/hug/english/4.jpg,https://www.spottedbylocals.com/wp-content/uploads/2024/06/woman-hugging-man-2626723.jpg,USA,greeting,hug,english,two people greeting with hug in USA,two people greeting with hug in USA,0.6884
images/USA/greeting/hug/english/1.jpg,https://jacoblund.com/cdn/shop/products/photo-id-6681520242757-two-female-friends-greeting-each-other-with-a-hug-in-a-cafe_2d0d49b2-cb5c-4dae-80e2-8ee9cdc1f7c3.jpg?v\u003d1641304844,USA,greeting,hug,english,two people greeting with hug in USA,two people greeting with hug in USA,0.6809
images/USA/religious/baptism ceremony/english/2.jpg,https://newsroom.churchofjesuschrist.org/media/640x480/mormon-baptism.jpg,USA,religious,baptism ceremony,english,baptism ceremony in USA,baptism ceremony in USA,0.7622
images/USA/religious/baptism ceremony/english/3.jpg,https://www.annunciationevv.org/uploads/26a33f58d40f432d7139e4db98bcf32aaebd8c32/cnfcewu2tv95g1qybmm9htle5nl.jpg,USA,religious,baptism ceremony,english,baptism ceremony in USA,baptism ceremony in USA,0.7579
images/USA/religious/baptism ceremony/english/10.jpeg,https://www.strongsvilleucc.com/wp-content/uploads/Kennedy-Mustee-Pastor-Heidi.jpeg,USA,religious,baptism ceremony,english,baptism ceremony in USA,baptism ceremony in USA,0.7512
images/USA/religious/baptism ceremony/english/9.jpg,https://images.saymedia-content.com/.image/t_share/MTkyNzg0MDc0NjUyMjY0MTQ0/which-religions-practice-baptism-which-do-not.jpg,USA,religious,baptism ceremony,english,baptism ceremony in USA,baptism ceremony in USA,0.7442
images/USA/religious/baptism ceremony/english/5.jpg,https://beracabaptist.org/wp-content/uploads/2018/10/IMG_3663-e1565222039578.jpg,USA,religious,baptism ceremony,english,baptism ceremony in USA,baptism ceremony in USA,0.7323
images/USA/religious/gospel choir performance/english/9.jpg,https://www.american.edu/cas/performing-arts/music/images/gospel-choir-1901.jpg,USA,religious,gospel choir performance,english,gospel choir performing in USA,gospel choir performing in USA,0.889
images/USA/religious/gospel choir performance/english/1.jpg,https://legacy.playingforchange.com/wp-content/uploads/2017/04/Mississippi-Choir-3.jpg,USA,religious,gospel choir performance,english,gospel choir performing in USA,gospel choir performing in USA,0.8232
images/USA/religious/gospel choir performance/english/3.jpg,https://news.uga.edu/wp-content/uploads/2022/11/SGC_pc_Lorenzo_Di_Nozzi_1_300dpi.jpg,USA,religious,gospel choir performance,english,gospel choir performing in USA,gospel choir performing in USA,0.7993
images/USA/religious/gospel choir performance/english/7.jpg,https://i0.wp.com/www.charlestonsouthern.edu/wp-content/uploads/010_0320-Chapel-scaled.jpg?fit\u003d2048%2C1367\u0026ssl\u003d1,USA,religious,gospel choir performance,english,gospel choir performing in USA,gospel choir performing in USA,0.7678
images/USA/religious/gospel choir performance/english/10.png,https://images.squarespace-cdn.com/content/v1/61eb1685b36cbf3af83219d3/1642796678174-4SIXQKWLH6VZPNCV7N1U/Screen+Shot+2021-09-24+at+12.53.05+AM.png,USA,religious,gospel choir performance,english,gospel choir performing in USA,gospel choir performing in USA,0.7667
images/USA/religious/praying/english/1.jpeg,https://www.vice.com/wp-content/uploads/sites/2/2017/12/1512583782286-IMG_4945.jpeg?w\u003d1024,USA,religious,praying,english,people praying in USA,people praying in USA,0.8084
images/USA/religious/praying/translated/2.png,https://wisconsinmuslimjournal.org/wp-content/uploads/2023/05/Screenshot-2023-05-09-112901.png,USA,religious,praying,translated,people praying in USA,people praying in USA,0.7516
images/USA/religious/praying/translated/7.jpeg,"https://static.wixstatic.com/media/4eeb0b_3618a5dfb8cf44e2a1a422fc5b2c6f3d~mv2.jpeg/v1/fill/w_445,h_223,al_c,lg_1,q_80/4eeb0b_3618a5dfb8cf44e2a1a422fc5b2c6f3d~mv2.jpeg",USA,religious,praying,translated,people praying in USA,people praying in USA,0.724
images/USA/religious/praying/english/10.jpg,"https://media-cldnry.s-nbcnews.com/image/upload/t_fit-560w,f_auto,q_auto:best/streams/2012/August/120817/456622-120816-ramadan-hmed-5p.jpg",USA,religious,praying,english,people praying in USA,people praying in USA,0.7192
images/USA/religious/praying/english/9.jpg,https://s3.us-east-1.amazonaws.com/gbod-assets/generic/Stock-Praying-outside-1160x636.jpg,USA,religious,praying,english,people praying in USA,people praying in USA,0.6951
images/USA/religious/religious/english/10.jpg,https://sdcatholic.org/wp-content/uploads/2024/07/HC-Who-we-are.jpg,USA,religious,religious,english,people participating in a traditional religious event in USA,people participating in a traditional religious event in USA,0.7659
images/USA/religious/religious/english/9.jpg,https://viacampesina.org/en/wp-content/uploads/sites/2/2024/10/IMG_1676-scaled.jpg,USA,religious,religious,english,people participating in a traditional religious event in USA,people participating in a traditional religious event in USA,0.7021
images/USA/religious/religious/english/4.jpg,https://www.aljazeera.com/wp-content/uploads/2024/10/AFP__20241031__36LB7ZY__v1__HighRes__IndiaReligionFestival-1730384149.jpg?resize\u003d1800%2C1800,USA,religious,religious,english,people participating in a traditional religious event in USA,people participating in a traditional religious event in USA,0.7004
images/USA/religious/religious/english/7.png,https://www.pewresearch.org/wp-content/uploads/sites/20/2025/02/PR_2025.02.26_religious-landscape-study_09-03.png?w\u003d840,USA,religious,religious,english,people participating in a traditional religious event in USA,people participating in a traditional religious event in USA,0.6954
images/USA/religious/religious/english/1.png,https://www.pewresearch.org/wp-content/uploads/sites/20/2025/02/PR_2025.02.26_religious-landscape-study_08-01.png?w\u003d840,USA,religious,religious,english,people participating in a traditional religious event in USA,people participating in a traditional religious event in USA,0.6793
images/USA/wedding/wedding/english/5.jpg,https://static01.nyt.com/images/2022/07/31/fashion/26LINCOLNCENTER-REWEDDING1/merlin_209982966_920bfff9-313a-41d5-99ad-436ad84cb027-superJumbo.jpg,USA,wedding,wedding,english,wedding celebration in USA,wedding celebration in USA,0.6589
images/USA/wedding/wedding/english/8.jpg,https://blogger.googleusercontent.com/img/b/R29vZ2xl/AVvXsEhOUyh65ddQjdY58a97PVhVdpV5v-Ai0qG0BAD0iJlxKLfAc7EaCGW5pWAM1O9KN8QYC1inDMyGmHshweM2aFZYtSFUteJhn_P9OxyTetf-5teJO2cCfnXJqSbUlGIvxhIGsqQnmC1zTSKj/s600-c/temecula-creek-inn-wedding-natalie-schutt-photography-miss-usa.jpg,USA,wedding,wedding,english,wedding celebration in USA,wedding celebration in USA,0.6473
images/USA/wedding/wedding/english/10.jpg,https://i.etsystatic.com/15086211/r/il/9847b1/2992127157/il_1080xN.2992127157_ij7d.jpg,USA,wedding,wedding,english,wedding celebration in USA,wedding celebration in USA,0.6042
images/USA/wedding/wedding/english/6.jpg,https://www.smashingtheglass.com/wp-content/uploads/2023/03/Samantha-and-Jacob-Four-Seasons-Midtown-Atlanta-USA_0063.jpg,USA,wedding,wedding,english,wedding celebration in USA,wedding celebration in USA,0.5846
images/USA/wedding/wedding/english/4.jpg,https://wezoree.com/upload/iblock/244/iphvlin7ypxxix9pqdib2lsjr9qdf6e4.jpg,USA,wedding,wedding,english,wedding celebration in USA,wedding celebration in USA,0.5813
